Workbook
Name SegmentaçãodeDados_CLUBE: #REF!
Name SegmentaçãodeDados_Visitante: #REF!

Sheet CAL
A1: DATAA | B1: IDCLUBE | C1: GM | D1: GV | E1: pc | F1: vitc | G1: empc | H1: derc | I1: csc | J1: IDCLUBE | K1: gc | L1: gf | M1: pf | N1: vit | O1: empf | P1: derf | Q1: csf | R1: CAMP | S1: Coluna1 | T1: Coluna2 | U1: 1 | V1: 2 | W1: 3 | X1: 4 | Y1: 5 | Z1: 6 | AA1: 7 | AB1: 8 | AC1: 9 | AD1: 10 | AE1: 11 | AF1: 12
A2: 46028 | B2: maracanace | C2: 0 | D2: 1 | E2: =IF(C2="","",IF(C2>D2,3,IF(C2=D2,1,0))) -> 0 | F2: =IF(C2="","",IF(C2>D2,1,0)) -> 0 | G2: =IF(C2="","",IF(C2=D2,1,0)) -> 0 | H2: =IF(C2="","",IF(C2<D2,1,0)) -> 1 | I2: =IF(D2=0,1,0) -> 0 | J2: ferroviarioce | K2: =C2 -> 0 | L2: =D2 -> 1 | M2: =IF(D2="","",IF(D2>C2,3,IF(D2=C2,1,0))) -> 3 | N2: =IF(D2="","",IF(D2>C2,1,0)) -> 1 | O2: =IF(D2="","",IF(D2=C2,1,0)) -> 0 | P2: =IF(D2="","",IF(D2<C2,1,0)) -> 0 | Q2: =IF(K2=0,1,0) -> 1 | R2: ce1 | S2: =C2 -> 0 | T2: =D2 -> 1 | U2: 1003
A3: 46028 | B3: saojoseensepr | C3: 2 | D3: 0 | E3: =IF(C3="","",IF(C3>D3,3,0)) -> 3 | F3: =IF(C3="","",IF(C3>D3,1,0)) -> 1 | G3: =IF(C3="","",IF(C3=D3,1,0)) -> 0 | H3: =IF(C3="","",IF(C3<D3,1,0)) -> 0 | I3: =IF(D3=0,1,0) -> 1 | J3: galomaringapr | K3: =C3 -> 2 | L3: =D3 -> 0 | M3: =IF(D3="","",IF(D3>C3,3,IF(D3=C3,1,0))) -> 0 | N3: =IF(D3="","",IF(D3>C3,1,0)) -> 0 | O3: =IF(D3="","",IF(D3=C3,1,0)) -> 0 | P3: =IF(D3="","",IF(D3<C3,1,0)) -> 1 | Q3: =IF(K3=0,1,0) -> 0 | R3: pr1 | S3: =C3 -> 2 | T3: =D3 -> 0 | U3: 1001 | V3: 1002
A4: 46028 | B4: chapecoensesc | C4: 1 | D4: 1 | E4: =IF(C4="","",IF(C4>D4,3,IF(C4=D4,1,0))) -> 1 | F4: =IF(C4="","",IF(C4>D4,1,0)) -> 0 | G4: =IF(C4="","",IF(C4=D4,1,0)) -> 1 | H4: =IF(C4="","",IF(C4<D4,1,0)) -> 0 | I4: =IF(D4=0,1,0) -> 0 | J4: brusquesc | K4: =C4 -> 1 | L4: =D4 -> 1 | M4: =IF(D4="","",IF(D4>C4,3,IF(D4=C4,1,0))) -> 1 | N4: =IF(D4="","",IF(D4>C4,1,0)) -> 0 | O4: =IF(D4="","",IF(D4=C4,1,0)) -> 1 | P4: =IF(D4="","",IF(D4<C4,1,0)) -> 0 | Q4: =IF(K4=0,1,0) -> 0 | R4: sc1 | S4: =C4 -> 1 | T4: =D4 -> 1 | U4: 1004 | V4: 1005
A5: 46028 | B5: santacatarinasc | C5: 2 | D5: 2 | E5: =IF(C5="","",IF(C5>D5,3,IF(C5=D5,1,0))) -> 1 | F5: =IF(C5="","",IF(C5>D5,1,0)) -> 0 | G5: =IF(C5="","",IF(C5=D5,1,0)) -> 1 | H5: =IF(C5="","",IF(C5<D5,1,0)) -> 0 | I5: =IF(D5=0,1,0) -> 0 | J5: camboriusc | K5: =C5 -> 2 | L5: =D5 -> 2 | M5: =IF(D5="","",IF(D5>C5,3,IF(D5=C5,1,0))) -> 1 | N5: =IF(D5="","",IF(D5>C5,1,0)) -> 0 | O5: =IF(D5="","",IF(D5=C5,1,0)) -> 1 | P5: =IF(D5="","",IF(D5<C5,1,0)) -> 0 | Q5: =IF(K5=0,1,0) -> 0 | R5: sc1 | S5: =C5 -> 2 | T5: =D5 -> 2 | U5: 1006 | V5: 1006 | W5: 1007 | X5: 1008
A6: 46029 | B6: tirolce | C6: 0 | D6: 2 | E6: =IF(C6="","",IF(C6>D6,3,IF(C6=D6,1,0))) -> 0 | F6: =IF(C6="","",IF(C6>D6,1,0)) -> 0 | G6: =IF(C6="","",IF(C6=D6,1,0)) -> 0 | H6: =IF(C6="","",IF(C6<D6,1,0)) -> 1 | I6: =IF(D6=0,1,0) -> 0 | J6: florestace | K6: =C6 -> 0 | L6: =D6 -> 2 | M6: =IF(D6="","",IF(D6>C6,3,IF(D6=C6,1,0))) -> 3 | N6: =IF(D6="","",IF(D6>C6,1,0)) -> 1 | O6: =IF(D6="","",IF(D6=C6,1,0)) -> 0 | P6: =IF(D6="","",IF(D6<C6,1,0)) -> 0 | Q6: =IF(K6=0,1,0) -> 1 | R6: ce1 | S6: =C6 -> 0 | T6: =D6 -> 2 | U6: 1022 | V6: 1023
A7: 46029 | B7: horizontece | C7: 0 | D7: 0 | E7: =IF(C7="","",IF(C7>D7,3,IF(C7=D7,1,0))) -> 1 | F7: =IF(C7="","",IF(C7>D7,1,0)) -> 0 | G7: =IF(C7="","",IF(C7=D7,1,0)) -> 1 | H7: =IF(C7="","",IF(C7<D7,1,0)) -> 0 | I7: =IF(D7=0,1,0) -> 1 | J7: quixadace | K7: =C7 -> 0 | L7: =D7 -> 0 | M7: =IF(D7="","",IF(D7>C7,3,IF(D7=C7,1,0))) -> 1 | N7: =IF(D7="","",IF(D7>C7,1,0)) -> 0 | O7: =IF(D7="","",IF(D7=C7,1,0)) -> 1 | P7: =IF(D7="","",IF(D7<C7,1,0)) -> 0 | Q7: =IF(K7=0,1,0) -> 1 | R7: ce1 | S7: =C7 -> 0 | T7: =D7 -> 0
A8: 46029 | B8: londrinapr | C8: 2 | D8: 0 | E8: =IF(C8="","",IF(C8>D8,3,IF(C8=D8,1,0))) -> 3 | F8: =IF(C8="","",IF(C8>D8,1,0)) -> 1 | G8: =IF(C8="","",IF(C8=D8,1,0)) -> 0 | H8: =IF(C8="","",IF(C8<D8,1,0)) -> 0 | I8: =IF(D8=0,1,0) -> 1 | J8: operariopr | K8: =C8 -> 2 | L8: =D8 -> 0 | M8: =IF(D8="","",IF(D8>C8,3,IF(D8=C8,1,0))) -> 0 | N8: =IF(D8="","",IF(D8>C8,1,0)) -> 0 | O8: =IF(D8="","",IF(D8=C8,1,0)) -> 0 | P8: =IF(D8="","",IF(D8<C8,1,0)) -> 1 | Q8: =IF(K8=0,1,0) -> 0 | R8: pr1 | S8: =C8 -> 2 | T8: =D8 -> 0 | U8: 1009 | V8: 1010
A9: 46029 | B9: cianortepr | C9: 3 | D9: 3 | E9: =IF(C9="","",IF(C9>D9,3,IF(C9=D9,1,0))) -> 1 | F9: =IF(C9="","",IF(C9>D9,1,0)) -> 0 | G9: =IF(C9="","",IF(C9=D9,1,0)) -> 1 | H9: =IF(C9="","",IF(C9<D9,1,0)) -> 0 | I9: =IF(D9=0,1,0) -> 0 | J9: maringapr | K9: =C9 -> 3 | L9: =D9 -> 3 | M9: =IF(D9="","",IF(D9>C9,3,IF(D9=C9,1,0))) -> 1 | N9: =IF(D9="","",IF(D9>C9,1,0)) -> 0 | O9: =IF(D9="","",IF(D9=C9,1,0)) -> 1 | P9: =IF(D9="","",IF(D9<C9,1,0)) -> 0 | Q9: =IF(K9=0,1,0) -> 0 | R9: pr1 | S9: =C9 -> 3 | T9: =D9 -> 3 | U9: 1011 | V9: 1012 | W9: 1013 | X9: 1014 | Y9: 1015 | Z9: 1016
A10: 46029 | B10: coritibapr | C10: 2 | D10: 3 | E10: =IF(C10="","",IF(C10>D10,3,IF(C10=D10,1,0))) -> 0 | F10: =IF(C10="","",IF(C10>D10,1,0)) -> 0 | G10: =IF(C10="","",IF(C10=D10,1,0)) -> 0 | H10: =IF(C10="","",IF(C10<D10,1,0)) -> 1 | I10: =IF(D10=0,1,0) -> 0 | J10: fozdoiguacupr | K10: =C10 -> 2 | L10: =D10 -> 3 | M10: =IF(D10="","",IF(D10>C10,3,IF(D10=C10,1,0))) -> 3 | N10: =IF(D10="","",IF(D10>C10,1,0)) -> 1 | O10: =IF(D10="","",IF(D10=C10,1,0)) -> 0 | P10: =IF(D10="","",IF(D10<C10,1,0)) -> 0 | Q10: =IF(K10=0,1,0) -> 0 | R10: pr1 | S10: =C10 -> 2 | T10: =D10 -> 3 | U10: 1017 | V10: 1018 | W10: 1019 | X10: 1020 | Y10: 1021
A11: 46029 | B11: marciliodiassc | C11: 2 | D11: 0 | E11: =IF(C11="","",IF(C11>D11,3,IF(C11=D11,1,0))) -> 3 | F11: =IF(C11="","",IF(C11>D11,1,0)) -> 1 | G11: =IF(C11="","",IF(C11=D11,1,0)) -> 0 | H11: =IF(C11="","",IF(C11<D11,1,0)) -> 0 | I11: =IF(D11=0,1,0) -> 1 | J11: criciumasc | K11: =C11 -> 2 | L11: =D11 -> 0 | M11: =IF(D11="","",IF(D11>C11,3,IF(D11=C11,1,0))) -> 0 | N11: =IF(D11="","",IF(D11>C11,1,0)) -> 0 | O11: =IF(D11="","",IF(D11=C11,1,0)) -> 0 | P11: =IF(D11="","",IF(D11<C11,1,0)) -> 1 | Q11: =IF(K11=0,1,0) -> 0 | R11: sc1 | S11: =C11 -> 2 | T11: =D11 -> 0 | U11: 1024 | V11: 1025
A12: 46029 | B12: joinvillesc | C12: 2 | D12: 3 | E12: =IF(C12="","",IF(C12>D12,3,IF(C12=D12,1,0))) -> 0 | F12: =IF(C12="","",IF(C12>D12,1,0)) -> 0 | G12: =IF(C12="","",IF(C12=D12,1,0)) -> 0 | H12: =IF(C12="","",IF(C12<D12,1,0)) -> 1 | I12: =IF(D12=0,1,0) -> 0 | J12: figueirensesc | K12: =C12 -> 2 | L12: =D12 -> 3 | M12: =IF(D12="","",IF(D12>C12,3,IF(D12=C12,1,0))) -> 3 | N12: =IF(D12="","",IF(D12>C12,1,0)) -> 1 | O12: =IF(D12="","",IF(D12=C12,1,0)) -> 0 | P12: =IF(D12="","",IF(D12<C12,1,0)) -> 0 | Q12: =IF(K12=0,1,0) -> 0 | R12: sc1 | S12: =C12 -> 2 | T12: =D12 -> 3 | U12: 1026 | V12: 1027 | W12: 1028 | X12: 1029 | Y12: 1030
A13: 46029 | B13: avaisc | C13: 2 | D13: 1 | E13: =IF(C13="","",IF(C13>D13,3,IF(C13=D13,1,0))) -> 3 | F13: =IF(C13="","",IF(C13>D13,1,0)) -> 1 | G13: =IF(C13="","",IF(C13=D13,1,0)) -> 0 | H13: =IF(C13="","",IF(C13<D13,1,0)) -> 0 | I13: =IF(D13=0,1,0) -> 0 | J13: barrasc | K13: =C13 -> 2 | L13: =D13 -> 1 | M13: =IF(D13="","",IF(D13>C13,3,IF(D13=C13,1,0))) -> 0 | N13: =IF(D13="","",IF(D13>C13,1,0)) -> 0 | O13: =IF(D13="","",IF(D13=C13,1,0)) -> 0 | P13: =IF(D13="","",IF(D13<C13,1,0)) -> 1 | Q13: =IF(K13=0,1,0) -> 0 | R13: sc1 | S13: =C13 -> 2 | T13: =D13 -> 1 | U13: 1031 | V13: 1032 | W13: 1033
A14: 46029 | B14: vitoriaes | C14: 5 | D14: 1 | E14: =IF(C14="","",IF(C14>D14,3,IF(C14=D14,1,0))) -> 3 | F14: =IF(C14="","",IF(C14>D14,1,0)) -> 1 | G14: =IF(C14="","",IF(C14=D14,1,0)) -> 0 | H14: =IF(C14="","",IF(C14<D14,1,0)) -> 0 | I14: =IF(D14=0,1,0) -> 0 | J14: riobrancoes | K14: =C14 -> 5 | L14: =D14 -> 1 | M14: =IF(D14="","",IF(D14>C14,3,IF(D14=C14,1,0))) -> 0 | N14: =IF(D14="","",IF(D14>C14,1,0)) -> 0 | O14: =IF(D14="","",IF(D14=C14,1,0)) -> 0 | P14: =IF(D14="","",IF(D14<C14,1,0)) -> 1 | Q14: =IF(K14=0,1,0) -> 0 | R14: sces | S14: =C14 -> 5 | T14: =D14 -> 1 | U14: 1034 | V14: 1034 | W14: 1035 | X14: 1036 | Y14: 1036 | Z14: 1037
A15: 46030 | B15: iguatuce | C15: 2 | D15: 0 | E15: =IF(C15="","",IF(C15>D15,3,IF(C15=D15,1,0))) -> 3 | F15: =IF(C15="","",IF(C15>D15,1,0)) -> 1 | G15: =IF(C15="","",IF(C15=D15,1,0)) -> 0 | H15: =IF(C15="","",IF(C15<D15,1,0)) -> 0 | I15: =IF(D15=0,1,0) -> 1 | J15: maranguapece | K15: =C15 -> 2 | L15: =D15 -> 0 | M15: =IF(D15="","",IF(D15>C15,3,IF(D15=C15,1,0))) -> 0 | N15: =IF(D15="","",IF(D15>C15,1,0)) -> 0 | O15: =IF(D15="","",IF(D15=C15,1,0)) -> 0 | P15: =IF(D15="","",IF(D15<C15,1,0)) -> 1 | Q15: =IF(K15=0,1,0) -> 0 | R15: ce1 | S15: =C15 -> 2 | T15: =D15 -> 0 | U15: 1041 | V15: 1042
A16: 46030 | B16: cascavelpr | C16: 0 | D16: 0 | E16: =IF(C16="","",IF(C16>D16,3,IF(C16=D16,1,0))) -> 1 | F16: =IF(C16="","",IF(C16>D16,1,0)) -> 0 | G16: =IF(C16="","",IF(C16=D16,1,0)) -> 1 | H16: =IF(C16="","",IF(C16<D16,1,0)) -> 0 | I16: =IF(D16=0,1,0) -> 1 | J16: azurizpr | K16: =C16 -> 0 | L16: =D16 -> 0 | M16: =IF(D16="","",IF(D16>C16,3,IF(D16=C16,1,0))) -> 1 | N16: =IF(D16="","",IF(D16>C16,1,0)) -> 0 | O16: =IF(D16="","",IF(D16=C16,1,0)) -> 1 | P16: =IF(D16="","",IF(D16<C16,1,0)) -> 0 | Q16: =IF(K16=0,1,0) -> 1 | R16: pr1 | S16: =C16 -> 0 | T16: =D16 -> 0
A17: 46030 | B17: andrauspr | C17: 1 | D17: 2 | E17: =IF(C17="","",IF(C17>D17,3,IF(C17=D17,1,0))) -> 0 | F17: =IF(C17="","",IF(C17>D17,1,0)) -> 0 | G17: =IF(C17="","",IF(C17=D17,1,0)) -> 0 | H17: =IF(C17="","",IF(C17<D17,1,0)) -> 1 | I17: =IF(D17=0,1,0) -> 0 | J17: athleticopr | K17: =C17 -> 1 | L17: =D17 -> 2 | M17: =IF(D17="","",IF(D17>C17,3,IF(D17=C17,1,0))) -> 3 | N17: =IF(D17="","",IF(D17>C17,1,0)) -> 1 | O17: =IF(D17="","",IF(D17=C17,1,0)) -> 0 | P17: =IF(D17="","",IF(D17<C17,1,0)) -> 0 | Q17: =IF(K17=0,1,0) -> 0 | R17: pr1 | S17: =C17 -> 1 | T17: =D17 -> 2 | U17: 1038 | V17: 1039 | W17: 1040
A18: 46030 | B18: carlosrenauxsc | C18: 0 | D18: 1 | E18: =IF(C18="","",IF(C18>D18,3,IF(C18=D18,1,0))) -> 0 | F18: =IF(C18="","",IF(C18>D18,1,0)) -> 0 | G18: =IF(C18="","",IF(C18=D18,1,0)) -> 0 | H18: =IF(C18="","",IF(C18<D18,1,0)) -> 1 | I18: =IF(D18=0,1,0) -> 0 | J18: concordiasc | K18: =C18 -> 0 | L18: =D18 -> 1 | M18: =IF(D18="","",IF(D18>C18,3,IF(D18=C18,1,0))) -> 3 | N18: =IF(D18="","",IF(D18>C18,1,0)) -> 1 | O18: =IF(D18="","",IF(D18=C18,1,0)) -> 0 | P18: =IF(D18="","",IF(D18<C18,1,0)) -> 0 | Q18: =IF(K18=0,1,0) -> 1 | R18: sc1 | S18: =C18 -> 0 | T18: =D18 -> 1 | U18: 1043
A19: 46031 | B19: retrope | C19: 4 | D19: 0 | E19: =IF(C19="","",IF(C19>D19,3,IF(C19=D19,1,0))) -> 3 | F19: =IF(C19="","",IF(C19>D19,1,0)) -> 1 | G19: =IF(C19="","",IF(C19=D19,1,0)) -> 0 | H19: =IF(C19="","",IF(C19<D19,1,0)) -> 0 | I19: =IF(D19=0,1,0) -> 1 | J19: vitoriape | K19: =C19 -> 4 | L19: =D19 -> 0 | M19: =IF(D19="","",IF(D19>C19,3,IF(D19=C19,1,0))) -> 0 | N19: =IF(D19="","",IF(D19>C19,1,0)) -> 0 | O19: =IF(D19="","",IF(D19=C19,1,0)) -> 0 | P19: =IF(D19="","",IF(D19<C19,1,0)) -> 1 | Q19: =IF(K19=0,1,0) -> 0 | R19: pe1 | S19: =C19 -> 4 | T19: =D19 -> 0 | U19: 1044 | V19: 1045 | W19: 1046 | X19: 1047
A20: 46031 | B20: nauticope | C20: 2 | D20: 0 | E20: =IF(C20="","",IF(C20>D20,3,IF(C20=D20,1,0))) -> 3 | F20: =IF(C20="","",IF(C20>D20,1,0)) -> 1 | G20: =IF(C20="","",IF(C20=D20,1,0)) -> 0 | H20: =IF(C20="","",IF(C20<D20,1,0)) -> 0 | I20: =IF(D20=0,1,0) -> 1 | J20: maguarype | K20: =C20 -> 2 | L20: =D20 -> 0 | M20: =IF(D20="","",IF(D20>C20,3,IF(D20=C20,1,0))) -> 0 | N20: =IF(D20="","",IF(D20>C20,1,0)) -> 0 | O20: =IF(D20="","",IF(D20=C20,1,0)) -> 0 | P20: =IF(D20="","",IF(D20<C20,1,0)) -> 1 | Q20: =IF(K20=0,1,0) -> 0 | R20: pe1 | S20: =C20 -> 2 | T20: =D20 -> 0 | U20: 1048 | V20: 1048
A21: 46031 | B21: osascosp | C21: 0 | D21: 0 | E21: =IF(C21="","",IF(C21>D21,3,IF(C21=D21,1,0))) -> 1 | F21: =IF(C21="","",IF(C21>D21,1,0)) -> 0 | G21: =IF(C21="","",IF(C21=D21,1,0)) -> 1 | H21: =IF(C21="","",IF(C21<D21,1,0)) -> 0 | I21: =IF(D21=0,1,0) -> 1 | J21: ferroviariasp | K21: =C21 -> 0 | L21: =D21 -> 0 | M21: =IF(D21="","",IF(D21>C21,3,IF(D21=C21,1,0))) -> 1 | N21: =IF(D21="","",IF(D21>C21,1,0)) -> 0 | O21: =IF(D21="","",IF(D21=C21,1,0)) -> 1 | P21: =IF(D21="","",IF(D21<C21,1,0)) -> 0 | Q21: =IF(K21=0,1,0) -> 1 | R21: sp2 | S21: =C21 -> 0 | T21: =D21 -> 0
A22: 46032 | B22: crbal | C22: 1 | D22: 0 | E22: =IF(C22="","",IF(C22>D22,3,IF(C22=D22,1,0))) -> 3 | F22: =IF(C22="","",IF(C22>D22,1,0)) -> 1 | G22: =IF(C22="","",IF(C22=D22,1,0)) -> 0 | H22: =IF(C22="","",IF(C22<D22,1,0)) -> 0 | I22: =IF(D22=0,1,0) -> 1 | J22: cseal | K22: =C22 -> 1 | L22: =D22 -> 0 | M22: =IF(D22="","",IF(D22>C22,3,IF(D22=C22,1,0))) -> 0 | N22: =IF(D22="","",IF(D22>C22,1,0)) -> 0 | O22: =IF(D22="","",IF(D22=C22,1,0)) -> 0 | P22: =IF(D22="","",IF(D22<C22,1,0)) -> 1 | Q22: =IF(K22=0,1,0) -> 0 | R22: al1 | S22: =C22 -> 1 | T22: =D22 -> 0 | U22: 1093
A23: 46032 | B23: penedenseal | C23: 1 | D23: 0 | E23: =IF(C23="","",IF(C23>D23,3,IF(C23=D23,1,0))) -> 3 | F23: =IF(C23="","",IF(C23>D23,1,0)) -> 1 | G23: =IF(C23="","",IF(C23=D23,1,0)) -> 0 | H23: =IF(C23="","",IF(C23<D23,1,0)) -> 0 | I23: =IF(D23=0,1,0) -> 1 | J23: cruzeiroal | K23: =C23 -> 1 | L23: =D23 -> 0 | M23: =IF(D23="","",IF(D23>C23,3,IF(D23=C23,1,0))) -> 0 | N23: =IF(D23="","",IF(D23>C23,1,0)) -> 0 | O23: =IF(D23="","",IF(D23=C23,1,0)) -> 0 | P23: =IF(D23="","",IF(D23<C23,1,0)) -> 1 | Q23: =IF(K23=0,1,0) -> 0 | R23: al1 | S23: =C23 -> 1 | T23: =D23 -> 0 | U23: 1094
A24: 46032 | B24: asaal | C24: 0 | D24: 0 | E24: =IF(C24="","",IF(C24>D24,3,IF(C24=D24,1,0))) -> 1 | F24: =IF(C24="","",IF(C24>D24,1,0)) -> 0 | G24: =IF(C24="","",IF(C24=D24,1,0)) -> 1 | H24: =IF(C24="","",IF(C24<D24,1,0)) -> 0 | I24: =IF(D24=0,1,0) -> 1 | J24: muricial | K24: =C24 -> 0 | L24: =D24 -> 0 | M24: =IF(D24="","",IF(D24>C24,3,IF(D24=C24,1,0))) -> 1 | N24: =IF(D24="","",IF(D24>C24,1,0)) -> 0 | O24: =IF(D24="","",IF(D24=C24,1,0)) -> 1 | P24: =IF(D24="","",IF(D24<C24,1,0)) -> 0 | Q24: =IF(K24=0,1,0) -> 1 | R24: al1 | S24: =C24 -> 0 | T24: =D24 -> 0
A25: 46032 | B25: amazonasam | C25: 3 | D25: 0 | E25: =IF(C25="","",IF(C25>D25,3,IF(C25=D25,1,0))) -> 3 | F25: =IF(C25="","",IF(C25>D25,1,0)) -> 1 | G25: =IF(C25="","",IF(C25=D25,1,0)) -> 0 | H25: =IF(C25="","",IF(C25<D25,1,0)) -> 0 | I25: =IF(D25=0,1,0) -> 1 | J25: saoraimundoam | K25: =C25 -> 3 | L25: =D25 -> 0 | M25: =IF(D25="","",IF(D25>C25,3,IF(D25=C25,1,0))) -> 0 | N25: =IF(D25="","",IF(D25>C25,1,0)) -> 0 | O25: =IF(D25="","",IF(D25=C25,1,0)) -> 0 | P25: =IF(D25="","",IF(D25<C25,1,0)) -> 1 | Q25: =IF(K25=0,1,0) -> 0 | R25: am1 | S25: =C25 -> 3 | T25: =D25 -> 0 | U25: 1107 | V25: 1108 | W25: 1109
A26: 46032 | B26: vitoriaba | C26: 0 | D26: 0 | E26: =IF(C26="","",IF(C26>D26,3,IF(C26=D26,1,0))) -> 1 | F26: =IF(C26="","",IF(C26>D26,1,0)) -> 0 | G26: =IF(C26="","",IF(C26=D26,1,0)) -> 1 | H26: =IF(C26="","",IF(C26<D26,1,0)) -> 0 | I26: =IF(D26=0,1,0) -> 1 | J26: atleticoba | K26: =C26 -> 0 | L26: =D26 -> 0 | M26: =IF(D26="","",IF(D26>C26,3,IF(D26=C26,1,0))) -> 1 | N26: =IF(D26="","",IF(D26>C26,1,0)) -> 0 | O26: =IF(D26="","",IF(D26=C26,1,0)) -> 1 | P26: =IF(D26="","",IF(D26<C26,1,0)) -> 0 | Q26: =IF(K26=0,1,0) -> 1 | R26: ba1 | S26: =C26 -> 0 | T26: =D26 -> 0
A27: 46032 | B27: portoba | C27: 3 | D27: 2 | E27: =IF(C27="","",IF(C27>D27,3,IF(C27=D27,1,0))) -> 3 | F27: =IF(C27="","",IF(C27>D27,1,0)) -> 1 | G27: =IF(C27="","",IF(C27=D27,1,0)) -> 0 | H27: =IF(C27="","",IF(C27<D27,1,0)) -> 0 | I27: =IF(D27=0,1,0) -> 0 | J27: jacuipenseba | K27: =C27 -> 3 | L27: =D27 -> 2 | M27: =IF(D27="","",IF(D27>C27,3,IF(D27=C27,1,0))) -> 0 | N27: =IF(D27="","",IF(D27>C27,1,0)) -> 0 | O27: =IF(D27="","",IF(D27=C27,1,0)) -> 0 | P27: =IF(D27="","",IF(D27<C27,1,0)) -> 1 | Q27: =IF(K27=0,1,0) -> 0 | R27: ba1 | S27: =C27 -> 3 | T27: =D27 -> 2 | U27: 1084 | V27: 1085 | W27: 1086 | X27: 1087 | Y27: 1088
A28: 46032 | B28: florestace | C28: 0 | D28: 1 | E28: =IF(C28="","",IF(C28>D28,3,IF(C28=D28,1,0))) -> 0 | F28: =IF(C28="","",IF(C28>D28,1,0)) -> 0 | G28: =IF(C28="","",IF(C28=D28,1,0)) -> 0 | H28: =IF(C28="","",IF(C28<D28,1,0)) -> 1 | I28: =IF(D28=0,1,0) -> 0 | J28: cearace | K28: =C28 -> 0 | L28: =D28 -> 1 | M28: =IF(D28="","",IF(D28>C28,3,IF(D28=C28,1,0))) -> 3 | N28: =IF(D28="","",IF(D28>C28,1,0)) -> 1 | O28: =IF(D28="","",IF(D28=C28,1,0)) -> 0 | P28: =IF(D28="","",IF(D28<C28,1,0)) -> 0 | Q28: =IF(K28=0,1,0) -> 1 | R28: ce1 | S28: =C28 -> 0 | T28: =D28 -> 1 | U28: 1075
A29: 46032 | B29: quixadace | C29: 1 | D29: 0 | E29: =IF(C29="","",IF(C29>D29,3,IF(C29=D29,1,0))) -> 3 | F29: =IF(C29="","",IF(C29>D29,1,0)) -> 1 | G29: =IF(C29="","",IF(C29=D29,1,0)) -> 0 | H29: =IF(C29="","",IF(C29<D29,1,0)) -> 0 | I29: =IF(D29=0,1,0) -> 1 | J29: maracanace | K29: =C29 -> 1 | L29: =D29 -> 0 | M29: =IF(D29="","",IF(D29>C29,3,IF(D29=C29,1,0))) -> 0 | N29: =IF(D29="","",IF(D29>C29,1,0)) -> 0 | O29: =IF(D29="","",IF(D29=C29,1,0)) -> 0 | P29: =IF(D29="","",IF(D29<C29,1,0)) -> 1 | Q29: =IF(K29=0,1,0) -> 0 | R29: ce1 | S29: =C29 -> 1 | T29: =D29 -> 0 | U29: 9999
A30: 46032 | B30: paranoadf | C30: 0 | D30: 1 | E30: =IF(C30="","",IF(C30>D30,3,IF(C30=D30,1,0))) -> 0 | F30: =IF(C30="","",IF(C30>D30,1,0)) -> 0 | G30: =IF(C30="","",IF(C30=D30,1,0)) -> 0 | H30: =IF(C30="","",IF(C30<D30,1,0)) -> 1 | I30: =IF(D30=0,1,0) -> 0 | J30: arucdf | K30: =C30 -> 0 | L30: =D30 -> 1 | M30: =IF(D30="","",IF(D30>C30,3,IF(D30=C30,1,0))) -> 3 | N30: =IF(D30="","",IF(D30>C30,1,0)) -> 1 | O30: =IF(D30="","",IF(D30=C30,1,0)) -> 0 | P30: =IF(D30="","",IF(D30<C30,1,0)) -> 0 | Q30: =IF(K30=0,1,0) -> 1 | R30: df1 | S30: =C30 -> 0 | T30: =D30 -> 1 | U30: 1121
A31: 46032 | B31: brasiliensedf | C31: 4 | D31: 0 | E31: =IF(C31="","",IF(C31>D31,3,IF(C31=D31,1,0))) -> 3 | F31: =IF(C31="","",IF(C31>D31,1,0)) -> 1 | G31: =IF(C31="","",IF(C31=D31,1,0)) -> 0 | H31: =IF(C31="","",IF(C31<D31,1,0)) -> 0 | I31: =IF(D31=0,1,0) -> 1 | J31: brasiliadf | K31: =C31 -> 4 | L31: =D31 -> 0 | M31: =IF(D31="","",IF(D31>C31,3,IF(D31=C31,1,0))) -> 0 | N31: =IF(D31="","",IF(D31>C31,1,0)) -> 0 | O31: =IF(D31="","",IF(D31=C31,1,0)) -> 0 | P31: =IF(D31="","",IF(D31<C31,1,0)) -> 1 | Q31: =IF(K31=0,1,0) -> 0 | R31: df1 | S31: =C31 -> 4 | T31: =D31 -> 0 | U31: 1122 | V31: 1123 | W31: 1124 | X31: 1125
A32: 46032 | B32: ceilandiadf | C32: 1 | D32: 1 | E32: =IF(C32="","",IF(C32>D32,3,IF(C32=D32,1,0))) -> 1 | F32: =IF(C32="","",IF(C32>D32,1,0)) -> 0 | G32: =IF(C32="","",IF(C32=D32,1,0)) -> 1 | H32: =IF(C32="","",IF(C32<D32,1,0)) -> 0 | I32: =IF(D32=0,1,0) -> 0 | J32: sobradinhodf | K32: =C32 -> 1 | L32: =D32 -> 1 | M32: =IF(D32="","",IF(D32>C32,3,IF(D32=C32,1,0))) -> 1 | N32: =IF(D32="","",IF(D32>C32,1,0)) -> 0 | O32: =IF(D32="","",IF(D32=C32,1,0)) -> 1 | P32: =IF(D32="","",IF(D32<C32,1,0)) -> 0 | Q32: =IF(K32=0,1,0) -> 0 | R32: df1 | S32: =C32 -> 1 | T32: =D32 -> 1 | U32: 1126 | V32: 1127
A33: 46032 | B33: gamadf | C33: 1 | D33: 0 | E33: =IF(C33="","",IF(C33>D33,3,IF(C33=D33,1,0))) -> 3 | F33: =IF(C33="","",IF(C33>D33,1,0)) -> 1 | G33: =IF(C33="","",IF(C33=D33,1,0)) -> 0 | H33: =IF(C33="","",IF(C33<D33,1,0)) -> 0 | I33: =IF(D33=0,1,0) -> 1 | J33: realbrasiliadf | K33: =C33 -> 1 | L33: =D33 -> 0 | M33: =IF(D33="","",IF(D33>C33,3,IF(D33=C33,1,0))) -> 0 | N33: =IF(D33="","",IF(D33>C33,1,0)) -> 0 | O33: =IF(D33="","",IF(D33=C33,1,0)) -> 0 | P33: =IF(D33="","",IF(D33<C33,1,0)) -> 1 | Q33: =IF(K33=0,1,0) -> 0 | R33: df1 | S33: =C33 -> 1 | T33: =D33 -> 0 | U33: 1128
A34: 46032 | B34: jataiensego | C34: 1 | D34: 1 | E34: =IF(C34="","",IF(C34>D34,3,IF(C34=D34,1,0))) -> 1 | F34: =IF(C34="","",IF(C34>D34,1,0)) -> 0 | G34: =IF(C34="","",IF(C34=D34,1,0)) -> 1 | H34: =IF(C34="","",IF(C34<D34,1,0)) -> 0 | I34: =IF(D34=0,1,0) -> 0 | J34: cracgo | K34: =C34 -> 1 | L34: =D34 -> 1 | M34: =IF(D34="","",IF(D34>C34,3,IF(D34=C34,1,0))) -> 1 | N34: =IF(D34="","",IF(D34>C34,1,0)) -> 0 | O34: =IF(D34="","",IF(D34=C34,1,0)) -> 1 | P34: =IF(D34="","",IF(D34<C34,1,0)) -> 0 | Q34: =IF(K34=0,1,0) -> 0 | R34: go1 | S34: =C34 -> 1 | T34: =D34 -> 1 | U34: 1076 | V34: 1077
A35: 46032 | B35: atleticogo | C35: 2 | D35: 0 | E35: =IF(C35="","",IF(C35>D35,3,IF(C35=D35,1,0))) -> 3 | F35: =IF(C35="","",IF(C35>D35,1,0)) -> 1 | G35: =IF(C35="","",IF(C35=D35,1,0)) -> 0 | H35: =IF(C35="","",IF(C35<D35,1,0)) -> 0 | I35: =IF(D35=0,1,0) -> 1 | J35: anapolisgo | K35: =C35 -> 2 | L35: =D35 -> 0 | M35: =IF(D35="","",IF(D35>C35,3,IF(D35=C35,1,0))) -> 0 | N35: =IF(D35="","",IF(D35>C35,1,0)) -> 0 | O35: =IF(D35="","",IF(D35=C35,1,0)) -> 0 | P35: =IF(D35="","",IF(D35<C35,1,0)) -> 1 | Q35: =IF(K35=0,1,0) -> 0 | R35: go1 | S35: =C35 -> 2 | T35: =D35 -> 0 | U35: 1078 | V35: 1079 | W35: 1080
A36: 46032 | B36: abecatgo | C36: 1 | D36: 2 | E36: =IF(C36="","",IF(C36>D36,3,IF(C36=D36,1,0))) -> 0 | F36: =IF(C36="","",IF(C36>D36,1,0)) -> 0 | G36: =IF(C36="","",IF(C36=D36,1,0)) -> 0 | H36: =IF(C36="","",IF(C36<D36,1,0)) -> 1 | I36: =IF(D36=0,1,0) -> 0 | J36: vilanovago | K36: =C36 -> 1 | L36: =D36 -> 2 | M36: =IF(D36="","",IF(D36>C36,3,IF(D36=C36,1,0))) -> 3 | N36: =IF(D36="","",IF(D36>C36,1,0)) -> 1 | O36: =IF(D36="","",IF(D36=C36,1,0)) -> 0 | P36: =IF(D36="","",IF(D36<C36,1,0)) -> 0 | Q36: =IF(K36=0,1,0) -> 0 | R36: go1 | S36: =C36 -> 1 | T36: =D36 -> 2 | U36: 1081 | V36: 1082
A37: 46032 | B37: imperatrizma | C37: 1 | D37: 1 | E37: =IF(C37="","",IF(C37>D37,3,IF(C37=D37,1,0))) -> 1 | F37: =IF(C37="","",IF(C37>D37,1,0)) -> 0 | G37: =IF(C37="","",IF(C37=D37,1,0)) -> 1 | H37: =IF(C37="","",IF(C37<D37,1,0)) -> 0 | I37: =IF(D37=0,1,0) -> 0 | J37: sampaiocorreama | K37: =C37 -> 1 | L37: =D37 -> 1 | M37: =IF(D37="","",IF(D37>C37,3,IF(D37=C37,1,0))) -> 1 | N37: =IF(D37="","",IF(D37>C37,1,0)) -> 0 | O37: =IF(D37="","",IF(D37=C37,1,0)) -> 1 | P37: =IF(D37="","",IF(D37<C37,1,0)) -> 0 | Q37: =IF(K37=0,1,0) -> 0 | R37: ma1 | S37: =C37 -> 1 | T37: =D37 -> 1 | U37: 1105 | V37: 1106
A38: 46032 | B38: uberlandiamg | C38: 0 | D38: 0 | E38: =IF(C38="","",IF(C38>D38,3,IF(C38=D38,1,0))) -> 1 | F38: =IF(C38="","",IF(C38>D38,1,0)) -> 0 | G38: =IF(C38="","",IF(C38=D38,1,0)) -> 1 | H38: =IF(C38="","",IF(C38<D38,1,0)) -> 0 | I38: =IF(D38=0,1,0) -> 1 | J38: tombensemg | K38: =C38 -> 0 | L38: =D38 -> 0 | M38: =IF(D38="","",IF(D38>C38,3,IF(D38=C38,1,0))) -> 1 | N38: =IF(D38="","",IF(D38>C38,1,0)) -> 0 | O38: =IF(D38="","",IF(D38=C38,1,0)) -> 1 | P38: =IF(D38="","",IF(D38<C38,1,0)) -> 0 | Q38: =IF(K38=0,1,0) -> 1 | R38: mg1 | S38: =C38 -> 0 | T38: =D38 -> 0
A39: 46032 | B39: cruzeiromg | C39: 1 | D39: 2 | E39: =IF(C39="","",IF(C39>D39,3,IF(C39=D39,1,0))) -> 0 | F39: =IF(C39="","",IF(C39>D39,1,0)) -> 0 | G39: =IF(C39="","",IF(C39=D39,1,0)) -> 0 | H39: =IF(C39="","",IF(C39<D39,1,0)) -> 1 | I39: =IF(D39=0,1,0) -> 0 | J39: pousoalegremg | K39: =C39 -> 1 | L39: =D39 -> 2 | M39: =IF(D39="","",IF(D39>C39,3,IF(D39=C39,1,0))) -> 3 | N39: =IF(D39="","",IF(D39>C39,1,0)) -> 1 | O39: =IF(D39="","",IF(D39=C39,1,0)) -> 0 | P39: =IF(D39="","",IF(D39<C39,1,0)) -> 0 | Q39: =IF(K39=0,1,0) -> 0 | R39: mg1 | S39: =C39 -> 1 | T39: =D39 -> 2 | U39: 1066 | V39: 1067 | W39: 1068
A40: 46032 | B40: itabiritomg | C40: 0 | D40: 1 | E40: =IF(C40="","",IF(C40>D40,3,IF(C40=D40,1,0))) -> 0 | F40: =IF(C40="","",IF(C40>D40,1,0)) -> 0 | G40: =IF(C40="","",IF(C40=D40,1,0)) -> 0 | H40: =IF(C40="","",IF(C40<D40,1,0)) -> 1 | I40: =IF(D40=0,1,0) -> 0 | J40: democratagvmg | K40: =C40 -> 0 | L40: =D40 -> 1 | M40: =IF(D40="","",IF(D40>C40,3,IF(D40=C40,1,0))) -> 3 | N40: =IF(D40="","",IF(D40>C40,1,0)) -> 1 | O40: =IF(D40="","",IF(D40=C40,1,0)) -> 0 | P40: =IF(D40="","",IF(D40<C40,1,0)) -> 0 | Q40: =IF(K40=0,1,0) -> 1 | R40: mg1 | S40: =C40 -> 0 | T40: =D40 -> 1 | U40: 1069
A41: 46032 | B41: urtmg | C41: 0 | D41: 0 | E41: =IF(C41="","",IF(C41>D41,3,IF(C41=D41,1,0))) -> 1 | F41: =IF(C41="","",IF(C41>D41,1,0)) -> 0 | G41: =IF(C41="","",IF(C41=D41,1,0)) -> 1 | H41: =IF(C41="","",IF(C41<D41,1,0)) -> 0 | I41: =IF(D41=0,1,0) -> 1 | J41: northmg | K41: =C41 -> 0 | L41: =D41 -> 0 | M41: =IF(D41="","",IF(D41>C41,3,IF(D41=C41,1,0))) -> 1 | N41: =IF(D41="","",IF(D41>C41,1,0)) -> 0 | O41: =IF(D41="","",IF(D41=C41,1,0)) -> 1 | P41: =IF(D41="","",IF(D41<C41,1,0)) -> 0 | Q41: =IF(K41=0,1,0) -> 1 | R41: mg1 | S41: =C41 -> 0 | T41: =D41 -> 0
A42: 46032 | B42: novamutummt | C42: 1 | D42: 1 | E42: =IF(C42="","",IF(C42>D42,3,IF(C42=D42,1,0))) -> 1 | F42: =IF(C42="","",IF(C42>D42,1,0)) -> 0 | G42: =IF(C42="","",IF(C42=D42,1,0)) -> 1 | H42: =IF(C42="","",IF(C42<D42,1,0)) -> 0 | I42: =IF(D42=0,1,0) -> 0 | J42: sportsinopmt | K42: =C42 -> 1 | L42: =D42 -> 1 | M42: =IF(D42="","",IF(D42>C42,3,IF(D42=C42,1,0))) -> 1 | N42: =IF(D42="","",IF(D42>C42,1,0)) -> 0 | O42: =IF(D42="","",IF(D42=C42,1,0)) -> 1 | P42: =IF(D42="","",IF(D42<C42,1,0)) -> 0 | Q42: =IF(K42=0,1,0) -> 0 | R42: mt1 | S42: =C42 -> 1 | T42: =D42 -> 1 | U42: 1095 | V42: 1096
A43: 46032 | B43: primaveramt | C43: 0 | D43: 0 | E43: =IF(C43="","",IF(C43>D43,3,IF(C43=D43,1,0))) -> 1 | F43: =IF(C43="","",IF(C43>D43,1,0)) -> 0 | G43: =IF(C43="","",IF(C43=D43,1,0)) -> 1 | H43: =IF(C43="","",IF(C43<D43,1,0)) -> 0 | I43: =IF(D43=0,1,0) -> 1 | J43: chapadamt | K43: =C43 -> 0 | L43: =D43 -> 0 | M43: =IF(D43="","",IF(D43>C43,3,IF(D43=C43,1,0))) -> 1 | N43: =IF(D43="","",IF(D43>C43,1,0)) -> 0 | O43: =IF(D43="","",IF(D43=C43,1,0)) -> 1 | P43: =IF(D43="","",IF(D43<C43,1,0)) -> 0 | Q43: =IF(K43=0,1,0) -> 1 | R43: mt1 | S43: =C43 -> 0 | T43: =D43 -> 0
A44: 46032 | B44: mixtomt | C44: 0 | D44: 1 | E44: =IF(C44="","",IF(C44>D44,3,IF(C44=D44,1,0))) -> 0 | F44: =IF(C44="","",IF(C44>D44,1,0)) -> 0 | G44: =IF(C44="","",IF(C44=D44,1,0)) -> 0 | H44: =IF(C44="","",IF(C44<D44,1,0)) -> 1 | I44: =IF(D44=0,1,0) -> 0 | J44: uniaomt | K44: =C44 -> 0 | L44: =D44 -> 1 | M44: =IF(D44="","",IF(D44>C44,3,IF(D44=C44,1,0))) -> 3 | N44: =IF(D44="","",IF(D44>C44,1,0)) -> 1 | O44: =IF(D44="","",IF(D44=C44,1,0)) -> 0 | P44: =IF(D44="","",IF(D44<C44,1,0)) -> 0 | Q44: =IF(K44=0,1,0) -> 1 | R44: mt1 | S44: =C44 -> 0 | T44: =D44 -> 1 | U44: 1311
A45: 46032 | B45: luverdensemt | C45: 1 | D45: 0 | E45: =IF(C45="","",IF(C45>D45,3,IF(C45=D45,1,0))) -> 3 | F45: =IF(C45="","",IF(C45>D45,1,0)) -> 1 | G45: =IF(C45="","",IF(C45=D45,1,0)) -> 0 | H45: =IF(C45="","",IF(C45<D45,1,0)) -> 0 | I45: =IF(D45=0,1,0) -> 1 | J45: cuiabamt | K45: =C45 -> 1 | L45: =D45 -> 0 | M45: =IF(D45="","",IF(D45>C45,3,IF(D45=C45,1,0))) -> 0 | N45: =IF(D45="","",IF(D45>C45,1,0)) -> 0 | O45: =IF(D45="","",IF(D45=C45,1,0)) -> 0 | P45: =IF(D45="","",IF(D45<C45,1,0)) -> 1 | Q45: =IF(K45=0,1,0) -> 0 | R45: mt1 | S45: =C45 -> 1 | T45: =D45 -> 0 | U45: 1100
A46: 46032 | B46: operariomt | C46: 2 | D46: 0 | E46: =IF(C46="","",IF(C46>D46,3,IF(C46=D46,1,0))) -> 3 | F46: =IF(C46="","",IF(C46>D46,1,0)) -> 1 | G46: =IF(C46="","",IF(C46=D46,1,0)) -> 0 | H46: =IF(C46="","",IF(C46<D46,1,0)) -> 0 | I46: =IF(D46=0,1,0) -> 1 | J46: varzeagrandemt | K46: =C46 -> 2 | L46: =D46 -> 0 | M46: =IF(D46="","",IF(D46>C46,3,IF(D46=C46,1,0))) -> 0 | N46: =IF(D46="","",IF(D46>C46,1,0)) -> 0 | O46: =IF(D46="","",IF(D46=C46,1,0)) -> 0 | P46: =IF(D46="","",IF(D46<C46,1,0)) -> 1 | Q46: =IF(K46=0,1,0) -> 0 | R46: mt1 | S46: =C46 -> 2 | T46: =D46 -> 0 | U46: 1097 | V46: 1098
A47: 46032 | B47: jaguarpe | C47: 2 | D47: 2 | E47: =IF(C47="","",IF(C47>D47,3,IF(C47=D47,1,0))) -> 1 | F47: =IF(C47="","",IF(C47>D47,1,0)) -> 0 | G47: =IF(C47="","",IF(C47=D47,1,0)) -> 1 | H47: =IF(C47="","",IF(C47<D47,1,0)) -> 0 | I47: =IF(D47=0,1,0) -> 0 | J47: sportpe | K47: =C47 -> 2 | L47: =D47 -> 2 | M47: =IF(D47="","",IF(D47>C47,3,IF(D47=C47,1,0))) -> 1 | N47: =IF(D47="","",IF(D47>C47,1,0)) -> 0 | O47: =IF(D47="","",IF(D47=C47,1,0)) -> 1 | P47: =IF(D47="","",IF(D47<C47,1,0)) -> 0 | Q47: =IF(K47=0,1,0) -> 0 | R47: pe1 | S47: =C47 -> 2 | T47: =D47 -> 2 | U47: 1089 | V47: 1090 | W47: 1091 | X47: 1092
A48: 46032 | B48: oeirensepi | C48: 1 | D48: 2 | E48: =IF(C48="","",IF(C48>D48,3,IF(C48=D48,1,0))) -> 0 | F48: =IF(C48="","",IF(C48>D48,1,0)) -> 0 | G48: =IF(C48="","",IF(C48=D48,1,0)) -> 0 | H48: =IF(C48="","",IF(C48<D48,1,0)) -> 1 | I48: =IF(D48=0,1,0) -> 0 | J48: fluminensepi | K48: =C48 -> 1 | L48: =D48 -> 2 | M48: =IF(D48="","",IF(D48>C48,3,IF(D48=C48,1,0))) -> 3 | N48: =IF(D48="","",IF(D48>C48,1,0)) -> 1 | O48: =IF(D48="","",IF(D48=C48,1,0)) -> 0 | P48: =IF(D48="","",IF(D48<C48,1,0)) -> 0 | Q48: =IF(K48=0,1,0) -> 0 | R48: pi1 | S48: =C48 -> 1 | T48: =D48 -> 2 | U48: 1117 | V48: 9999 | W48: 1119
A49: 46032 | B49: piauipi | C49: 0 | D49: 1 | E49: =IF(C49="","",IF(C49>D49,3,IF(C49=D49,1,0))) -> 0 | F49: =IF(C49="","",IF(C49>D49,1,0)) -> 0 | G49: =IF(C49="","",IF(C49=D49,1,0)) -> 0 | H49: =IF(C49="","",IF(C49<D49,1,0)) -> 1 | I49: =IF(D49=0,1,0) -> 0 | J49: altospi | K49: =C49 -> 0 | L49: =D49 -> 1 | M49: =IF(D49="","",IF(D49>C49,3,IF(D49=C49,1,0))) -> 3 | N49: =IF(D49="","",IF(D49>C49,1,0)) -> 1 | O49: =IF(D49="","",IF(D49=C49,1,0)) -> 0 | P49: =IF(D49="","",IF(D49<C49,1,0)) -> 0 | Q49: =IF(K49=0,1,0) -> 1 | R49: pi1 | S49: =C49 -> 0 | T49: =D49 -> 1 | U49: 1120
A50: 46032 | B50: operariopr | C50: 1 | D50: 1 | E50: =IF(C50="","",IF(C50>D50,3,IF(C50=D50,1,0))) -> 1 | F50: =IF(C50="","",IF(C50>D50,1,0)) -> 0 | G50: =IF(C50="","",IF(C50=D50,1,0)) -> 1 | H50: =IF(C50="","",IF(C50<D50,1,0)) -> 0 | I50: =IF(D50=0,1,0) -> 0 | J50: maringapr | K50: =C50 -> 1 | L50: =D50 -> 1 | M50: =IF(D50="","",IF(D50>C50,3,IF(D50=C50,1,0))) -> 1 | N50: =IF(D50="","",IF(D50>C50,1,0)) -> 0 | O50: =IF(D50="","",IF(D50=C50,1,0)) -> 1 | P50: =IF(D50="","",IF(D50<C50,1,0)) -> 0 | Q50: =IF(K50=0,1,0) -> 0 | R50: pr1 | S50: =C50 -> 1 | T50: =D50 -> 1 | U50: 1070 | V50: 1071
A51: 46032 | B51: coritibapr | C51: 2 | D51: 2 | E51: =IF(C51="","",IF(C51>D51,3,IF(C51=D51,1,0))) -> 1 | F51: =IF(C51="","",IF(C51>D51,1,0)) -> 0 | G51: =IF(C51="","",IF(C51=D51,1,0)) -> 1 | H51: =IF(C51="","",IF(C51<D51,1,0)) -> 0 | I51: =IF(D51=0,1,0) -> 0 | J51: londrinapr | K51: =C51 -> 2 | L51: =D51 -> 2 | M51: =IF(D51="","",IF(D51>C51,3,IF(D51=C51,1,0))) -> 1 | N51: =IF(D51="","",IF(D51>C51,1,0)) -> 0 | O51: =IF(D51="","",IF(D51=C51,1,0)) -> 1 | P51: =IF(D51="","",IF(D51<C51,1,0)) -> 0 | Q51: =IF(K51=0,1,0) -> 0 | R51: pr1 | S51: =C51 -> 2 | T51: =D51 -> 2 | U51: 1072 | V51: 1073 | W51: 1010 | X51: 1074
A52: 46032 | B52: americarn | C52: 4 | D52: 1 | E52: =IF(C52="","",IF(C52>D52,3,IF(C52=D52,1,0))) -> 3 | F52: =IF(C52="","",IF(C52>D52,1,0)) -> 1 | G52: =IF(C52="","",IF(C52=D52,1,0)) -> 0 | H52: =IF(C52="","",IF(C52<D52,1,0)) -> 0 | I52: =IF(D52=0,1,0) -> 0 | J52: potyguarrn | K52: =C52 -> 4 | L52: =D52 -> 1 | M52: =IF(D52="","",IF(D52>C52,3,IF(D52=C52,1,0))) -> 0 | N52: =IF(D52="","",IF(D52>C52,1,0)) -> 0 | O52: =IF(D52="","",IF(D52=C52,1,0)) -> 0 | P52: =IF(D52="","",IF(D52<C52,1,0)) -> 1 | Q52: =IF(K52=0,1,0) -> 0 | R52: rn1 | S52: =C52 -> 4 | T52: =D52 -> 1 | U52: 1101 | V52: 1102 | W52: 1103 | X52: 1104 | Y52: 9999
A53: 46032 | B53: juventuders | C53: 1 | D53: 1 | E53: =IF(C53="","",IF(C53>D53,3,IF(C53=D53,1,0))) -> 1 | F53: =IF(C53="","",IF(C53>D53,1,0)) -> 0 | G53: =IF(C53="","",IF(C53=D53,1,0)) -> 1 | H53: =IF(C53="","",IF(C53<D53,1,0)) -> 0 | I53: =IF(D53=0,1,0) -> 0 | J53: ypirangars | K53: =C53 -> 1 | L53: =D53 -> 1 | M53: =IF(D53="","",IF(D53>C53,3,IF(D53=C53,1,0))) -> 1 | N53: =IF(D53="","",IF(D53>C53,1,0)) -> 0 | O53: =IF(D53="","",IF(D53=C53,1,0)) -> 1 | P53: =IF(D53="","",IF(D53<C53,1,0)) -> 0 | Q53: =IF(K53=0,1,0) -> 0 | R53: rs1 | S53: =C53 -> 1 | T53: =D53 -> 1 | U53: 1058 | V53: 1059
A54: 46032 | B54: guaranyrs | C54: 1 | D54: 1 | E54: =IF(C54="","",IF(C54>D54,3,IF(C54=D54,1,0))) -> 1 | F54: =IF(C54="","",IF(C54>D54,1,0)) -> 0 | G54: =IF(C54="","",IF(C54=D54,1,0)) -> 1 | H54: =IF(C54="","",IF(C54<D54,1,0)) -> 0 | I54: =IF(D54=0,1,0) -> 0 | J54: monsoonrs | K54: =C54 -> 1 | L54: =D54 -> 1 | M54: =IF(D54="","",IF(D54>C54,3,IF(D54=C54,1,0))) -> 1 | N54: =IF(D54="","",IF(D54>C54,1,0)) -> 0 | O54: =IF(D54="","",IF(D54=C54,1,0)) -> 1 | P54: =IF(D54="","",IF(D54<C54,1,0)) -> 0 | Q54: =IF(K54=0,1,0) -> 0 | R54: rs1 | S54: =C54 -> 1 | T54: =D54 -> 1 | U54: 1060 | V54: 1061
A55: 46032 | B55: avenidars | C55: 0 | D55: 4 | E55: =IF(C55="","",IF(C55>D55,3,IF(C55=D55,1,0))) -> 0 | F55: =IF(C55="","",IF(C55>D55,1,0)) -> 0 | G55: =IF(C55="","",IF(C55=D55,1,0)) -> 0 | H55: =IF(C55="","",IF(C55<D55,1,0)) -> 1 | I55: =IF(D55=0,1,0) -> 0 | J55: gremiors | K55: =C55 -> 0 | L55: =D55 -> 4 | M55: =IF(D55="","",IF(D55>C55,3,IF(D55=C55,1,0))) -> 3 | N55: =IF(D55="","",IF(D55>C55,1,0)) -> 1 | O55: =IF(D55="","",IF(D55=C55,1,0)) -> 0 | P55: =IF(D55="","",IF(D55<C55,1,0)) -> 0 | Q55: =IF(K55=0,1,0) -> 1 | R55: rs1 | S55: =C55 -> 0 | T55: =D55 -> 4 | U55: 1062 | V55: 1063 | W55: 1064 | X55: 1065
A56: 46032 | B56: figueirensesc | C56: 1 | D56: 0 | E56: =IF(C56="","",IF(C56>D56,3,IF(C56=D56,1,0))) -> 3 | F56: =IF(C56="","",IF(C56>D56,1,0)) -> 1 | G56: =IF(C56="","",IF(C56=D56,1,0)) -> 0 | H56: =IF(C56="","",IF(C56<D56,1,0)) -> 0 | I56: =IF(D56=0,1,0) -> 1 | J56: marciliodiassc | K56: =C56 -> 1 | L56: =D56 -> 0 | M56: =IF(D56="","",IF(D56>C56,3,IF(D56=C56,1,0))) -> 0 | N56: =IF(D56="","",IF(D56>C56,1,0)) -> 0 | O56: =IF(D56="","",IF(D56=C56,1,0)) -> 0 | P56: =IF(D56="","",IF(D56<C56,1,0)) -> 1 | Q56: =IF(K56=0,1,0) -> 0 | R56: sc1 | S56: =C56 -> 1 | T56: =D56 -> 0 | U56: 1029
A57: 46032 | B57: barrasc | C57: 1 | D57: 0 | E57: =IF(C57="","",IF(C57>D57,3,IF(C57=D57,1,0))) -> 3 | F57: =IF(C57="","",IF(C57>D57,1,0)) -> 1 | G57: =IF(C57="","",IF(C57=D57,1,0)) -> 0 | H57: =IF(C57="","",IF(C57<D57,1,0)) -> 0 | I57: =IF(D57=0,1,0) -> 1 | J57: joinvillesc | K57: =C57 -> 1 | L57: =D57 -> 0 | M57: =IF(D57="","",IF(D57>C57,3,IF(D57=C57,1,0))) -> 0 | N57: =IF(D57="","",IF(D57>C57,1,0)) -> 0 | O57: =IF(D57="","",IF(D57=C57,1,0)) -> 0 | P57: =IF(D57="","",IF(D57<C57,1,0)) -> 1 | Q57: =IF(K57=0,1,0) -> 0 | R57: sc1 | S57: =C57 -> 1 | T57: =D57 -> 0 | U57: 1083
A58: 46032 | B58: desportivaaracajuse | C58: 0 | D58: 3 | E58: =IF(C58="","",IF(C58>D58,3,IF(C58=D58,1,0))) -> 0 | F58: =IF(C58="","",IF(C58>D58,1,0)) -> 0 | G58: =IF(C58="","",IF(C58=D58,1,0)) -> 0 | H58: =IF(C58="","",IF(C58<D58,1,0)) -> 1 | I58: =IF(D58=0,1,0) -> 0 | J58: confiancase | K58: =C58 -> 0 | L58: =D58 -> 3 | M58: =IF(D58="","",IF(D58>C58,3,IF(D58=C58,1,0))) -> 3 | N58: =IF(D58="","",IF(D58>C58,1,0)) -> 1 | O58: =IF(D58="","",IF(D58=C58,1,0)) -> 0 | P58: =IF(D58="","",IF(D58<C58,1,0)) -> 0 | Q58: =IF(K58=0,1,0) -> 1 | R58: se1 | S58: =C58 -> 0 | T58: =D58 -> 3 | U58: 1110 | V58: 1111 | W58: 1112
A59: 46032 | B59: lagartose | C59: 2 | D59: 2 | E59: =IF(C59="","",IF(C59>D59,3,IF(C59=D59,1,0))) -> 1 | F59: =IF(C59="","",IF(C59>D59,1,0)) -> 0 | G59: =IF(C59="","",IF(C59=D59,1,0)) -> 1 | H59: =IF(C59="","",IF(C59<D59,1,0)) -> 0 | I59: =IF(D59=0,1,0) -> 0 | J59: falconse | K59: =C59 -> 2 | L59: =D59 -> 2 | M59: =IF(D59="","",IF(D59>C59,3,IF(D59=C59,1,0))) -> 1 | N59: =IF(D59="","",IF(D59>C59,1,0)) -> 0 | O59: =IF(D59="","",IF(D59=C59,1,0)) -> 1 | P59: =IF(D59="","",IF(D59<C59,1,0)) -> 0 | Q59: =IF(K59=0,1,0) -> 0 | R59: se1 | S59: =C59 -> 2 | T59: =D59 -> 2 | U59: 1113 | V59: 1114 | W59: 1115 | X59: 1116
A60: 46032 | B60: saobernardosp | C60: 4 | D60: 0 | E60: =IF(C60="","",IF(C60>D60,3,IF(C60=D60,1,0))) -> 3 | F60: =IF(C60="","",IF(C60>D60,1,0)) -> 1 | G60: =IF(C60="","",IF(C60=D60,1,0)) -> 0 | H60: =IF(C60="","",IF(C60<D60,1,0)) -> 0 | I60: =IF(D60=0,1,0) -> 1 | J60: capivarianosp | K60: =C60 -> 4 | L60: =D60 -> 0 | M60: =IF(D60="","",IF(D60>C60,3,IF(D60=C60,1,0))) -> 0 | N60: =IF(D60="","",IF(D60>C60,1,0)) -> 0 | O60: =IF(D60="","",IF(D60=C60,1,0)) -> 0 | P60: =IF(D60="","",IF(D60<C60,1,0)) -> 1 | Q60: =IF(K60=0,1,0) -> 0 | R60: sp1 | S60: =C60 -> 4 | T60: =D60 -> 0 | U60: 1049 | V60: 1049 | W60: 1050 | X60: 1051
A61: 46032 | B61: santossp | C61: 2 | D61: 1 | E61: =IF(C61="","",IF(C61>D61,3,IF(C61=D61,1,0))) -> 3 | F61: =IF(C61="","",IF(C61>D61,1,0)) -> 1 | G61: =IF(C61="","",IF(C61=D61,1,0)) -> 0 | H61: =IF(C61="","",IF(C61<D61,1,0)) -> 0 | I61: =IF(D61=0,1,0) -> 0 | J61: novorizontinosp | K61: =C61 -> 2 | L61: =D61 -> 1 | M61: =IF(D61="","",IF(D61>C61,3,IF(D61=C61,1,0))) -> 0 | N61: =IF(D61="","",IF(D61>C61,1,0)) -> 0 | O61: =IF(D61="","",IF(D61=C61,1,0)) -> 0 | P61: =IF(D61="","",IF(D61<C61,1,0)) -> 1 | Q61: =IF(K61=0,1,0) -> 0 | R61: sp1 | S61: =C61 -> 2 | T61: =D61 -> 1 | U61: 1052 | V61: 1053 | W61: 1054
A62: 46032 | B62: guaranisp | C62: 1 | D62: 1 | E62: =IF(C62="","",IF(C62>D62,3,IF(C62=D62,1,0))) -> 1 | F62: =IF(C62="","",IF(C62>D62,1,0)) -> 0 | G62: =IF(C62="","",IF(C62=D62,1,0)) -> 1 | H62: =IF(C62="","",IF(C62<D62,1,0)) -> 0 | I62: =IF(D62=0,1,0) -> 0 | J62: primaverasp | K62: =C62 -> 1 | L62: =D62 -> 1 | M62: =IF(D62="","",IF(D62>C62,3,IF(D62=C62,1,0))) -> 1 | N62: =IF(D62="","",IF(D62>C62,1,0)) -> 0 | O62: =IF(D62="","",IF(D62=C62,1,0)) -> 1 | P62: =IF(D62="","",IF(D62<C62,1,0)) -> 0 | Q62: =IF(K62=0,1,0) -> 0 | R62: sp1 | S62: =C62 -> 1 | T62: =D62 -> 1 | U62: 1055 | V62: 1056
A63: 46032 | B63: portuguesasp | C63: 0 | D63: 1 | E63: =IF(C63="","",IF(C63>D63,3,IF(C63=D63,1,0))) -> 0 | F63: =IF(C63="","",IF(C63>D63,1,0)) -> 0 | G63: =IF(C63="","",IF(C63=D63,1,0)) -> 0 | H63: =IF(C63="","",IF(C63<D63,1,0)) -> 1 | I63: =IF(D63=0,1,0) -> 0 | J63: palmeirassp | K63: =C63 -> 0 | L63: =D63 -> 1 | M63: =IF(D63="","",IF(D63>C63,3,IF(D63=C63,1,0))) -> 3 | N63: =IF(D63="","",IF(D63>C63,1,0)) -> 1 | O63: =IF(D63="","",IF(D63=C63,1,0)) -> 0 | P63: =IF(D63="","",IF(D63<C63,1,0)) -> 0 | Q63: =IF(K63=0,1,0) -> 1 | R63: sp1 | S63: =C63 -> 0 | T63: =D63 -> 1 | U63: 1057
A64: 46032 | B64: votuporanguensesp | C64: 1 | D64: 0 | E64: =IF(C64="","",IF(C64>D64,3,IF(C64=D64,1,0))) -> 3 | F64: =IF(C64="","",IF(C64>D64,1,0)) -> 1 | G64: =IF(C64="","",IF(C64=D64,1,0)) -> 0 | H64: =IF(C64="","",IF(C64<D64,1,0)) -> 0 | I64: =IF(D64=0,1,0) -> 1 | J64: aguasantasp | K64: =C64 -> 1 | L64: =D64 -> 0 | M64: =IF(D64="","",IF(D64>C64,3,IF(D64=C64,1,0))) -> 0 | N64: =IF(D64="","",IF(D64>C64,1,0)) -> 0 | O64: =IF(D64="","",IF(D64=C64,1,0)) -> 0 | P64: =IF(D64="","",IF(D64<C64,1,0)) -> 1 | Q64: =IF(K64=0,1,0) -> 0 | R64: sp2 | S64: =C64 -> 1 | T64: =D64 -> 0 | U64: 1129
A65: 46032 | B65: gremioprudentesp | C65: 1 | D65: 1 | E65: =IF(C65="","",IF(C65>D65,3,IF(C65=D65,1,0))) -> 1 | F65: =IF(C65="","",IF(C65>D65,1,0)) -> 0 | G65: =IF(C65="","",IF(C65=D65,1,0)) -> 1 | H65: =IF(C65="","",IF(C65<D65,1,0)) -> 0 | I65: =IF(D65=0,1,0) -> 0 | J65: ituanosp | K65: =C65 -> 1 | L65: =D65 -> 1 | M65: =IF(D65="","",IF(D65>C65,3,IF(D65=C65,1,0))) -> 1 | N65: =IF(D65="","",IF(D65>C65,1,0)) -> 0 | O65: =IF(D65="","",IF(D65=C65,1,0)) -> 1 | P65: =IF(D65="","",IF(D65<C65,1,0)) -> 0 | Q65: =IF(K65=0,1,0) -> 0 | R65: sp2 | S65: =C65 -> 1 | T65: =D65 -> 1 | U65: 1130 | V65: 1131
A66: 46032 | B66: sertaozinhosp | C66: 0 | D66: 0 | E66: =IF(C66="","",IF(C66>D66,3,IF(C66=D66,1,0))) -> 1 | F66: =IF(C66="","",IF(C66>D66,1,0)) -> 0 | G66: =IF(C66="","",IF(C66=D66,1,0)) -> 1 | H66: =IF(C66="","",IF(C66<D66,1,0)) -> 0 | I66: =IF(D66=0,1,0) -> 1 | J66: taubatesp | K66: =C66 -> 0 | L66: =D66 -> 0 | M66: =IF(D66="","",IF(D66>C66,3,IF(D66=C66,1,0))) -> 1 | N66: =IF(D66="","",IF(D66>C66,1,0)) -> 0 | O66: =IF(D66="","",IF(D66=C66,1,0)) -> 1 | P66: =IF(D66="","",IF(D66<C66,1,0)) -> 0 | Q66: =IF(K66=0,1,0) -> 1 | R66: sp2 | S66: =C66 -> 0 | T66: =D66 -> 0
A67: 46033 | B67: csaal | C67: 3 | D67: 0 | E67: =IF(C67="","",IF(C67>D67,3,IF(C67=D67,1,0))) -> 3 | F67: =IF(C67="","",IF(C67>D67,1,0)) -> 1 | G67: =IF(C67="","",IF(C67=D67,1,0)) -> 0 | H67: =IF(C67="","",IF(C67<D67,1,0)) -> 0 | I67: =IF(D67=0,1,0) -> 1 | J67: coruripeal | K67: =C67 -> 3 | L67: =D67 -> 0 | M67: =IF(D67="","",IF(D67>C67,3,IF(D67=C67,1,0))) -> 0 | N67: =IF(D67="","",IF(D67>C67,1,0)) -> 0 | O67: =IF(D67="","",IF(D67=C67,1,0)) -> 0 | P67: =IF(D67="","",IF(D67<C67,1,0)) -> 1 | Q67: =IF(K67=0,1,0) -> 0 | R67: al1 | S67: =C67 -> 3 | T67: =D67 -> 0 | U67: 1178 | V67: 1179 | W67: 1180
A68: 46033 | B68: nacionalam | C68: 3 | D68: 0 | E68: =IF(C68="","",IF(C68>D68,3,IF(C68=D68,1,0))) -> 3 | F68: =IF(C68="","",IF(C68>D68,1,0)) -> 1 | G68: =IF(C68="","",IF(C68=D68,1,0)) -> 0 | H68: =IF(C68="","",IF(C68<D68,1,0)) -> 0 | I68: =IF(D68=0,1,0) -> 1 | J68: itacoatiaraam | K68: =C68 -> 3 | L68: =D68 -> 0 | M68: =IF(D68="","",IF(D68>C68,3,IF(D68=C68,1,0))) -> 0 | N68: =IF(D68="","",IF(D68>C68,1,0)) -> 0 | O68: =IF(D68="","",IF(D68=C68,1,0)) -> 0 | P68: =IF(D68="","",IF(D68<C68,1,0)) -> 1 | Q68: =IF(K68=0,1,0) -> 0 | R68: am1 | S68: =C68 -> 3 | T68: =D68 -> 0 | U68: 1188 | V68: 1189 | W68: 1190
A69: 46033 | B69: manauaraam | C69: 1 | D69: 0 | E69: =IF(C69="","",IF(C69>D69,3,IF(C69=D69,1,0))) -> 3 | F69: =IF(C69="","",IF(C69>D69,1,0)) -> 1 | G69: =IF(C69="","",IF(C69=D69,1,0)) -> 0 | H69: =IF(C69="","",IF(C69<D69,1,0)) -> 0 | I69: =IF(D69=0,1,0) -> 1 | J69: princesaam | K69: =C69 -> 1 | L69: =D69 -> 0 | M69: =IF(D69="","",IF(D69>C69,3,IF(D69=C69,1,0))) -> 0 | N69: =IF(D69="","",IF(D69>C69,1,0)) -> 0 | O69: =IF(D69="","",IF(D69=C69,1,0)) -> 0 | P69: =IF(D69="","",IF(D69<C69,1,0)) -> 1 | Q69: =IF(K69=0,1,0) -> 0 | R69: am1 | S69: =C69 -> 1 | T69: =D69 -> 0 | U69: 1191
A70: 46033 | B70: bahiaba | C70: 4 | D70: 2 | E70: =IF(C70="","",IF(C70>D70,3,IF(C70=D70,1,0))) -> 3 | F70: =IF(C70="","",IF(C70>D70,1,0)) -> 1 | G70: =IF(C70="","",IF(C70=D70,1,0)) -> 0 | H70: =IF(C70="","",IF(C70<D70,1,0)) -> 0 | I70: =IF(D70=0,1,0) -> 0 | J70: jequieba | K70: =C70 -> 4 | L70: =D70 -> 2 | M70: =IF(D70="","",IF(D70>C70,3,IF(D70=C70,1,0))) -> 0 | N70: =IF(D70="","",IF(D70>C70,1,0)) -> 0 | O70: =IF(D70="","",IF(D70=C70,1,0)) -> 0 | P70: =IF(D70="","",IF(D70<C70,1,0)) -> 1 | Q70: =IF(K70=0,1,0) -> 0 | R70: ba1 | S70: =C70 -> 4 | T70: =D70 -> 2 | U70: 1168 | V70: 1169 | W70: 1169 | X70: 1170 | Y70: 1171 | Z70: 1172
A71: 46033 | B71: juazeirenseba | C71: 0 | D71: 0 | E71: =IF(C71="","",IF(C71>D71,3,IF(C71=D71,1,0))) -> 1 | F71: =IF(C71="","",IF(C71>D71,1,0)) -> 0 | G71: =IF(C71="","",IF(C71=D71,1,0)) -> 1 | H71: =IF(C71="","",IF(C71<D71,1,0)) -> 0 | I71: =IF(D71=0,1,0) -> 1 | J71: bahiadefeiraba | K71: =C71 -> 0 | L71: =D71 -> 0 | M71: =IF(D71="","",IF(D71>C71,3,IF(D71=C71,1,0))) -> 1 | N71: =IF(D71="","",IF(D71>C71,1,0)) -> 0 | O71: =IF(D71="","",IF(D71=C71,1,0)) -> 1 | P71: =IF(D71="","",IF(D71<C71,1,0)) -> 0 | Q71: =IF(K71=0,1,0) -> 1 | R71: ba1 | S71: =C71 -> 0 | T71: =D71 -> 0
A72: 46033 | B72: barcelonaba | C72: 2 | D72: 0 | E72: =IF(C72="","",IF(C72>D72,3,IF(C72=D72,1,0))) -> 3 | F72: =IF(C72="","",IF(C72>D72,1,0)) -> 1 | G72: =IF(C72="","",IF(C72=D72,1,0)) -> 0 | H72: =IF(C72="","",IF(C72<D72,1,0)) -> 0 | I72: =IF(D72=0,1,0) -> 1 | J72: galiciaba | K72: =C72 -> 2 | L72: =D72 -> 0 | M72: =IF(D72="","",IF(D72>C72,3,IF(D72=C72,1,0))) -> 0 | N72: =IF(D72="","",IF(D72>C72,1,0)) -> 0 | O72: =IF(D72="","",IF(D72=C72,1,0)) -> 0 | P72: =IF(D72="","",IF(D72<C72,1,0)) -> 1 | Q72: =IF(K72=0,1,0) -> 0 | R72: ba1 | S72: =C72 -> 2 | T72: =D72 -> 0 | U72: 1173 | V72: 1174
A73: 46033 | B73: maranguapece | C73: 1 | D73: 0 | E73: =IF(C73="","",IF(C73>D73,3,IF(C73=D73,1,0))) -> 3 | F73: =IF(C73="","",IF(C73>D73,1,0)) -> 1 | G73: =IF(C73="","",IF(C73=D73,1,0)) -> 0 | H73: =IF(C73="","",IF(C73<D73,1,0)) -> 0 | I73: =IF(D73=0,1,0) -> 1 | J73: tirolce | K73: =C73 -> 1 | L73: =D73 -> 0 | M73: =IF(D73="","",IF(D73>C73,3,IF(D73=C73,1,0))) -> 0 | N73: =IF(D73="","",IF(D73>C73,1,0)) -> 0 | O73: =IF(D73="","",IF(D73=C73,1,0)) -> 0 | P73: =IF(D73="","",IF(D73<C73,1,0)) -> 1 | Q73: =IF(K73=0,1,0) -> 0 | R73: ce1 | S73: =C73 -> 1 | T73: =D73 -> 0 | U73: 1156
A74: 46033 | B74: ferroviarioce | C74: 0 | D74: 0 | E74: =IF(C74="","",IF(C74>D74,3,IF(C74=D74,1,0))) -> 1 | F74: =IF(C74="","",IF(C74>D74,1,0)) -> 0 | G74: =IF(C74="","",IF(C74=D74,1,0)) -> 1 | H74: =IF(C74="","",IF(C74<D74,1,0)) -> 0 | I74: =IF(D74=0,1,0) -> 1 | J74: fortalezace | K74: =C74 -> 0 | L74: =D74 -> 0 | M74: =IF(D74="","",IF(D74>C74,3,IF(D74=C74,1,0))) -> 1 | N74: =IF(D74="","",IF(D74>C74,1,0)) -> 0 | O74: =IF(D74="","",IF(D74=C74,1,0)) -> 1 | P74: =IF(D74="","",IF(D74<C74,1,0)) -> 0 | Q74: =IF(K74=0,1,0) -> 1 | R74: ce1 | S74: =C74 -> 0 | T74: =D74 -> 0
A75: 46033 | B75: capitaldf | C75: 2 | D75: 2 | E75: =IF(C75="","",IF(C75>D75,3,IF(C75=D75,1,0))) -> 1 | F75: =IF(C75="","",IF(C75>D75,1,0)) -> 0 | G75: =IF(C75="","",IF(C75=D75,1,0)) -> 1 | H75: =IF(C75="","",IF(C75<D75,1,0)) -> 0 | I75: =IF(D75=0,1,0) -> 0 | J75: samambaiadf | K75: =C75 -> 2 | L75: =D75 -> 2 | M75: =IF(D75="","",IF(D75>C75,3,IF(D75=C75,1,0))) -> 1 | N75: =IF(D75="","",IF(D75>C75,1,0)) -> 0 | O75: =IF(D75="","",IF(D75=C75,1,0)) -> 1 | P75: =IF(D75="","",IF(D75<C75,1,0)) -> 0 | Q75: =IF(K75=0,1,0) -> 0 | R75: df1 | S75: =C75 -> 2 | T75: =D75 -> 2 | U75: 1208 | V75: 1209 | W75: 2655 | X75: 2434
A76: 46033 | B76: centrooestego | C76: 0 | D76: 0 | E76: =IF(C76="","",IF(C76>D76,3,IF(C76=D76,1,0))) -> 1 | F76: =IF(C76="","",IF(C76>D76,1,0)) -> 0 | G76: =IF(C76="","",IF(C76=D76,1,0)) -> 1 | H76: =IF(C76="","",IF(C76<D76,1,0)) -> 0 | I76: =IF(D76=0,1,0) -> 1 | J76: aparecidensego | K76: =C76 -> 0 | L76: =D76 -> 0 | M76: =IF(D76="","",IF(D76>C76,3,IF(D76=C76,1,0))) -> 1 | N76: =IF(D76="","",IF(D76>C76,1,0)) -> 0 | O76: =IF(D76="","",IF(D76=C76,1,0)) -> 1 | P76: =IF(D76="","",IF(D76<C76,1,0)) -> 0 | Q76: =IF(K76=0,1,0) -> 1 | R76: go1 | S76: =C76 -> 0 | T76: =D76 -> 0
A77: 46033 | B77: goiasgo | C77: 4 | D77: 0 | E77: =IF(C77="","",IF(C77>D77,3,IF(C77=D77,1,0))) -> 3 | F77: =IF(C77="","",IF(C77>D77,1,0)) -> 1 | G77: =IF(C77="","",IF(C77=D77,1,0)) -> 0 | H77: =IF(C77="","",IF(C77<D77,1,0)) -> 0 | I77: =IF(D77=0,1,0) -> 1 | J77: goiatubago | K77: =C77 -> 4 | L77: =D77 -> 0 | M77: =IF(D77="","",IF(D77>C77,3,IF(D77=C77,1,0))) -> 0 | N77: =IF(D77="","",IF(D77>C77,1,0)) -> 0 | O77: =IF(D77="","",IF(D77=C77,1,0)) -> 0 | P77: =IF(D77="","",IF(D77<C77,1,0)) -> 1 | Q77: =IF(K77=0,1,0) -> 0 | R77: go1 | S77: =C77 -> 4 | T77: =D77 -> 0 | U77: 1157 | V77: 1158 | W77: 1159 | X77: 1160
A78: 46033 | B78: anapolinago | C78: 1 | D78: 0 | E78: =IF(C78="","",IF(C78>D78,3,IF(C78=D78,1,0))) -> 3 | F78: =IF(C78="","",IF(C78>D78,1,0)) -> 1 | G78: =IF(C78="","",IF(C78=D78,1,0)) -> 0 | H78: =IF(C78="","",IF(C78<D78,1,0)) -> 0 | I78: =IF(D78=0,1,0) -> 1 | J78: inhumasgo | K78: =C78 -> 1 | L78: =D78 -> 0 | M78: =IF(D78="","",IF(D78>C78,3,IF(D78=C78,1,0))) -> 0 | N78: =IF(D78="","",IF(D78>C78,1,0)) -> 0 | O78: =IF(D78="","",IF(D78=C78,1,0)) -> 0 | P78: =IF(D78="","",IF(D78<C78,1,0)) -> 1 | Q78: =IF(K78=0,1,0) -> 0 | R78: go1 | S78: =C78 -> 1 | T78: =D78 -> 0 | U78: 1161
A79: 46033 | B79: tuntumma | C79: 0 | D79: 2 | E79: =IF(C79="","",IF(C79>D79,3,IF(C79=D79,1,0))) -> 0 | F79: =IF(C79="","",IF(C79>D79,1,0)) -> 0 | G79: =IF(C79="","",IF(C79=D79,1,0)) -> 0 | H79: =IF(C79="","",IF(C79<D79,1,0)) -> 1 | I79: =IF(D79=0,1,0) -> 0 | J79: luminensema | K79: =C79 -> 0 | L79: =D79 -> 2 | M79: =IF(D79="","",IF(D79>C79,3,IF(D79=C79,1,0))) -> 3 | N79: =IF(D79="","",IF(D79>C79,1,0)) -> 1 | O79: =IF(D79="","",IF(D79=C79,1,0)) -> 0 | P79: =IF(D79="","",IF(D79<C79,1,0)) -> 0 | Q79: =IF(K79=0,1,0) -> 1 | R79: ma1 | S79: =C79 -> 0 | T79: =D79 -> 2 | U79: 1184 | V79: 1185
A80: 46033 | B80: maranhaoma | C80: 1 | D80: 1 | E80: =IF(C80="","",IF(C80>D80,3,IF(C80=D80,1,0))) -> 1 | F80: =IF(C80="","",IF(C80>D80,1,0)) -> 0 | G80: =IF(C80="","",IF(C80=D80,1,0)) -> 1 | H80: =IF(C80="","",IF(C80<D80,1,0)) -> 0 | I80: =IF(D80=0,1,0) -> 0 | J80: motoclubma | K80: =C80 -> 1 | L80: =D80 -> 1 | M80: =IF(D80="","",IF(D80>C80,3,IF(D80=C80,1,0))) -> 1 | N80: =IF(D80="","",IF(D80>C80,1,0)) -> 0 | O80: =IF(D80="","",IF(D80=C80,1,0)) -> 1 | P80: =IF(D80="","",IF(D80<C80,1,0)) -> 0 | Q80: =IF(K80=0,1,0) -> 0 | R80: ma1 | S80: =C80 -> 1 | T80: =D80 -> 1 | U80: 1186 | V80: 1187
A81: 46033 | B81: iapema | C81: 1 | D81: 0 | E81: =IF(C81="","",IF(C81>D81,3,IF(C81=D81,1,0))) -> 3 | F81: =IF(C81="","",IF(C81>D81,1,0)) -> 1 | G81: =IF(C81="","",IF(C81=D81,1,0)) -> 0 | H81: =IF(C81="","",IF(C81<D81,1,0)) -> 0 | I81: =IF(D81=0,1,0) -> 1 | J81: itzsportma | K81: =C81 -> 1 | L81: =D81 -> 0 | M81: =IF(D81="","",IF(D81>C81,3,IF(D81=C81,1,0))) -> 0 | N81: =IF(D81="","",IF(D81>C81,1,0)) -> 0 | O81: =IF(D81="","",IF(D81=C81,1,0)) -> 0 | P81: =IF(D81="","",IF(D81<C81,1,0)) -> 1 | Q81: =IF(K81=0,1,0) -> 0 | R81: ma1 | S81: =C81 -> 1 | T81: =D81 -> 0 | U81: 9999
A82: 46033 | B82: atleticomg | C82: 1 | D82: 1 | E82: =IF(C82="","",IF(C82>D82,3,IF(C82=D82,1,0))) -> 1 | F82: =IF(C82="","",IF(C82>D82,1,0)) -> 0 | G82: =IF(C82="","",IF(C82=D82,1,0)) -> 1 | H82: =IF(C82="","",IF(C82<D82,1,0)) -> 0 | I82: =IF(D82=0,1,0) -> 0 | J82: betimmg | K82: =C82 -> 1 | L82: =D82 -> 1 | M82: =IF(D82="","",IF(D82>C82,3,IF(D82=C82,1,0))) -> 1 | N82: =IF(D82="","",IF(D82>C82,1,0)) -> 0 | O82: =IF(D82="","",IF(D82=C82,1,0)) -> 1 | P82: =IF(D82="","",IF(D82<C82,1,0)) -> 0 | Q82: =IF(K82=0,1,0) -> 0 | R82: mg1 | S82: =C82 -> 1 | T82: =D82 -> 1 | U82: 1145 | V82: 1146
A83: 46033 | B83: americamg | C83: 3 | D83: 0 | E83: =IF(C83="","",IF(C83>D83,3,IF(C83=D83,1,0))) -> 3 | F83: =IF(C83="","",IF(C83>D83,1,0)) -> 1 | G83: =IF(C83="","",IF(C83=D83,1,0)) -> 0 | H83: =IF(C83="","",IF(C83<D83,1,0)) -> 0 | I83: =IF(D83=0,1,0) -> 1 | J83: athleticmg | K83: =C83 -> 3 | L83: =D83 -> 0 | M83: =IF(D83="","",IF(D83>C83,3,IF(D83=C83,1,0))) -> 0 | N83: =IF(D83="","",IF(D83>C83,1,0)) -> 0 | O83: =IF(D83="","",IF(D83=C83,1,0)) -> 0 | P83: =IF(D83="","",IF(D83<C83,1,0)) -> 1 | Q83: =IF(K83=0,1,0) -> 0 | R83: mg1 | S83: =C83 -> 3 | T83: =D83 -> 0 | U83: 1147 | V83: 1148 | W83: 1149
A84: 46033 | B84: santacruzpe | C84: 3 | D84: 0 | E84: =IF(C84="","",IF(C84>D84,3,IF(C84=D84,1,0))) -> 3 | F84: =IF(C84="","",IF(C84>D84,1,0)) -> 1 | G84: =IF(C84="","",IF(C84=D84,1,0)) -> 0 | H84: =IF(C84="","",IF(C84<D84,1,0)) -> 0 | I84: =IF(D84=0,1,0) -> 1 | J84: decisaope | K84: =C84 -> 3 | L84: =D84 -> 0 | M84: =IF(D84="","",IF(D84>C84,3,IF(D84=C84,1,0))) -> 0 | N84: =IF(D84="","",IF(D84>C84,1,0)) -> 0 | O84: =IF(D84="","",IF(D84=C84,1,0)) -> 0 | P84: =IF(D84="","",IF(D84<C84,1,0)) -> 1 | Q84: =IF(K84=0,1,0) -> 0 | R84: pe1 | S84: =C84 -> 3 | T84: =D84 -> 0 | U84: 1175 | V84: 1176 | W84: 9999
A85: 46033 | B85: parnahybapi | C85: 2 | D85: 2 | E85: =IF(C85="","",IF(C85>D85,3,IF(C85=D85,1,0))) -> 1 | F85: =IF(C85="","",IF(C85>D85,1,0)) -> 0 | G85: =IF(C85="","",IF(C85=D85,1,0)) -> 1 | H85: =IF(C85="","",IF(C85<D85,1,0)) -> 0 | I85: =IF(D85=0,1,0) -> 0 | J85: atleticopi | K85: =C85 -> 2 | L85: =D85 -> 2 | M85: =IF(D85="","",IF(D85>C85,3,IF(D85=C85,1,0))) -> 1 | N85: =IF(D85="","",IF(D85>C85,1,0)) -> 0 | O85: =IF(D85="","",IF(D85=C85,1,0)) -> 1 | P85: =IF(D85="","",IF(D85<C85,1,0)) -> 0 | Q85: =IF(K85=0,1,0) -> 0 | R85: pi1 | S85: =C85 -> 2 | T85: =D85 -> 2 | U85: 1201 | V85: 1202 | W85: 1203 | X85: 1204
A86: 46033 | B86: corisabbapi | C86: 1 | D86: 2 | E86: =IF(C86="","",IF(C86>D86,3,IF(C86=D86,1,0))) -> 0 | F86: =IF(C86="","",IF(C86>D86,1,0)) -> 0 | G86: =IF(C86="","",IF(C86=D86,1,0)) -> 0 | H86: =IF(C86="","",IF(C86<D86,1,0)) -> 1 | I86: =IF(D86=0,1,0) -> 0 | J86: teresinapi | K86: =C86 -> 1 | L86: =D86 -> 2 | M86: =IF(D86="","",IF(D86>C86,3,IF(D86=C86,1,0))) -> 3 | N86: =IF(D86="","",IF(D86>C86,1,0)) -> 1 | O86: =IF(D86="","",IF(D86=C86,1,0)) -> 0 | P86: =IF(D86="","",IF(D86<C86,1,0)) -> 0 | Q86: =IF(K86=0,1,0) -> 0 | R86: pi1 | S86: =C86 -> 1 | T86: =D86 -> 2 | U86: 1205 | V86: 1206 | W86: 1207
A87: 46033 | B87: fozdoiguacupr | C87: 1 | D87: 1 | E87: =IF(C87="","",IF(C87>D87,3,IF(C87=D87,1,0))) -> 1 | F87: =IF(C87="","",IF(C87>D87,1,0)) -> 0 | G87: =IF(C87="","",IF(C87=D87,1,0)) -> 1 | H87: =IF(C87="","",IF(C87<D87,1,0)) -> 0 | I87: =IF(D87=0,1,0) -> 0 | J87: azurizpr | K87: =C87 -> 1 | L87: =D87 -> 1 | M87: =IF(D87="","",IF(D87>C87,3,IF(D87=C87,1,0))) -> 1 | N87: =IF(D87="","",IF(D87>C87,1,0)) -> 0 | O87: =IF(D87="","",IF(D87=C87,1,0)) -> 1 | P87: =IF(D87="","",IF(D87<C87,1,0)) -> 0 | Q87: =IF(K87=0,1,0) -> 0 | R87: pr1 | S87: =C87 -> 1 | T87: =D87 -> 1 | U87: 1020 | V87: 1150
A88: 46033 | B88: andrauspr | C88: 2 | D88: 0 | E88: =IF(C88="","",IF(C88>D88,3,IF(C88=D88,1,0))) -> 3 | F88: =IF(C88="","",IF(C88>D88,1,0)) -> 1 | G88: =IF(C88="","",IF(C88=D88,1,0)) -> 0 | H88: =IF(C88="","",IF(C88<D88,1,0)) -> 0 | I88: =IF(D88=0,1,0) -> 1 | J88: saojoseensepr | K88: =C88 -> 2 | L88: =D88 -> 0 | M88: =IF(D88="","",IF(D88>C88,3,IF(D88=C88,1,0))) -> 0 | N88: =IF(D88="","",IF(D88>C88,1,0)) -> 0 | O88: =IF(D88="","",IF(D88=C88,1,0)) -> 0 | P88: =IF(D88="","",IF(D88<C88,1,0)) -> 1 | Q88: =IF(K88=0,1,0) -> 0 | R88: pr1 | S88: =C88 -> 2 | T88: =D88 -> 0 | U88: 1151 | V88: 1152
A89: 46033 | B89: cianortepr | C89: 1 | D89: 1 | E89: =IF(C89="","",IF(C89>D89,3,IF(C89=D89,1,0))) -> 1 | F89: =IF(C89="","",IF(C89>D89,1,0)) -> 0 | G89: =IF(C89="","",IF(C89=D89,1,0)) -> 1 | H89: =IF(C89="","",IF(C89<D89,1,0)) -> 0 | I89: =IF(D89=0,1,0) -> 0 | J89: athleticopr | K89: =C89 -> 1 | L89: =D89 -> 1 | M89: =IF(D89="","",IF(D89>C89,3,IF(D89=C89,1,0))) -> 1 | N89: =IF(D89="","",IF(D89>C89,1,0)) -> 0 | O89: =IF(D89="","",IF(D89=C89,1,0)) -> 1 | P89: =IF(D89="","",IF(D89<C89,1,0)) -> 0 | Q89: =IF(K89=0,1,0) -> 0 | R89: pr1 | S89: =C89 -> 1 | T89: =D89 -> 1 | U89: 1153 | V89: 1154
A90: 46033 | B90: galomaringapr | C90: 0 | D90: 1 | E90: =IF(C90="","",IF(C90>D90,3,IF(C90=D90,1,0))) -> 0 | F90: =IF(C90="","",IF(C90>D90,1,0)) -> 0 | G90: =IF(C90="","",IF(C90=D90,1,0)) -> 0 | H90: =IF(C90="","",IF(C90<D90,1,0)) -> 1 | I90: =IF(D90=0,1,0) -> 0 | J90: cascavelpr | K90: =C90 -> 0 | L90: =D90 -> 1 | M90: =IF(D90="","",IF(D90>C90,3,IF(D90=C90,1,0))) -> 3 | N90: =IF(D90="","",IF(D90>C90,1,0)) -> 1 | O90: =IF(D90="","",IF(D90=C90,1,0)) -> 0 | P90: =IF(D90="","",IF(D90<C90,1,0)) -> 0 | Q90: =IF(K90=0,1,0) -> 1 | R90: pr1 | S90: =C90 -> 0 | T90: =D90 -> 1 | U90: 1155
A91: 46033 | B91: flamengorj | C91: 1 | D91: 1 | E91: =IF(C91="","",IF(C91>D91,3,IF(C91=D91,1,0))) -> 1 | F91: =IF(C91="","",IF(C91>D91,1,0)) -> 0 | G91: =IF(C91="","",IF(C91=D91,1,0)) -> 1 | H91: =IF(C91="","",IF(C91<D91,1,0)) -> 0 | I91: =IF(D91=0,1,0) -> 0 | J91: portuguesarj | K91: =C91 -> 1 | L91: =D91 -> 1 | M91: =IF(D91="","",IF(D91>C91,3,IF(D91=C91,1,0))) -> 1 | N91: =IF(D91="","",IF(D91>C91,1,0)) -> 0 | O91: =IF(D91="","",IF(D91=C91,1,0)) -> 1 | P91: =IF(D91="","",IF(D91<C91,1,0)) -> 0 | Q91: =IF(K91=0,1,0) -> 0 | R91: rj1 | S91: =C91 -> 1 | T91: =D91 -> 1 | U91: 1139 | V91: 1140
A92: 46033 | B92: globorn | C92: 0 | D92: 1 | E92: =IF(C92="","",IF(C92>D92,3,IF(C92=D92,1,0))) -> 0 | F92: =IF(C92="","",IF(C92>D92,1,0)) -> 0 | G92: =IF(C92="","",IF(C92=D92,1,0)) -> 0 | H92: =IF(C92="","",IF(C92<D92,1,0)) -> 1 | I92: =IF(D92=0,1,0) -> 0 | J92: qfcrn | K92: =C92 -> 0 | L92: =D92 -> 1 | M92: =IF(D92="","",IF(D92>C92,3,IF(D92=C92,1,0))) -> 3 | N92: =IF(D92="","",IF(D92>C92,1,0)) -> 1 | O92: =IF(D92="","",IF(D92=C92,1,0)) -> 0 | P92: =IF(D92="","",IF(D92<C92,1,0)) -> 0 | Q92: =IF(K92=0,1,0) -> 1 | R92: rn1 | S92: =C92 -> 0 | T92: =D92 -> 1 | U92: 9999
A93: 46033 | B93: santacruzrn | C93: 0 | D93: 1 | E93: =IF(C93="","",IF(C93>D93,3,IF(C93=D93,1,0))) -> 0 | F93: =IF(C93="","",IF(C93>D93,1,0)) -> 0 | G93: =IF(C93="","",IF(C93=D93,1,0)) -> 0 | H93: =IF(C93="","",IF(C93<D93,1,0)) -> 1 | I93: =IF(D93=0,1,0) -> 0 | J93: potiguarrn | K93: =C93 -> 0 | L93: =D93 -> 1 | M93: =IF(D93="","",IF(D93>C93,3,IF(D93=C93,1,0))) -> 3 | N93: =IF(D93="","",IF(D93>C93,1,0)) -> 1 | O93: =IF(D93="","",IF(D93=C93,1,0)) -> 0 | P93: =IF(D93="","",IF(D93<C93,1,0)) -> 0 | Q93: =IF(K93=0,1,0) -> 1 | R93: rn1 | S93: =C93 -> 0 | T93: =D93 -> 1 | U93: 1181
A94: 46033 | B94: abcrn | C94: 2 | D94: 0 | E94: =IF(C94="","",IF(C94>D94,3,IF(C94=D94,1,0))) -> 3 | F94: =IF(C94="","",IF(C94>D94,1,0)) -> 1 | G94: =IF(C94="","",IF(C94=D94,1,0)) -> 0 | H94: =IF(C94="","",IF(C94<D94,1,0)) -> 0 | I94: =IF(D94=0,1,0) -> 1 | J94: lagunarn | K94: =C94 -> 2 | L94: =D94 -> 0 | M94: =IF(D94="","",IF(D94>C94,3,IF(D94=C94,1,0))) -> 0 | N94: =IF(D94="","",IF(D94>C94,1,0)) -> 0 | O94: =IF(D94="","",IF(D94=C94,1,0)) -> 0 | P94: =IF(D94="","",IF(D94<C94,1,0)) -> 1 | Q94: =IF(K94=0,1,0) -> 0 | R94: rn1 | S94: =C94 -> 2 | T94: =D94 -> 0 | U94: 1183 | V94: 2466
A95: 46033 | B95: saoluizrs | C95: 1 | D95: 1 | E95: =IF(C95="","",IF(C95>D95,3,IF(C95=D95,1,0))) -> 1 | F95: =IF(C95="","",IF(C95>D95,1,0)) -> 0 | G95: =IF(C95="","",IF(C95=D95,1,0)) -> 1 | H95: =IF(C95="","",IF(C95<D95,1,0)) -> 0 | I95: =IF(D95=0,1,0) -> 0 | J95: caxiasrs | K95: =C95 -> 1 | L95: =D95 -> 1 | M95: =IF(D95="","",IF(D95>C95,3,IF(D95=C95,1,0))) -> 1 | N95: =IF(D95="","",IF(D95>C95,1,0)) -> 0 | O95: =IF(D95="","",IF(D95=C95,1,0)) -> 1 | P95: =IF(D95="","",IF(D95<C95,1,0)) -> 0 | Q95: =IF(K95=0,1,0) -> 0 | R95: rs1 | S95: =C95 -> 1 | T95: =D95 -> 1 | U95: 1141 | V95: 1142
A96: 46033 | B96: internacionalrs | C96: 2 | D96: 1 | E96: =IF(C96="","",IF(C96>D96,3,IF(C96=D96,1,0))) -> 3 | F96: =IF(C96="","",IF(C96>D96,1,0)) -> 1 | G96: =IF(C96="","",IF(C96=D96,1,0)) -> 0 | H96: =IF(C96="","",IF(C96<D96,1,0)) -> 0 | I96: =IF(D96=0,1,0) -> 0 | J96: novohamburgors | K96: =C96 -> 2 | L96: =D96 -> 1 | M96: =IF(D96="","",IF(D96>C96,3,IF(D96=C96,1,0))) -> 0 | N96: =IF(D96="","",IF(D96>C96,1,0)) -> 0 | O96: =IF(D96="","",IF(D96=C96,1,0)) -> 0 | P96: =IF(D96="","",IF(D96<C96,1,0)) -> 1 | Q96: =IF(K96=0,1,0) -> 0 | R96: rs1 | S96: =C96 -> 2 | T96: =D96 -> 1 | U96: 9999 | V96: 1143 | W96: 1144
A97: 46033 | B97: saojosers | C97: 0 | D97: 0 | E97: =IF(C97="","",IF(C97>D97,3,IF(C97=D97,1,0))) -> 1 | F97: =IF(C97="","",IF(C97>D97,1,0)) -> 0 | G97: =IF(C97="","",IF(C97=D97,1,0)) -> 1 | H97: =IF(C97="","",IF(C97<D97,1,0)) -> 0 | I97: =IF(D97=0,1,0) -> 1 | J97: intersmrs | K97: =C97 -> 0 | L97: =D97 -> 0 | M97: =IF(D97="","",IF(D97>C97,3,IF(D97=C97,1,0))) -> 1 | N97: =IF(D97="","",IF(D97>C97,1,0)) -> 0 | O97: =IF(D97="","",IF(D97=C97,1,0)) -> 1 | P97: =IF(D97="","",IF(D97<C97,1,0)) -> 0 | Q97: =IF(K97=0,1,0) -> 1 | R97: rs1 | S97: =C97 -> 0 | T97: =D97 -> 0
A98: 46033 | B98: concordiasc | C98: 0 | D98: 0 | E98: =IF(C98="","",IF(C98>D98,3,IF(C98=D98,1,0))) -> 1 | F98: =IF(C98="","",IF(C98>D98,1,0)) -> 0 | G98: =IF(C98="","",IF(C98=D98,1,0)) -> 1 | H98: =IF(C98="","",IF(C98<D98,1,0)) -> 0 | I98: =IF(D98=0,1,0) -> 1 | J98: santacatarinasc | K98: =C98 -> 0 | L98: =D98 -> 0 | M98: =IF(D98="","",IF(D98>C98,3,IF(D98=C98,1,0))) -> 1 | N98: =IF(D98="","",IF(D98>C98,1,0)) -> 0 | O98: =IF(D98="","",IF(D98=C98,1,0)) -> 1 | P98: =IF(D98="","",IF(D98<C98,1,0)) -> 0 | Q98: =IF(K98=0,1,0) -> 1 | R98: sc1 | S98: =C98 -> 0 | T98: =D98 -> 0
A99: 46033 | B99: camboriusc | C99: 2 | D99: 0 | E99: =IF(C99="","",IF(C99>D99,3,IF(C99=D99,1,0))) -> 3 | F99: =IF(C99="","",IF(C99>D99,1,0)) -> 1 | G99: =IF(C99="","",IF(C99=D99,1,0)) -> 0 | H99: =IF(C99="","",IF(C99<D99,1,0)) -> 0 | I99: =IF(D99=0,1,0) -> 1 | J99: chapecoensesc | K99: =C99 -> 2 | L99: =D99 -> 0 | M99: =IF(D99="","",IF(D99>C99,3,IF(D99=C99,1,0))) -> 0 | N99: =IF(D99="","",IF(D99>C99,1,0)) -> 0 | O99: =IF(D99="","",IF(D99=C99,1,0)) -> 0 | P99: =IF(D99="","",IF(D99<C99,1,0)) -> 1 | Q99: =IF(K99=0,1,0) -> 0 | R99: sc1 | S99: =C99 -> 2 | T99: =D99 -> 0 | U99: 1162 | V99: 1163
A100: 46033 | B100: criciumasc | C100: 2 | D100: 1 | E100: =IF(C100="","",IF(C100>D100,3,IF(C100=D100,1,0))) -> 3 | F100: =IF(C100="","",IF(C100>D100,1,0)) -> 1 | G100: =IF(C100="","",IF(C100=D100,1,0)) -> 0 | H100: =IF(C100="","",IF(C100<D100,1,0)) -> 0 | I100: =IF(D100=0,1,0) -> 0 | J100: avaisc | K100: =C100 -> 2 | L100: =D100 -> 1 | M100: =IF(D100="","",IF(D100>C100,3,IF(D100=C100,1,0))) -> 0 | N100: =IF(D100="","",IF(D100>C100,1,0)) -> 0 | O100: =IF(D100="","",IF(D100=C100,1,0)) -> 0 | P100: =IF(D100="","",IF(D100<C100,1,0)) -> 1 | Q100: =IF(K100=0,1,0) -> 0 | R100: sc1 | S100: =C100 -> 2 | T100: =D100 -> 1 | U100: 9999 | V100: 1165 | W100: 1166
...

Sheet ART
A1: POS | B1: COD | C1: JOGADOR | D1: CLUBE | E1: NOME_COMPLETO | F1: NASCIMENTO | G1: PAIS | H1: GOLS | I1: JOGOS | J1: OBSERVAÇÕES
A2: 1º | B2: 5081 | C2: John | D2: 1992-RS | E2: John de Aquino Nunes | F2: 38478 | G2: Brasil | H2: =COUNTIF(CAL!U:AN,B2) -> 2 | I2: 8 | J2: 1 jaraguars | K2: =MONTH(F2) -> 5 | L2: =YEAR(F2) -> 2005
A3: 2º | B3: 5507 | C3: Luan | D3: 4 de julho-PI | H3: =COUNTIF(CAL!U:AN,B3) -> 1 | K3: =MONTH(F3) -> 1 | L3: =YEAR(F3) -> 1900
A4: 3º | B4: 5508 | C4: Wendel | D4: 4 de julho-PI | H4: =COUNTIF(CAL!U:AN,B4) -> 1 | K4: =MONTH(F4) -> 1 | L4: =YEAR(F4) -> 1900
A5: 4º | B5: 1715 | C5: Brunão | D5: ABC-RN | E5: Bruno Vitor Ribeiro Rodrigues | F5: 35970 | G5: Brasil | H5: =COUNTIF(CAL!U:AN,B5) -> 4 | I5: 8 | J5: 2 boavistarj | K5: =MONTH(F5) -> 6 | L5: =YEAR(F5) -> 1998
A6: 5º | B6: 3417 | C6: Bruno Leite | D6: ABC-RN | E6: Bruno da Silva Costa Leite | F6: 36623 | G6: Brasil | H6: =COUNTIF(CAL!U:AN,B6) -> 5 | I6: 15 | K6: =MONTH(F6) -> 4 | L6: =YEAR(F6) -> 2000
A7: 6º | B7: 2117 | C7: Cayo Tenorio | D7: ABC-RN | E7: Cayo Henrique Nascimento Ferreira | F7: 36213 | G7: Brasil | H7: =COUNTIF(CAL!U:AN,B7) -> 1 | I7: 5 | K7: =MONTH(F7) -> 2 | L7: =YEAR(F7) -> 1999
A8: 7º | B8: 1183 | C8: Edson | D8: ABC-RN | E8: Edson Felipe da Cruz | F8: 33420 | G8: Brasil | H8: =COUNTIF(CAL!U:AN,B8) -> 5 | I8: 15 | K8: =MONTH(F8) -> 7 | L8: =YEAR(F8) -> 1991
A9: 8º | B9: 4178 | C9: Emanuel | D9: ABC-RN | E9: Emanuel Junio da Silva Peixoto | F9: 38641 | G9: Brasil | H9: =COUNTIF(CAL!U:AN,B9) -> 1 | I9: 4 | K9: =MONTH(F9) -> 10 | L9: =YEAR(F9) -> 2005
A10: 9º | B10: 1450 | C10: Geilson | D10: ABC-RN | E10: Geilson Cequeira Almeida | F10: 37057 | G10: Brasil | H10: =COUNTIF(CAL!U:AN,B10) -> 1 | I10: 11 | K10: =MONTH(F10) -> 6 | L10: =YEAR(F10) -> 2001
A11: 10º | B11: 1453 | C11: Igor Bahia | D11: ABC-RN | E11: Igor Ruan Sousa dos Santos | F11: 34025 | G11: Brasil | H11: =COUNTIF(CAL!U:AN,B11) -> 13 | I11: 29 | K11: =MONTH(F11) -> 2 | L11: =YEAR(F11) -> 1993
A12: 11º | B12: 3603 | C12: Jhosefer | D12: ABC-RN | E12: Jhosefer Raphael Januario | F12: 38055 | G12: Brasil | H12: =COUNTIF(CAL!U:AN,B12) -> 4 | I12: 6 | K12: =MONTH(F12) -> 3 | L12: =YEAR(F12) -> 2004
A13: 12º | B13: 3878 | C13: João Pedro | D13: ABC-RN | E13: João Pedro Florencio Barbosa | F13: 36070 | G13: Brasil | H13: =COUNTIF(CAL!U:AN,B13) -> 2 | I13: 17 | K13: =MONTH(F13) -> 10 | L13: =YEAR(F13) -> 1998
A14: 13º | B14: 3418 | C14: Lima | D14: ABC-RN | E14: Guilherme Natan de Lima | F14: 36289 | G14: Brasil | H14: =COUNTIF(CAL!U:AN,B14) -> 2 | I14: 13 | K14: =MONTH(F14) -> 5 | L14: =YEAR(F14) -> 1999
A15: 14º | B15: 1452 | C15: Lucas Marques | D15: ABC-RN | E15: Lucas Alexandre Marques Otaviano | F15: 35956 | G15: Brasil | H15: =COUNTIF(CAL!U:AN,B15) -> 2 | I15: 14 | K15: =MONTH(F15) -> 6 | L15: =YEAR(F15) -> 1998
A16: 15º | B16: 1321 | C16: Lucas Souza | D16: ABC-RN | E16: Lucas do Carmo Souza | F16: 35801 | G16: Brasil | H16: =COUNTIF(CAL!U:AN,B16) -> 1 | I16: 14 | K16: =MONTH(F16) -> 1 | L16: =YEAR(F16) -> 1998
A17: 16º | B17: 2043 | C17: Luiz Fernando | D17: ABC-RN | E17: Luiz Fernando Ferreira de Souza | F17: 36352 | G17: Brasil | H17: =COUNTIF(CAL!U:AN,B17) -> 9 | I17: 11 | J17: 1 primaverasp | K17: =MONTH(F17) -> 7 | L17: =YEAR(F17) -> 1999
A18: 17º | B18: 2037 | C18: Rikelmi | D18: ABC-RN | E18: Rikelmi Valentim dos Santos | F18: 37117 | G18: Brasil | H18: =COUNTIF(CAL!U:AN,B18) -> 4 | I18: 23 | J18: 3 saojosesp | K18: =MONTH(F18) -> 8 | L18: =YEAR(F18) -> 2001
A19: 18º | B19: 2311 | C19: Thalissinho | D19: ABC-RN | E19: Thalisson de Sousa Oliveira | F19: 38690 | G19: Brasil | H19: =COUNTIF(CAL!U:AN,B19) -> 1 | I19: 5 | K19: =MONTH(F19) -> 12 | L19: =YEAR(F19) -> 2005
A20: 19º | B20: 2116 | C20: Wallyson | D20: ABC-RN | E20: Wallyson Ricardo Maciel Monteiro | F20: 32433 | G20: Brasil | H20: =COUNTIF(CAL!U:AN,B20) -> 13 | I20: 30 | K20: =MONTH(F20) -> 10 | L20: =YEAR(F20) -> 1988
A21: 20º | B21: 3760 | C21: Welligton Carvalho | D21: ABC-RN | E21: Wellington Carvalho dos Santos | F21: 34015 | G21: Brasil | H21: =COUNTIF(CAL!U:AN,B21) -> 3 | I21: 20 | K21: =MONTH(F21) -> 2 | L21: =YEAR(F21) -> 1993
A22: 21º | B22: 3194 | C22: Wellington Reis | D22: ABC-RN | E22: Wellington Rodrigues dos Reis | F22: 33587 | G22: Brasil | H22: =COUNTIF(CAL!U:AN,B22) -> 2 | I22: 9 | J22: 1 qfcrn | K22: =MONTH(F22) -> 12 | L22: =YEAR(F22) -> 1991
A23: 22º | B23: 1078 | C23: Alan Bald | D23: Abecat-GO | E23: Alan Henrique Bald | F23: 34636 | G23: Brasil | H23: =COUNTIF(CAL!U:AN,B23) -> 1 | I23: 3 | K23: =MONTH(F23) -> 10 | L23: =YEAR(F23) -> 1994
A24: 23º | B24: 2404 | C24: Alan Junior | D24: Abecat-GO | E24: Alan Junior Martins Oliveira | F24: 34069 | G24: Brasil | H24: =COUNTIF(CAL!U:AN,B24) -> 2 | I24: 13 | K24: =MONTH(F24) -> 4 | L24: =YEAR(F24) -> 1993
A25: 24º | B25: 4384 | C25: Kadu | D25: Abecat-GO | E25: Carlos Eduardo Antonio dos Santos | F25: 35316 | G25: Brasil | H25: =COUNTIF(CAL!U:AN,B25) -> 1 | I25: 15 | K25: =MONTH(F25) -> 9 | L25: =YEAR(F25) -> 1996
A26: 25º | B26: 4529 | C26: Marcos Moser | D26: Abecat-GO | E26: Marcos Moser Preto | F26: 35932 | G26: Brasil | H26: =COUNTIF(CAL!U:AN,B26) -> 1 | I26: 11 | K26: =MONTH(F26) -> 5 | L26: =YEAR(F26) -> 1998
A27: 26º | B27: 2403 | C27: Rafael Dumas | D27: Abecat-GO | E27: Rafael Dumas Ribeiro | F27: 34771 | G27: Brasil | H27: =COUNTIF(CAL!U:AN,B27) -> 1 | I27: 19 | K27: =MONTH(F27) -> 3 | L27: =YEAR(F27) -> 1995
A28: 27º | B28: 2763 | C28: Uesley Gaucho | D28: Abecat-GO | E28: Uesley Moura Heinemann | F28: 36992 | G28: Brasil | H28: =COUNTIF(CAL!U:AN,B28) -> 1 | I28: 16 | K28: =MONTH(F28) -> 4 | L28: =YEAR(F28) -> 2001
A29: 28º | B29: 3705 | C29: Adrianinho | D29: Ação-MT | E29: Adriano Alencar de Barros | F29: 37277 | G29: Brasil | H29: =COUNTIF(CAL!U:AN,B29) -> 2 | I29: 2 | K29: =MONTH(F29) -> 1 | L29: =YEAR(F29) -> 2002
A30: 29º | B30: 3742 | C30: Albino | D30: Ação-MT | E30: Arthur Albino da Silva | F30: 39058 | G30: Brasil | H30: =COUNTIF(CAL!U:AN,B30) -> 1 | I30: 2 | K30: =MONTH(F30) -> 12 | L30: =YEAR(F30) -> 2006
A31: 30º | B31: 4377 | C31: Daniel Lucas | D31: Ação-MT | E31: Daniel Lucas Duarte Batista | F31: 38225 | G31: Brasil | H31: =COUNTIF(CAL!U:AN,B31) -> 1 | I31: 5 | K31: =MONTH(F31) -> 8 | L31: =YEAR(F31) -> 2004
A32: 31º | B32: 4158 | C32: Diego | D32: Ação-MT | E32: Diego do Nascimento Estrela | F32: 37879 | G32: Brasil | H32: =COUNTIF(CAL!U:AN,B32) -> 1 | I32: 15 | K32: =MONTH(F32) -> 9 | L32: =YEAR(F32) -> 2003
A33: 32º | B33: 2308 | C33: Euller | D33: Ação-MT | E33: Euller da Silva Rodrigues | F33: 34729 | G33: Brasil | H33: =COUNTIF(CAL!U:AN,B33) -> 3 | I33: 12 | J33: 2 lagunarn | K33: =MONTH(F33) -> 1 | L33: =YEAR(F33) -> 1995
A34: 33º | B34: 4346 | C34: Ryan | D34: Ação-MT | E34: Ryan Fellipe da Silva Viana | F34: 38909 | G34: Brasil | H34: =COUNTIF(CAL!U:AN,B34) -> 2 | I34: 4 | K34: =MONTH(F34) -> 7 | L34: =YEAR(F34) -> 2006
A35: 34º | B35: 4157 | C35: Samuca | D35: Ação-MT | E35: Sameul Gomes Salles dos Santos | F35: 37533 | G35: Brasil | H35: =COUNTIF(CAL!U:AN,B35) -> 1 | I35: 4 | K35: =MONTH(F35) -> 10 | L35: =YEAR(F35) -> 2002
A36: 35º | B36: 5278 | C36: Bruno | D36: Acopiara-CE | E36: Bruno Rafael da Silva | F36: 36957 | G36: Brasil | H36: =COUNTIF(CAL!U:AN,B36) -> 3 | I36: 14 | K36: =MONTH(F36) -> 3 | L36: =YEAR(F36) -> 2001
A37: 36º | B37: 3732 | C37: Davi | D37: Acopiara-CE | E37: Davi Tibúrcio da Silva | F37: 36477 | G37: Brasil | H37: =COUNTIF(CAL!U:AN,B37) -> 7 | I37: 11 | J37: 1 guaranice | K37: =MONTH(F37) -> 11 | L37: =YEAR(F37) -> 1999
A38: 37º | B38: 1197 | C38: Kaio | D38: Acopiara-CE | E38: Kaio Henrique Oliveira das Chagas | F38: 38259 | G38: Brasil | H38: =COUNTIF(CAL!U:AN,B38) -> 2 | I38: 15 | J38: 2 guaranyse | K38: =MONTH(F38) -> 9 | L38: =YEAR(F38) -> 2004
A39: 38º | B39: 5500 | C39: Kauan | D39: Acopiara-CE | H39: =COUNTIF(CAL!U:AN,B39) -> 1 | K39: =MONTH(F39) -> 1 | L39: =YEAR(F39) -> 1900
A40: 39º | B40: 5226 | C40: Leandrinho | D40: Acopiara-CE | E40: José Leandro Cândido de Paula | F40: 36867 | G40: Brasil | H40: =COUNTIF(CAL!U:AN,B40) -> 1 | I40: 14 | K40: =MONTH(F40) -> 12 | L40: =YEAR(F40) -> 2000
A41: 40º | B41: 5224 | C41: Pablo Vinicius | D41: Acopiara-CE | E41: Pablo Vinicius Pereira dos Santos | F41: 36421 | G41: Brasil | H41: =COUNTIF(CAL!U:AN,B41) -> 1 | I41: 12 | K41: =MONTH(F41) -> 9 | L41: =YEAR(F41) -> 1999
A42: 41º | B42: 4592 | C42: lucas Pereira | D42: ADEC-AP | E42: Lucas Pereira dos Santos | F42: 39139 | G42: Brasil | H42: =COUNTIF(CAL!U:AN,B42) -> 1 | I42: 3 | K42: =MONTH(F42) -> 2 | L42: =YEAR(F42) -> 2007
A43: 42º | B43: 4360 | C43: Ryan | D43: ADEC-AP | E43: Ryan Augusto Silveira Martins | F43: 39311 | G43: Brasil | H43: =COUNTIF(CAL!U:AN,B43) -> 2 | I43: 2 | K43: =MONTH(F43) -> 8 | L43: =YEAR(F43) -> 2007
A44: 43º | B44: 4359 | C44: Sávio Andrei | D44: ADEC-AP | E44: Sávio Andrei Medeiros Miranda | F44: 36294 | G44: Brasil | H44: =COUNTIF(CAL!U:AN,B44) -> 5 | I44: 2 | K44: =MONTH(F44) -> 5 | L44: =YEAR(F44) -> 1999
A45: 44º | B45: 4596 | C45: Victor Luan | D45: ADEC-AP | E45: Victor Luan Rodrigues Siqueira | F45: 39388 | G45: Brasil | H45: =COUNTIF(CAL!U:AN,B45) -> 1 | I45: 7 | K45: =MONTH(F45) -> 11 | L45: =YEAR(F45) -> 2007
A46: 45º | B46: 4499 | C46: William | D46: ADEC-AP | E46: William Gustavo Monteiro Barbosa | F46: 38201 | G46: Brasil | H46: =COUNTIF(CAL!U:AN,B46) -> 1 | I46: 3 | K46: =MONTH(F46) -> 8 | L46: =YEAR(F46) -> 2004
A47: 46º | B47: 2982 | C47: Douglas | D47: ADESG-AC | E47: Antonio Douglas Marins da Silva | F47: 35630 | G47: Brasil | H47: =COUNTIF(CAL!U:AN,B47) -> 1 | I47: 6 | K47: =MONTH(F47) -> 7 | L47: =YEAR(F47) -> 1997
A48: 47º | B48: 3092 | C48: Pedro Careca | D48: ADESG-AC | E48: Pedro Henrique Bezerra Carvalho | F48: 38303 | G48: Brasil | H48: =COUNTIF(CAL!U:AN,B48) -> 1 | I48: 6 | K48: =MONTH(F48) -> 11 | L48: =YEAR(F48) -> 2004
A49: 48º | B49: 2136 | C49: Polaco | D49: ADESG-AC | E49: Jardson Almeida Monteiro | F49: 34202 | G49: Brasil | H49: =COUNTIF(CAL!U:AN,B49) -> 1 | I49: 7 | K49: =MONTH(F49) -> 8 | L49: =YEAR(F49) -> 1993
A50: 49º | B50: 2362 | C50: Vinicius | D50: ADESG-AC | E50: Vinicius Aparecido Fernandes da Silva | F50: 35448 | G50: Brasil | H50: =COUNTIF(CAL!U:AN,B50) -> 1 | I50: 5 | K50: =MONTH(F50) -> 1 | L50: =YEAR(F50) -> 1997
A51: 50º | B51: 2038 | C51: Cesinha | D51: Água Santa-SP | E51: Mário César Belli | F51: 35144 | G51: Brasil | H51: =COUNTIF(CAL!U:AN,B51) -> 3 | I51: 15 | K51: =MONTH(F51) -> 3 | L51: =YEAR(F51) -> 1996
... A54: 53º | B54: 1844 | C54: Gustavo | D54: Água Santa-SP | E54: Gustavo Alexandre Barbosa do Nascimento | F54: 34212 | G54: Brasil | H54: =COUNTIF(CAL!U:AN,B54) -> 7 | I54: 17 | K54: =MONTH(F54) -> 8 | L54: =YEAR(F54) -> 1993
A55: 54º | B55: 2250 | C55: Jonathan | D55: Água Santa-SP | E55: Jonathan Lisboa Schmidt | F55: 34526 | G55: Brasil | H55: =COUNTIF(CAL!U:AN,B55) -> 1 | I55: 13 | J55: 1 marciliodiassc | K55: =MONTH(F55) -> 7 | L55: =YEAR(F55) -> 1994
A56: 55º | B56: 3320 | C56: Leo Pereira | D56: Água Santa-SP | E56: Leonardo Pereira dos Santos | F56: 35815 | G56: Brasil | H56: =COUNTIF(CAL!U:AN,B56) -> 1 | I56: 18 | K56: =MONTH(F56) -> 1 | L56: =YEAR(F56) -> 1998
A57: 56º | B57: 1331 | C57: Levi | D57: Água Santa-SP | E57: Levi Araujo Oliveira | F57: 35304 | G57: Brasil | H57: =COUNTIF(CAL!U:AN,B57) -> 8 | I57: 15 | K57: =MONTH(F57) -> 8 | L57: =YEAR(F57) -> 1996
A58: 57º | B58: 1332 | C58: Netinho | D58: Água Santa-SP | E58: Jose Domingos de Moraes Neto | F58: 35782 | G58: Brasil | H58: =COUNTIF(CAL!U:AN,B58) -> 3 | I58: 16 | K58: =MONTH(F58) -> 12 | L58: =YEAR(F58) -> 1997
A59: 58º | B59: 2898 | C59: Nicholas | D59: Água Santa-SP | E59: Nicholas de Souza Ienczczak | F59: 36679 | G59: Brasil | H59: =COUNTIF(CAL!U:AN,B59) -> 1 | I59: 9 | K59: =MONTH(F59) -> 6 | L59: =YEAR(F59) -> 2000
A60: 59º | B60: 4180 | C60: Richard | D60: Água Santa-SP | E60: Richard Alexandre Birkhuen | F60: 36444 | G60: Brasil | H60: =COUNTIF(CAL!U:AN,B60) -> 1 | I60: 10 | K60: =MONTH(F60) -> 10 | L60: =YEAR(F60) -> 1999
A61: 60º | B61: 2899 | C61: Roger | D61: Água Santa-SP | E61: Roger Felippo Floriano Espindola | F61: 38035 | G61: Brasil | H61: =COUNTIF(CAL!U:AN,B61) -> 2 | I61: 11 | K61: =MONTH(F61) -> 2 | L61: =YEAR(F61) -> 2004
A62: 61º | B62: 3769 | C62: Villian | D62: Água Santa-SP | E62: Villian Guilherme Gonçalves Vieira | F62: 37914 | G62: Brasil | H62: =COUNTIF(CAL!U:AN,B62) -> 1 | I62: 17 | K62: =MONTH(F62) -> 10 | L62: =YEAR(F62) -> 2003
A63: 62º | B63: 1498 | C63: Vitao | D63: Água Santa-SP | E63: Vitor Alberto Alves Ribeiro | F63: 36538 | G63: Brasil | H63: =COUNTIF(CAL!U:AN,B63) -> 3 | I63: 15 | K63: =MONTH(F63) -> 1 | L63: =YEAR(F63) -> 2000
A64: 63º | B64: 3654 | C64: Vitinho | D64: Água Santa-SP | E64: Victor Daniel Cristalino Rodrigues | F64: 36621 | G64: Brasil | H64: =COUNTIF(CAL!U:AN,B64) -> 1 | I64: 13 | K64: =MONTH(F64) -> 4 | L64: =YEAR(F64) -> 2000
A65: 64º | B65: 4978 | C65: Carlos Maia | D65: Águia de Marabá-PA | E65: Carlos Eduardo Maia do nascimento | F65: 37013 | G65: Brasil | H65: =COUNTIF(CAL!U:AN,B65) -> 1 | I65: 26 | K65: =MONTH(F65) -> 5 | L65: =YEAR(F65) -> 2001
A66: 65º | B66: 2632 | C66: Dede | D66: Águia de Marabá-PA | E66: Diney Silva da Costa | F66: 34851 | G66: Brasil | H66: =COUNTIF(CAL!U:AN,B66) -> 2 | I66: 27 | K66: =MONTH(F66) -> 6 | L66: =YEAR(F66) -> 1995
A67: 66º | B67: 2490 | C67: Diogo Carlos | D67: Águia de Marabá-PA | E67: Diogo Carlos Santos | F67: 34185 | G67: Brasil | H67: =COUNTIF(CAL!U:AN,B67) -> 6 | I67: 23 | K67: =MONTH(F67) -> 8 | L67: =YEAR(F67) -> 1993
... A72: 71º | B72: 2197 | C72: Weslley Santos | D72: Águia de Marabá-PA | E72: Cicero Weslley Silva Santos | F72: 37306 | G72: Brasil | H72: =COUNTIF(CAL!U:AN,B72) -> 2 | I72: 27 | K72: =MONTH(F72) -> 2 | L72: =YEAR(F72) -> 2002
A73: 72º | B73: 2351 | C73: Didinho | D73: Águia Negra-MS | E73: Adrian Pereira dos Santos | F73: 36927 | G73: Brasil | H73: =COUNTIF(CAL!U:AN,B73) -> 1 | I73: 12 | J73: 1 Nova Mutum-MT | K73: =MONTH(F73) -> 2 | L73: =YEAR(F73) -> 2001
A74: 73º | B74: 1835 | C74: Etoo | D74: Águia Negra-MS | E74: Igor Sasculo dos Santos | F74: 35743 | G74: Brasil | H74: =COUNTIF(CAL!U:AN,B74) -> 1 | I74: 7 | K74: =MONTH(F74) -> 11 | L74: =YEAR(F74) -> 1997
A75: 74º | B75: 2584 | C75: Jo | D75: Águia Negra-MS | E75: Josivaldo Pereira Nunes | F75: 31800 | G75: Brasil | H75: =COUNTIF(CAL!U:AN,B75) -> 1 | I75: 7 | K75: =MONTH(F75) -> 1 | L75: =YEAR(F75) -> 1987
A76: 75º | B76: 2594 | C76: Ariel | D76: Aimoré-RS | E76: Ariel da Silva Marques | F76: 35159 | G76: Brasil | H76: =COUNTIF(CAL!U:AN,B76) -> 8 | I76: 37 | J76: 1 taubatesp / 6 metropolitanosc | K76: =MONTH(F76) -> 4 | L76: =YEAR(F76) -> 1996
A77: 76º | B77: 2135 | C77: JP Bardales | D77: Aimoré-RS | E77: João Pedro Bardales da Silva | F77: 36374 | G77: Brasil | H77: =COUNTIF(CAL!U:AN,B77) -> 11 | I77: 35 | J77: 1 primaveramt / 4 santacruzac / 1 xvdejau / 1 aguiapa / 1 uberabamg | K77: =MONTH(F77) -> 8 | L77: =YEAR(F77) -> 1999
A78: 77º | B78: 3817 | C78: Marquinhos | D78: Aimoré-RS | E78: Marcos Vinicius de Oliveira | F78: 37221 | G78: Brasil | H78: =COUNTIF(CAL!U:AN,B78) -> 2 | I78: 28 | J78: 1 abecatgo | K78: =MONTH(F78) -> 11 | L78: =YEAR(F78) -> 2001
A79: 78º | B79: 5518 | C79: Robert Taylor | D79: Aimoré-RS | H79: =COUNTIF(CAL!U:AN,B79) -> 1 | K79: =MONTH(F79) -> 1 | L79: =YEAR(F79) -> 1900
A80: 79º | B80: 3726 | C80: Rodrigo Milanez | D80: Aimoré-RS | E80: Rodrigo da Rosa Milanez | F80: 33154 | G80: Brasil | H80: =COUNTIF(CAL!U:AN,B80) -> 5 | I80: 34 | J80: 4 caravaggiosc | K80: =MONTH(F80) -> 10 | L80: =YEAR(F80) -> 1990
A81: 80º | B81: 2296 | C81: Victor Lima | D81: Aimoré-RS | E81: Victor de Lima Medeiros | F81: 37272 | G81: Brasil | H81: =COUNTIF(CAL!U:AN,B81) -> 2 | I81: 17 | J81: 1 asaal | K81: =MONTH(F81) -> 1 | L81: =YEAR(F81) -> 2002
A82: 81º | B82: 1812 | C82: Betinho | D82: Altos-PI | E82: Carlos Alberto Santos da Silva | F82: 31900 | G82: Brasil | H82: =COUNTIF(CAL!U:AN,B82) -> 6 | I82: 9 | K82: =MONTH(F82) -> 5 | L82: =YEAR(F82) -> 1987
A83: 82º | B83: 3854 | C83: China | D83: Altos-PI | E83: Gabriel de Souza Alves | F83: 37680 | G83: Brasil | H83: =COUNTIF(CAL!U:AN,B83) -> 1 | I83: 14 | K83: =MONTH(F83) -> 2 | L83: =YEAR(F83) -> 2003
A84: 83º | B84: 4303 | C84: Gabriel China | D84: Altos-PI | E84: Gabriel de Souza Alves | F84: 37680 | G84: Brasil | H84: =COUNTIF(CAL!U:AN,B84) -> 1 | I84: 17 | K84: =MONTH(F84) -> 2 | L84: =YEAR(F84) -> 2003
A85: 84º | B85: 4736 | C85: Geninho | D85: Altos-PI | E85: Genisson Correia dos Santos | F85: 34167 | G85: Brasil | H85: =COUNTIF(CAL!U:AN,B85) -> 3 | I85: 13 | K85: =MONTH(F85) -> 7 | L85: =YEAR(F85) -> 1993
A86: 85º | B86: 1120 | C86: Guilherme Pires | D86: Altos-PI | E86: Guilherme Pires Carvalho | F86: 37399 | G86: Brasil | H86: =COUNTIF(CAL!U:AN,B86) -> 3 | I86: 8 | K86: =MONTH(F86) -> 5 | L86: =YEAR(F86) -> 2002
A87: 86º | B87: 1222 | C87: Leo Bahia | D87: Altos-PI | E87: Francisco Eliomar Rodrigues | F87: 33377 | G87: Brasil | H87: =COUNTIF(CAL!U:AN,B87) -> 5 | I87: 19 | J87: 5 manausam | K87: =MONTH(F87) -> 5 | L87: =YEAR(F87) -> 1991
A88: 87º | B88: 1680 | C88: Robson | D88: Altos-PI | E88: Robson Anizio da Silva | F88: 38156 | G88: Brasil | H88: =COUNTIF(CAL!U:AN,B88) -> 3 | I88: 13 | J88: 1 atleticopb | K88: =MONTH(F88) -> 6 | L88: =YEAR(F88) -> 2004
A89: 88º | B89: 1220 | C89: Rodolfo Potiguar | D89: Altos-PI | E89: Gerson Rodolfo da Silva | F89: 32166 | G89: Brasil | H89: =COUNTIF(CAL!U:AN,B89) -> 4 | I89: 19 | J89: 2 linensesp | K89: =MONTH(F89) -> 1 | L89: =YEAR(F89) -> 1988
A90: 89º | B90: 3011 | C90: Adrien Graffin | D90: Amazonas-AM | E90: Adrien Gabriel Amadio Graffin | F90: 37988 | G90: estados unidos | H90: =COUNTIF(CAL!U:AN,B90) -> 2 | I90: 13 | K90: =MONTH(F90) -> 1 | L90: =YEAR(F90) -> 2004
A91: 90º | B91: 3974 | C91: Bernardo Paias | D91: Amazonas-AM | E91: Bernardo Paias Ferreira | F91: 38482 | G91: Brasil | H91: =COUNTIF(CAL!U:AN,B91) -> 1 | I91: 10 | K91: =MONTH(F91) -> 5 | L91: =YEAR(F91) -> 2005
A92: 91º | B92: 1107 | C92: Ezequiel | D92: Amazonas-AM | E92: Ezequiel Ivo Barbosa | F92: 37678 | G92: Brasil | H92: =COUNTIF(CAL!U:AN,B92) -> 2 | I92: 5 | K92: =MONTH(F92) -> 2 | L92: =YEAR(F92) -> 2003
A93: 92º | B93: 1734 | C93: Gabriel Cipriano | D93: Amazonas-AM | E93: Gabriel Frederico Cipriano | F93: 36526 | G93: Brasil | H93: =COUNTIF(CAL!U:AN,B93) -> 8 | I93: 20 | J93: 2 Anápolis-GO | K93: =MONTH(F93) -> 1 | L93: =YEAR(F93) -> 2000
A94: 93º | B94: 1762 | C94: Gabriel Domingos | D94: Amazonas-AM | E94: Gabriel Domingos de Moura | F94: 36931 | G94: Brasil | H94: =COUNTIF(CAL!U:AN,B94) -> 3 | I94: 20 | K94: =MONTH(F94) -> 2 | L94: =YEAR(F94) -> 2001
A95: 94º | B95: 3809 | C95: Julio Simas | D95: Amazonas-AM | E95: Julio Gabriel Simas Vieira | F95: 37147 | G95: Brasil | H95: =COUNTIF(CAL!U:AN,B95) -> 3 | I95: 29 | J95: 3 brasilrs | K95: =MONTH(F95) -> 9 | L95: =YEAR(F95) -> 2001
A96: 95º | B96: 4254 | C96: Léo Coelho | D96: Amazonas-AM | E96: Leonardo Henriques Coelho | F96: 34106 | G96: Brasil | H96: =COUNTIF(CAL!U:AN,B96) -> 1 | I96: 20 | K96: =MONTH(F96) -> 5 | L96: =YEAR(F96) -> 1993
A97: 96º | B97: 1763 | C97: Marcelo Cirino | D97: Amazonas-AM | E97: Marcelo Cirino da Silva | F97: 33625 | G97: Brasil | H97: =COUNTIF(CAL!U:AN,B97) -> 3 | I97: 11 | K97: =MONTH(F97) -> 1 | L97: =YEAR(F97) -> 1992
A98: 97º | B98: 3492 | C98: Mena | D98: Amazonas-AM | E98: Yaider Mena Martinez | F98: 38315 | G98: Colômbia | H98: =COUNTIF(CAL!U:AN,B98) -> 1 | I98: 5 | J98: 1 humaitaac | K98: =MONTH(F98) -> 11 | L98: =YEAR(F98) -> 2004
A99: 98º | B99: 1109 | C99: Pedrinho | D99: Amazonas-AM | E99: Pedro Henrique Cassimiro Castro | F99: 40105 | G99: Brasil | H99: =COUNTIF(CAL!U:AN,B99) -> 2 | I99: 3 | K99: =MONTH(F99) -> 10 | L99: =YEAR(F99) -> 2009
A100: 99º | B100: 3708 | C100: Rafael Tavares | D100: Amazonas-AM | E100: Rafael Aparecido de Paulo Tavares | F100: 33234 | G100: Brasil | H100: =COUNTIF(CAL!U:AN,B100) -> 2 | I100: 20 | K100: =MONTH(F100) -> 12 | L100: =YEAR(F100) -> 1990
A101: 100º | B101: 3649 | C101: Raylison Pacheco | D101: Amazonas-AM | E101: Raylison Fleuri Pacheco | F101: 38934 | G101: Brasil | H101: =COUNTIF(CAL!U:AN,B101) -> 1 | I101: 13 | K101: =MONTH(F101) -> 8 | L101: =YEAR(F101) -> 2006
A102: 101º | B102: 2010 | C102: Ronaldo | D102: Amazonas-AM | E102: Ronaldo Henrique Silva | F102: 33338 | G102: Brasil | H102: =COUNTIF(CAL!U:AN,B102) -> 7 | I102: 17 | K102: =MONTH(F102) -> 4 | L102: =YEAR(F102) -> 1991
A103: 102º | B103: 2561 | C103: Ronan | D103: Amazonas-AM | E103: Ronan Nunes Freitas da Cruz | F103: 34713 | G103: Brasil | H103: =COUNTIF(CAL!U:AN,B103) -> 4 | I103: 16 | J103: 1 bahiadefeiraba / 2 feiraba | K103: =MONTH(F103) -> 1 | L103: =YEAR(F103) -> 1995
A104: 103º | B104: 3600 | C104: Schiappacasse | D104: Amazonas-AM | E104: Nicolas Javier Schiappacasse | F104: 36172 | G104: Uruguai | H104: =COUNTIF(CAL!U:AN,B104) -> 8 | I104: 15 | K104: =MONTH(F104) -> 1 | L104: =YEAR(F104) -> 1999
A105: 104º | B105: 2634 | C105: Juninho | D105: Amazônia Independente-PA | E105: Sidney Nascimento de Brito | F105: 35148 | G105: Brasil | H105: =COUNTIF(CAL!U:AN,B105) -> 2 | I105: 6 | K105: =MONTH(F105) -> 3 | L105: =YEAR(F105) -> 1996
A106: 105º | B106: 2306 | C106: Maicon Marinho | D106: Amazônia Independente-PA | E106: Maicon Marinho dos Santos | F106: 37337 | G106: Brasil | H106: =COUNTIF(CAL!U:AN,B106) -> 1 | I106: 6 | K106: =MONTH(F106) -> 3 | L106: =YEAR(F106) -> 2002
...

Sheet CLA
A1: POS | B1: IDCLUBE | C1: CLUBE | D1: PTS | E1: J | F1: V | G1: E | H1: D | I1: APROVEITAMENTO | J1: GOLS | K1: GL | L1: SALDO | M1: MG | N1: MD | O1: CL_SH | P1: CIDADE | Q1: UF
A2: 1º | B2: palmeirassp | C2: Palmeiras-SP | D2: =SUMIF(CAL!B:E,B2,CAL!E:E)+SUMIF(CAL!J:M,B2,CAL!M:M) -> 109 | E2: =COUNTIF(CAL!B:J,B2) -> 52 | F2: =SUMIF(CAL!B:F,B2,CAL!F:F)+SUMIF(CAL!J:N,B2,CAL!N:N) -> 32 | G2: =SUMIF(CAL!B:F,B2,CAL!G:G)+SUMIF(CAL!J:N,B2,CAL!O:O) -> 13 | H2: =SUMIF(CAL!B:F,B2,CAL!H:H)+SUMIF(CAL!J:N,B2,CAL!P:P) -> 7 | I2: =IF(E2=0,0,(D2/(E2*3))) -> 0.69871795 | J2: =SUMIF(CAL!B:C,B2,CAL!C:C)+SUMIF(CAL!J:J,B2,CAL!D:D) -> 89 | K2: =SUMIF(CAL!B:D,B2,CAL!D:D)+SUMIF(CAL!J:L,B2,CAL!K:K) -> 40 | L2: =J2-K2 -> 49 | M2: =IF(E2=0,0,(J2/E2)) -> 1.7115385 | N2: =IF(E2=0,0,(K2/E2)) -> 0.76923077 | O2: =SUMIF(CAL!B:I,B2,CAL!I:I)+SUMIF(CAL!J:Q,B2,CAL!Q:Q) -> 22 | P2: São Paulo | Q2: SP
A3: 2º | B3: fortalezace | C3: Fortaleza-CE | D3: =SUMIF(CAL!B:E,B3,CAL!E:E)+SUMIF(CAL!J:M,B3,CAL!M:M) -> 99 | E3: =COUNTIF(CAL!B:J,B3) -> 54 | F3: =SUMIF(CAL!B:F,B3,CAL!F:F)+SUMIF(CAL!J:N,B3,CAL!N:N) -> 28 | G3: =SUMIF(CAL!B:F,B3,CAL!G:G)+SUMIF(CAL!J:N,B3,CAL!O:O) -> 15 | H3: =SUMIF(CAL!B:F,B3,CAL!H:H)+SUMIF(CAL!J:N,B3,CAL!P:P) -> 11 | I3: =IF(E3=0,0,(D3/(E3*3))) -> 0.61111111 | J3: =SUMIF(CAL!B:C,B3,CAL!C:C)+SUMIF(CAL!J:J,B3,CAL!D:D) -> 67 | K3: =SUMIF(CAL!B:D,B3,CAL!D:D)+SUMIF(CAL!J:L,B3,CAL!K:K) -> 45 | L3: =J3-K3 -> 22 | M3: =IF(E3=0,0,(J3/E3)) -> 1.2407407 | N3: =IF(E3=0,0,(K3/E3)) -> 0.83333333 | O3: =SUMIF(CAL!B:I,B3,CAL!I:I)+SUMIF(CAL!J:Q,B3,CAL!Q:Q) -> 26 | P3: Fortaleza | Q3: CE
A4: 3º | B4: flamengorj | C4: Flamengo-RJ | D4: =SUMIF(CAL!B:E,B4,CAL!E:E)+SUMIF(CAL!J:M,B4,CAL!M:M) -> 94 | E4: =COUNTIF(CAL!B:J,B4) -> 49 | F4: =SUMIF(CAL!B:F,B4,CAL!F:F)+SUMIF(CAL!J:N,B4,CAL!N:N) -> 28 | G4: =SUMIF(CAL!B:F,B4,CAL!G:G)+SUMIF(CAL!J:N,B4,CAL!O:O) -> 10 | H4: =SUMIF(CAL!B:F,B4,CAL!H:H)+SUMIF(CAL!J:N,B4,CAL!P:P) -> 11 | I4: =IF(E4=0,0,(D4/(E4*3))) -> 0.63945578 | J4: =SUMIF(CAL!B:C,B4,CAL!C:C)+SUMIF(CAL!J:J,B4,CAL!D:D) -> 96 | K4: =SUMIF(CAL!B:D,B4,CAL!D:D)+SUMIF(CAL!J:L,B4,CAL!K:K) -> 44 | L4: =J4-K4 -> 52 | M4: =IF(E4=0,0,(J4/E4)) -> 1.9591837 | N4: =IF(E4=0,0,(K4/E4)) -> 0.89795918 | O4: =SUMIF(CAL!B:I,B4,CAL!I:I)+SUMIF(CAL!J:Q,B4,CAL!Q:Q) -> 20 | P4: Rio de Janeiro | Q4: RJ
A5: 4º | B5: gamadf | C5: Gama-DF | D5: =SUMIF(CAL!B:E,B5,CAL!E:E)+SUMIF(CAL!J:M,B5,CAL!M:M) -> 90 | E5: =COUNTIF(CAL!B:J,B5) -> 40 | F5: =SUMIF(CAL!B:F,B5,CAL!F:F)+SUMIF(CAL!J:N,B5,CAL!N:N) -> 27 | G5: =SUMIF(CAL!B:F,B5,CAL!G:G)+SUMIF(CAL!J:N,B5,CAL!O:O) -> 9 | H5: =SUMIF(CAL!B:F,B5,CAL!H:H)+SUMIF(CAL!J:N,B5,CAL!P:P) -> 4 | I5: =IF(E5=0,0,(D5/(E5*3))) -> 0.75 | J5: =SUMIF(CAL!B:C,B5,CAL!C:C)+SUMIF(CAL!J:J,B5,CAL!D:D) -> 66 | K5: =SUMIF(CAL!B:D,B5,CAL!D:D)+SUMIF(CAL!J:L,B5,CAL!K:K) -> 27 | L5: =J5-K5 -> 39 | M5: =IF(E5=0,0,(J5/E5)) -> 1.65 | N5: =IF(E5=0,0,(K5/E5)) -> 0.675 | O5: =SUMIF(CAL!B:I,B5,CAL!I:I)+SUMIF(CAL!J:Q,B5,CAL!Q:Q) -> 19 | P5: Gama | Q5: DF
A6: 5º | B6: asaal | C6: ASA-AL | D6: =SUMIF(CAL!B:E,B6,CAL!E:E)+SUMIF(CAL!J:M,B6,CAL!M:M) -> 85 | E6: =COUNTIF(CAL!B:J,B6) -> 46 | F6: =SUMIF(CAL!B:F,B6,CAL!F:F)+SUMIF(CAL!J:N,B6,CAL!N:N) -> 23 | G6: =SUMIF(CAL!B:F,B6,CAL!G:G)+SUMIF(CAL!J:N,B6,CAL!O:O) -> 16 | H6: =SUMIF(CAL!B:F,B6,CAL!H:H)+SUMIF(CAL!J:N,B6,CAL!P:P) -> 7 | I6: =IF(E6=0,0,(D6/(E6*3))) -> 0.61594203 | J6: =SUMIF(CAL!B:C,B6,CAL!C:C)+SUMIF(CAL!J:J,B6,CAL!D:D) -> 68 | K6: =SUMIF(CAL!B:D,B6,CAL!D:D)+SUMIF(CAL!J:L,B6,CAL!K:K) -> 31 | L6: =J6-K6 -> 37 | M6: =IF(E6=0,0,(J6/E6)) -> 1.4782609 | N6: =IF(E6=0,0,(K6/E6)) -> 0.67391304 | O6: =SUMIF(CAL!B:I,B6,CAL!I:I)+SUMIF(CAL!J:Q,B6,CAL!Q:Q) -> 24 | P6: Arapiraca | Q6: AL
A7: 6º | B7: novorizontinosp | C7: Novorizontino-SP | D7: =SUMIF(CAL!B:E,B7,CAL!E:E)+SUMIF(CAL!J:M,B7,CAL!M:M) -> 87 | E7: =COUNTIF(CAL!B:J,B7) -> 49 | F7: =SUMIF(CAL!B:F,B7,CAL!F:F)+SUMIF(CAL!J:N,B7,CAL!N:N) -> 25 | G7: =SUMIF(CAL!B:F,B7,CAL!G:G)+SUMIF(CAL!J:N,B7,CAL!O:O) -> 12 | H7: =SUMIF(CAL!B:F,B7,CAL!H:H)+SUMIF(CAL!J:N,B7,CAL!P:P) -> 12 | I7: =IF(E7=0,0,(D7/(E7*3))) -> 0.59183673 | J7: =SUMIF(CAL!B:C,B7,CAL!C:C)+SUMIF(CAL!J:J,B7,CAL!D:D) -> 81 | K7: =SUMIF(CAL!B:D,B7,CAL!D:D)+SUMIF(CAL!J:L,B7,CAL!K:K) -> 46 | L7: =J7-K7 -> 35 | M7: =IF(E7=0,0,(J7/E7)) -> 1.6530612 | N7: =IF(E7=0,0,(K7/E7)) -> 0.93877551 | O7: =SUMIF(CAL!B:I,B7,CAL!I:I)+SUMIF(CAL!J:Q,B7,CAL!Q:Q) -> 18 | P7: Novo Horizonte | Q7: SP
A8: 7º | B8: cruzeiromg | C8: Cruzeiro-MG | D8: =SUMIF(CAL!B:E,B8,CAL!E:E)+SUMIF(CAL!J:M,B8,CAL!M:M) -> 87 | E8: =COUNTIF(CAL!B:J,B8) -> 51 | F8: =SUMIF(CAL!B:F,B8,CAL!F:F)+SUMIF(CAL!J:N,B8,CAL!N:N) -> 25 | G8: =SUMIF(CAL!B:F,B8,CAL!G:G)+SUMIF(CAL!J:N,B8,CAL!O:O) -> 12 | H8: =SUMIF(CAL!B:F,B8,CAL!H:H)+SUMIF(CAL!J:N,B8,CAL!P:P) -> 14 | I8: =IF(E8=0,0,(D8/(E8*3))) -> 0.56862745 | J8: =SUMIF(CAL!B:C,B8,CAL!C:C)+SUMIF(CAL!J:J,B8,CAL!D:D) -> 73 | K8: =SUMIF(CAL!B:D,B8,CAL!D:D)+SUMIF(CAL!J:L,B8,CAL!K:K) -> 56 | L8: =J8-K8 -> 17 | M8: =IF(E8=0,0,(J8/E8)) -> 1.4313725 | N8: =IF(E8=0,0,(K8/E8)) -> 1.0980392 | O8: =SUMIF(CAL!B:I,B8,CAL!I:I)+SUMIF(CAL!J:Q,B8,CAL!Q:Q) -> 17 | P8: Belo Horizonte | Q8: MG
A9: 8º | B9: sportpe | C9: Sport-PE | D9: =SUMIF(CAL!B:E,B9,CAL!E:E)+SUMIF(CAL!J:M,B9,CAL!M:M) -> 82 | E9: =COUNTIF(CAL!B:J,B9) -> 48 | F9: =SUMIF(CAL!B:F,B9,CAL!F:F)+SUMIF(CAL!J:N,B9,CAL!N:N) -> 22 | G9: =SUMIF(CAL!B:F,B9,CAL!G:G)+SUMIF(CAL!J:N,B9,CAL!O:O) -> 16 | H9: =SUMIF(CAL!B:F,B9,CAL!H:H)+SUMIF(CAL!J:N,B9,CAL!P:P) -> 10 | I9: =IF(E9=0,0,(D9/(E9*3))) -> 0.56944444 | J9: =SUMIF(CAL!B:C,B9,CAL!C:C)+SUMIF(CAL!J:J,B9,CAL!D:D) -> 75 | K9: =SUMIF(CAL!B:D,B9,CAL!D:D)+SUMIF(CAL!J:L,B9,CAL!K:K) -> 49 | L9: =J9-K9 -> 26 | M9: =IF(E9=0,0,(J9/E9)) -> 1.5625 | N9: =IF(E9=0,0,(K9/E9)) -> 1.0208333 | O9: =SUMIF(CAL!B:I,B9,CAL!I:I)+SUMIF(CAL!J:Q,B9,CAL!Q:Q) -> 19 | P9: Recife | Q9: PE
A10: 9º | B10: atleticogo | C10: Atlético-GO | D10: =SUMIF(CAL!B:E,B10,CAL!E:E)+SUMIF(CAL!J:M,B10,CAL!M:M) -> 81 | E10: =COUNTIF(CAL!B:J,B10) -> 50 | F10: =SUMIF(CAL!B:F,B10,CAL!F:F)+SUMIF(CAL!J:N,B10,CAL!N:N) -> 21 | G10: =SUMIF(CAL!B:F,B10,CAL!G:G)+SUMIF(CAL!J:N,B10,CAL!O:O) -> 18 | H10: =SUMIF(CAL!B:F,B10,CAL!H:H)+SUMIF(CAL!J:N,B10,CAL!P:P) -> 11 | I10: =IF(E10=0,0,(D10/(E10*3))) -> 0.54 | J10: =SUMIF(CAL!B:C,B10,CAL!C:C)+SUMIF(CAL!J:J,B10,CAL!D:D) -> 55 | K10: =SUMIF(CAL!B:D,B10,CAL!D:D)+SUMIF(CAL!J:L,B10,CAL!K:K) -> 41 | L10: =J10-K10 -> 14 | M10: =IF(E10=0,0,(J10/E10)) -> 1.1 | N10: =IF(E10=0,0,(K10/E10)) -> 0.82 | O10: =SUMIF(CAL!B:I,B10,CAL!I:I)+SUMIF(CAL!J:Q,B10,CAL!Q:Q) -> 24 | P10: Goiânia | Q10: GO
A11: 10º | B11: fluminenserj | C11: Fluminense-RJ | D11: =SUMIF(CAL!B:E,B11,CAL!E:E)+SUMIF(CAL!J:M,B11,CAL!M:M) -> 86 | E11: =COUNTIF(CAL!B:J,B11) -> 49 | F11: =SUMIF(CAL!B:F,B11,CAL!F:F)+SUMIF(CAL!J:N,B11,CAL!N:N) -> 23 | G11: =SUMIF(CAL!B:F,B11,CAL!G:G)+SUMIF(CAL!J:N,B11,CAL!O:O) -> 17 | H11: =SUMIF(CAL!B:F,B11,CAL!H:H)+SUMIF(CAL!J:N,B11,CAL!P:P) -> 9 | I11: =IF(E11=0,0,(D11/(E11*3))) -> 0.58503401 | J11: =SUMIF(CAL!B:C,B11,CAL!C:C)+SUMIF(CAL!J:J,B11,CAL!D:D) -> 67 | K11: =SUMIF(CAL!B:D,B11,CAL!D:D)+SUMIF(CAL!J:L,B11,CAL!K:K) -> 51 | L11: =J11-K11 -> 16 | M11: =IF(E11=0,0,(J11/E11)) -> 1.3673469 | N11: =IF(E11=0,0,(K11/E11)) -> 1.0408163 | O11: =SUMIF(CAL!B:I,B11,CAL!I:I)+SUMIF(CAL!J:Q,B11,CAL!Q:Q) -> 14 | P11: Rio de Janeiro | Q11: RJ
A12: 11º | B12: vilanovago | C12: Vila Nova-GO | D12: =SUMIF(CAL!B:E,B12,CAL!E:E)+SUMIF(CAL!J:M,B12,CAL!M:M) -> 79 | E12: =COUNTIF(CAL!B:J,B12) -> 47 | F12: =SUMIF(CAL!B:F,B12,CAL!F:F)+SUMIF(CAL!J:N,B12,CAL!N:N) -> 22 | G12: =SUMIF(CAL!B:F,B12,CAL!G:G)+SUMIF(CAL!J:N,B12,CAL!O:O) -> 13 | H12: =SUMIF(CAL!B:F,B12,CAL!H:H)+SUMIF(CAL!J:N,B12,CAL!P:P) -> 12 | I12: =IF(E12=0,0,(D12/(E12*3))) -> 0.56028369 | J12: =SUMIF(CAL!B:C,B12,CAL!C:C)+SUMIF(CAL!J:J,B12,CAL!D:D) -> 71 | K12: =SUMIF(CAL!B:D,B12,CAL!D:D)+SUMIF(CAL!J:L,B12,CAL!K:K) -> 48 | L12: =J12-K12 -> 23 | M12: =IF(E12=0,0,(J12/E12)) -> 1.5106383 | N12: =IF(E12=0,0,(K12/E12)) -> 1.0212766 | O12: =SUMIF(CAL!B:I,B12,CAL!I:I)+SUMIF(CAL!J:Q,B12,CAL!Q:Q) -> 16 | P12: Goiânia | Q12: GO
A13: 12º | B13: juventuders | C13: Juventude-RS | D13: =SUMIF(CAL!B:E,B13,CAL!E:E)+SUMIF(CAL!J:M,B13,CAL!M:M) -> 82 | E13: =COUNTIF(CAL!B:J,B13) -> 49 | F13: =SUMIF(CAL!B:F,B13,CAL!F:F)+SUMIF(CAL!J:N,B13,CAL!N:N) -> 22 | G13: =SUMIF(CAL!B:F,B13,CAL!G:G)+SUMIF(CAL!J:N,B13,CAL!O:O) -> 16 | H13: =SUMIF(CAL!B:F,B13,CAL!H:H)+SUMIF(CAL!J:N,B13,CAL!P:P) -> 11 | I13: =IF(E13=0,0,(D13/(E13*3))) -> 0.55782313 | J13: =SUMIF(CAL!B:C,B13,CAL!C:C)+SUMIF(CAL!J:J,B13,CAL!D:D) -> 59 | K13: =SUMIF(CAL!B:D,B13,CAL!D:D)+SUMIF(CAL!J:L,B13,CAL!K:K) -> 35 | L13: =J13-K13 -> 24 | M13: =IF(E13=0,0,(J13/E13)) -> 1.2040816 | N13: =IF(E13=0,0,(K13/E13)) -> 0.71428571 | O13: =SUMIF(CAL!B:I,B13,CAL!I:I)+SUMIF(CAL!J:Q,B13,CAL!Q:Q) -> 26 | P13: Caxias do Sul | Q13: RS
... A295: 294º | B295: saocarlossp | C295: São Carlos-SP | D295: =SUMIF(CAL!B:E,B295,CAL!E:E)+SUMIF(CAL!J:M,B295,CAL!M:M) -> 15 | E295: =COUNTIF(CAL!B:J,B295) -> 12 | F295: =SUMIF(CAL!B:F,B295,CAL!F:F)+SUMIF(CAL!J:N,B295,CAL!N:N) -> 4 | G295: =SUMIF(CAL!B:F,B295,CAL!G:G)+SUMIF(CAL!J:N,B295,CAL!O:O) -> 3 | H295: =SUMIF(CAL!B:F,B295,CAL!H:H)+SUMIF(CAL!J:N,B295,CAL!P:P) -> 5 | I295: =IF(E295=0,0,(D295/(E295*3))) -> 0.41666667 | J295: =SUMIF(CAL!B:C,B295,CAL!C:C)+SUMIF(CAL!J:J,B295,CAL!D:D) -> 19 | K295: =SUMIF(CAL!B:D,B295,CAL!D:D)+SUMIF(CAL!J:L,B295,CAL!K:K) -> 14 | L295: =J295-K295 -> 5 | M295: =IF(E295=0,0,(J295/E295)) -> 1.5833333 | N295: =IF(E295=0,0,(K295/E295)) -> 1.1666667 | O295: =SUMIF(CAL!B:I,B295,CAL!I:I)+SUMIF(CAL!J:Q,B295,CAL!Q:Q) -> 3 | P295: São Carlos | Q295: SP
A296: 295º | B296: crateusce | C296: Crateús-CE | D296: =SUMIF(CAL!B:E,B296,CAL!E:E)+SUMIF(CAL!J:M,B296,CAL!M:M) -> 15 | E296: =COUNTIF(CAL!B:J,B296) -> 11 | F296: =SUMIF(CAL!B:F,B296,CAL!F:F)+SUMIF(CAL!J:N,B296,CAL!N:N) -> 4 | G296: =SUMIF(CAL!B:F,B296,CAL!G:G)+SUMIF(CAL!J:N,B296,CAL!O:O) -> 3 | H296: =SUMIF(CAL!B:F,B296,CAL!H:H)+SUMIF(CAL!J:N,B296,CAL!P:P) -> 4 | I296: =IF(E296=0,0,(D296/(E296*3))) -> 0.45454545 | J296: =SUMIF(CAL!B:C,B296,CAL!C:C)+SUMIF(CAL!J:J,B296,CAL!D:D) -> 10 | K296: =SUMIF(CAL!B:D,B296,CAL!D:D)+SUMIF(CAL!J:L,B296,CAL!K:K) -> 7 | L296: =J296-K296 -> 3 | M296: =IF(E296=0,0,(J296/E296)) -> 0.90909091 | N296: =IF(E296=0,0,(K296/E296)) -> 0.63636364 | O296: =SUMIF(CAL!B:I,B296,CAL!I:I)+SUMIF(CAL!J:Q,B296,CAL!Q:Q) -> 6
A297: 296º | B297: santacruzensesp | C297: Santacruzense-SP | D297: =SUMIF(CAL!B:E,B297,CAL!E:E)+SUMIF(CAL!J:M,B297,CAL!M:M) -> 15 | E297: =COUNTIF(CAL!B:J,B297) -> 12 | F297: =SUMIF(CAL!B:F,B297,CAL!F:F)+SUMIF(CAL!J:N,B297,CAL!N:N) -> 4 | G297: =SUMIF(CAL!B:F,B297,CAL!G:G)+SUMIF(CAL!J:N,B297,CAL!O:O) -> 3 | H297: =SUMIF(CAL!B:F,B297,CAL!H:H)+SUMIF(CAL!J:N,B297,CAL!P:P) -> 5 | I297: =IF(E297=0,0,(D297/(E297*3))) -> 0.41666667 | J297: =SUMIF(CAL!B:C,B297,CAL!C:C)+SUMIF(CAL!J:J,B297,CAL!D:D) -> 19 | K297: =SUMIF(CAL!B:D,B297,CAL!D:D)+SUMIF(CAL!J:L,B297,CAL!K:K) -> 16 | L297: =J297-K297 -> 3 | M297: =IF(E297=0,0,(J297/E297)) -> 1.5833333 | N297: =IF(E297=0,0,(K297/E297)) -> 1.3333333 | O297: =SUMIF(CAL!B:I,B297,CAL!I:I)+SUMIF(CAL!J:Q,B297,CAL!Q:Q) -> 4 | P297: Santa Cruz do Rio Pardo | Q297: SP
A298: 297º | B298: izabelensepa | C298: Izabelense-PA | D298: =SUMIF(CAL!B:E,B298,CAL!E:E)+SUMIF(CAL!J:M,B298,CAL!M:M) -> 15 | E298: =COUNTIF(CAL!B:J,B298) -> 9 | F298: =SUMIF(CAL!B:F,B298,CAL!F:F)+SUMIF(CAL!J:N,B298,CAL!N:N) -> 4 | G298: =SUMIF(CAL!B:F,B298,CAL!G:G)+SUMIF(CAL!J:N,B298,CAL!O:O) -> 3 | H298: =SUMIF(CAL!B:F,B298,CAL!H:H)+SUMIF(CAL!J:N,B298,CAL!P:P) -> 2 | I298: =IF(E298=0,0,(D298/(E298*3))) -> 0.55555556 | J298: =SUMIF(CAL!B:C,B298,CAL!C:C)+SUMIF(CAL!J:J,B298,CAL!D:D) -> 12 | K298: =SUMIF(CAL!B:D,B298,CAL!D:D)+SUMIF(CAL!J:L,B298,CAL!K:K) -> 10 | L298: =J298-K298 -> 2 | M298: =IF(E298=0,0,(J298/E298)) -> 1.3333333 | N298: =IF(E298=0,0,(K298/E298)) -> 1.1111111 | O298: =SUMIF(CAL!B:I,B298,CAL!I:I)+SUMIF(CAL!J:Q,B298,CAL!Q:Q) -> 2
A299: 298º | B299: tupygo | C299: Tupy-GO | D299: =SUMIF(CAL!B:E,B299,CAL!E:E)+SUMIF(CAL!J:M,B299,CAL!M:M) -> 16 | E299: =COUNTIF(CAL!B:J,B299) -> 11 | F299: =SUMIF(CAL!B:F,B299,CAL!F:F)+SUMIF(CAL!J:N,B299,CAL!N:N) -> 4 | G299: =SUMIF(CAL!B:F,B299,CAL!G:G)+SUMIF(CAL!J:N,B299,CAL!O:O) -> 4 | H299: =SUMIF(CAL!B:F,B299,CAL!H:H)+SUMIF(CAL!J:N,B299,CAL!P:P) -> 3 | I299: =IF(E299=0,0,(D299/(E299*3))) -> 0.48484848 | J299: =SUMIF(CAL!B:C,B299,CAL!C:C)+SUMIF(CAL!J:J,B299,CAL!D:D) -> 10 | K299: =SUMIF(CAL!B:D,B299,CAL!D:D)+SUMIF(CAL!J:L,B299,CAL!K:K) -> 8 | L299: =J299-K299 -> 2 | M299: =IF(E299=0,0,(J299/E299)) -> 0.90909091 | N299: =IF(E299=0,0,(K299/E299)) -> 0.72727273 | O299: =SUMIF(CAL!B:I,B299,CAL!I:I)+SUMIF(CAL!J:Q,B299,CAL!Q:Q) -> 3 | P299: Jussara | Q299: GO
A300: 299º | B300: laranjamecanicapr | C300: Laranja Mecânica-PR | D300: =SUMIF(CAL!B:E,B300,CAL!E:E)+SUMIF(CAL!J:M,B300,CAL!M:M) -> 15 | E300: =COUNTIF(CAL!B:J,B300) -> 11 | F300: =SUMIF(CAL!B:F,B300,CAL!F:F)+SUMIF(CAL!J:N,B300,CAL!N:N) -> 4 | G300: =SUMIF(CAL!B:F,B300,CAL!G:G)+SUMIF(CAL!J:N,B300,CAL!O:O) -> 3 | H300: =SUMIF(CAL!B:F,B300,CAL!H:H)+SUMIF(CAL!J:N,B300,CAL!P:P) -> 4 | I300: =IF(E300=0,0,(D300/(E300*3))) -> 0.45454545 | J300: =SUMIF(CAL!B:C,B300,CAL!C:C)+SUMIF(CAL!J:J,B300,CAL!D:D) -> 8 | K300: =SUMIF(CAL!B:D,B300,CAL!D:D)+SUMIF(CAL!J:L,B300,CAL!K:K) -> 11 | L300: =J300-K300 -> -3 | M300: =IF(E300=0,0,(J300/E300)) -> 0.72727273 | N300: =IF(E300=0,0,(K300/E300)) -> 1 | O300: =SUMIF(CAL!B:I,B300,CAL!I:I)+SUMIF(CAL!J:Q,B300,CAL!Q:Q) -> 5
A301: 300º | B301: bangurj | C301: Bangu-RJ | D301: =SUMIF(CAL!B:E,B301,CAL!E:E)+SUMIF(CAL!J:M,B301,CAL!M:M) -> 15 | E301: =COUNTIF(CAL!B:J,B301) -> 12 | F301: =SUMIF(CAL!B:F,B301,CAL!F:F)+SUMIF(CAL!J:N,B301,CAL!N:N) -> 4 | G301: =SUMIF(CAL!B:F,B301,CAL!G:G)+SUMIF(CAL!J:N,B301,CAL!O:O) -> 3 | H301: =SUMIF(CAL!B:F,B301,CAL!H:H)+SUMIF(CAL!J:N,B301,CAL!P:P) -> 5 | I301: =IF(E301=0,0,(D301/(E301*3))) -> 0.41666667 | J301: =SUMIF(CAL!B:C,B301,CAL!C:C)+SUMIF(CAL!J:J,B301,CAL!D:D) -> 12 | K301: =SUMIF(CAL!B:D,B301,CAL!D:D)+SUMIF(CAL!J:L,B301,CAL!K:K) -> 17 | L301: =J301-K301 -> -5 | M301: =IF(E301=0,0,(J301/E301)) -> 1 | N301: =IF(E301=0,0,(K301/E301)) -> 1.4166667 | O301: =SUMIF(CAL!B:I,B301,CAL!I:I)+SUMIF(CAL!J:Q,B301,CAL!Q:Q) -> 1 | P301: Rio de Janeiro | Q301: RJ
A302: 301º | B302: assisensesp | C302: Assisense-SP | D302: =SUMIF(CAL!B:E,B302,CAL!E:E)+SUMIF(CAL!J:M,B302,CAL!M:M) -> 15 | E302: =COUNTIF(CAL!B:J,B302) -> 12 | F302: =SUMIF(CAL!B:F,B302,CAL!F:F)+SUMIF(CAL!J:N,B302,CAL!N:N) -> 3 | G302: =SUMIF(CAL!B:F,B302,CAL!G:G)+SUMIF(CAL!J:N,B302,CAL!O:O) -> 6 | H302: =SUMIF(CAL!B:F,B302,CAL!H:H)+SUMIF(CAL!J:N,B302,CAL!P:P) -> 3 | I302: =IF(E302=0,0,(D302/(E302*3))) -> 0.41666667 | J302: =SUMIF(CAL!B:C,B302,CAL!C:C)+SUMIF(CAL!J:J,B302,CAL!D:D) -> 17 | K302: =SUMIF(CAL!B:D,B302,CAL!D:D)+SUMIF(CAL!J:L,B302,CAL!K:K) -> 16 | L302: =J302-K302 -> 1 | M302: =IF(E302=0,0,(J302/E302)) -> 1.4166667 | N302: =IF(E302=0,0,(K302/E302)) -> 1.3333333 | O302: =SUMIF(CAL!B:I,B302,CAL!I:I)+SUMIF(CAL!J:Q,B302,CAL!Q:Q) -> 2 | P302: Assis | Q302: SP
A303: 302º | B303: desportivaes | C303: Desportiva-ES | D303: =SUMIF(CAL!B:E,B303,CAL!E:E)+SUMIF(CAL!J:M,B303,CAL!M:M) -> 15 | E303: =COUNTIF(CAL!B:J,B303) -> 13 | F303: =SUMIF(CAL!B:F,B303,CAL!F:F)+SUMIF(CAL!J:N,B303,CAL!N:N) -> 3 | G303: =SUMIF(CAL!B:F,B303,CAL!G:G)+SUMIF(CAL!J:N,B303,CAL!O:O) -> 6 | H303: =SUMIF(CAL!B:F,B303,CAL!H:H)+SUMIF(CAL!J:N,B303,CAL!P:P) -> 4 | I303: =IF(E303=0,0,(D303/(E303*3))) -> 0.38461538 | J303: =SUMIF(CAL!B:C,B303,CAL!C:C)+SUMIF(CAL!J:J,B303,CAL!D:D) -> 13 | K303: =SUMIF(CAL!B:D,B303,CAL!D:D)+SUMIF(CAL!J:L,B303,CAL!K:K) -> 14 | L303: =J303-K303 -> -1 | M303: =IF(E303=0,0,(J303/E303)) -> 1 | N303: =IF(E303=0,0,(K303/E303)) -> 1.0769231 | O303: =SUMIF(CAL!B:I,B303,CAL!I:I)+SUMIF(CAL!J:Q,B303,CAL!Q:Q) -> 4
A304: 303º | B304: vocemsp | C304: VOCEM-SP | D304: =SUMIF(CAL!B:E,B304,CAL!E:E)+SUMIF(CAL!J:M,B304,CAL!M:M) -> 15 | E304: =COUNTIF(CAL!B:J,B304) -> 15 | F304: =SUMIF(CAL!B:F,B304,CAL!F:F)+SUMIF(CAL!J:N,B304,CAL!N:N) -> 3 | G304: =SUMIF(CAL!B:F,B304,CAL!G:G)+SUMIF(CAL!J:N,B304,CAL!O:O) -> 6 | H304: =SUMIF(CAL!B:F,B304,CAL!H:H)+SUMIF(CAL!J:N,B304,CAL!P:P) -> 6 | I304: =IF(E304=0,0,(D304/(E304*3))) -> 0.33333333 | J304: =SUMIF(CAL!B:C,B304,CAL!C:C)+SUMIF(CAL!J:J,B304,CAL!D:D) -> 12 | K304: =SUMIF(CAL!B:D,B304,CAL!D:D)+SUMIF(CAL!J:L,B304,CAL!K:K) -> 13 | L304: =J304-K304 -> -1 | M304: =IF(E304=0,0,(J304/E304)) -> 0.8 | N304: =IF(E304=0,0,(K304/E304)) -> 0.86666667 | O304: =SUMIF(CAL!B:I,B304,CAL!I:I)+SUMIF(CAL!J:Q,B304,CAL!Q:Q) -> 7 | P304: Rio Claro | Q304: Sp
A305: 304º | B305: brasilfarrs | C305: Brasil de Farroupilha-RS | D305: =SUMIF(CAL!B:E,B305,CAL!E:E)+SUMIF(CAL!J:M,B305,CAL!M:M) -> 18 | E305: =COUNTIF(CAL!B:J,B305) -> 15 | F305: =SUMIF(CAL!B:F,B305,CAL!F:F)+SUMIF(CAL!J:N,B305,CAL!N:N) -> 3 | G305: =SUMIF(CAL!B:F,B305,CAL!G:G)+SUMIF(CAL!J:N,B305,CAL!O:O) -> 9 | H305: =SUMIF(CAL!B:F,B305,CAL!H:H)+SUMIF(CAL!J:N,B305,CAL!P:P) -> 3 | I305: =IF(E305=0,0,(D305/(E305*3))) -> 0.4 | J305: =SUMIF(CAL!B:C,B305,CAL!C:C)+SUMIF(CAL!J:J,B305,CAL!D:D) -> 16 | K305: =SUMIF(CAL!B:D,B305,CAL!D:D)+SUMIF(CAL!J:L,B305,CAL!K:K) -> 15 | L305: =J305-K305 -> 1 | M305: =IF(E305=0,0,(J305/E305)) -> 1.0666667 | N305: =IF(E305=0,0,(K305/E305)) -> 1 | O305: =SUMIF(CAL!B:I,B305,CAL!I:I)+SUMIF(CAL!J:Q,B305,CAL!Q:Q) -> 5 | P305: Farroupilha | Q305: RS
A306: 305º | B306: fastam | C306: Fast-AM | D306: =SUMIF(CAL!B:E,B306,CAL!E:E)+SUMIF(CAL!J:M,B306,CAL!M:M) -> 20 | E306: =COUNTIF(CAL!B:J,B306) -> 8 | F306: =SUMIF(CAL!B:F,B306,CAL!F:F)+SUMIF(CAL!J:N,B306,CAL!N:N) -> 6 | G306: =SUMIF(CAL!B:F,B306,CAL!G:G)+SUMIF(CAL!J:N,B306,CAL!O:O) -> 2 | H306: =SUMIF(CAL!B:F,B306,CAL!H:H)+SUMIF(CAL!J:N,B306,CAL!P:P) -> 0 | I306: =IF(E306=0,0,(D306/(E306*3))) -> 0.83333333 | J306: =SUMIF(CAL!B:C,B306,CAL!C:C)+SUMIF(CAL!J:J,B306,CAL!D:D) -> 19 | K306: =SUMIF(CAL!B:D,B306,CAL!D:D)+SUMIF(CAL!J:L,B306,CAL!K:K) -> 5 | L306: =J306-K306 -> 14 | M306: =IF(E306=0,0,(J306/E306)) -> 2.375 | N306: =IF(E306=0,0,(K306/E306)) -> 0.625 | O306: =SUMIF(CAL!B:I,B306,CAL!I:I)+SUMIF(CAL!J:Q,B306,CAL!Q:Q) -> 3 | P306: Manaus | Q306: AM
A307: 306º | B307: portuguesaap | C307: Portuguesa-AP | D307: =SUMIF(CAL!B:E,B307,CAL!E:E)+SUMIF(CAL!J:M,B307,CAL!M:M) -> 14 | E307: =COUNTIF(CAL!B:J,B307) -> 8 | F307: =SUMIF(CAL!B:F,B307,CAL!F:F)+SUMIF(CAL!J:N,B307,CAL!N:N) -> 4 | G307: =SUMIF(CAL!B:F,B307,CAL!G:G)+SUMIF(CAL!J:N,B307,CAL!O:O) -> 2 | H307: =SUMIF(CAL!B:F,B307,CAL!H:H)+SUMIF(CAL!J:N,B307,CAL!P:P) -> 2 | I307: =IF(E307=0,0,(D307/(E307*3))) -> 0.58333333 | J307: =SUMIF(CAL!B:C,B307,CAL!C:C)+SUMIF(CAL!J:J,B307,CAL!D:D) -> 15 | K307: =SUMIF(CAL!B:D,B307,CAL!D:D)+SUMIF(CAL!J:L,B307,CAL!K:K) -> 8 | L307: =J307-K307 -> 7 | M307: =IF(E307=0,0,(J307/E307)) -> 1.875 | N307: =IF(E307=0,0,(K307/E307)) -> 1 | O307: =SUMIF(CAL!B:I,B307,CAL!I:I)+SUMIF(CAL!J:Q,B307,CAL!Q:Q) -> 3 | P307: Macapá | Q307: AP
A308: 307º | B308: cruzeiroap | C308: Cruzeiro-AP | D308: =SUMIF(CAL!B:E,B308,CAL!E:E)+SUMIF(CAL!J:M,B308,CAL!M:M) -> 14 | E308: =COUNTIF(CAL!B:J,B308) -> 7 | F308: =SUMIF(CAL!B:F,B308,CAL!F:F)+SUMIF(CAL!J:N,B308,CAL!N:N) -> 4 | G308: =SUMIF(CAL!B:F,B308,CAL!G:G)+SUMIF(CAL!J:N,B308,CAL!O:O) -> 2 | H308: =SUMIF(CAL!B:F,B308,CAL!H:H)+SUMIF(CAL!J:N,B308,CAL!P:P) -> 1 | I308: =IF(E308=0,0,(D308/(E308*3))) -> 0.66666667 | J308: =SUMIF(CAL!B:C,B308,CAL!C:C)+SUMIF(CAL!J:J,B308,CAL!D:D) -> 13 | K308: =SUMIF(CAL!B:D,B308,CAL!D:D)+SUMIF(CAL!J:L,B308,CAL!K:K) -> 7 | L308: =J308-K308 -> 6 | M308: =IF(E308=0,0,(J308/E308)) -> 1.8571429 | N308: =IF(E308=0,0,(K308/E308)) -> 1 | O308: =SUMIF(CAL!B:I,B308,CAL!I:I)+SUMIF(CAL!J:Q,B308,CAL!Q:Q) -> 2 | P308: Macapá | Q308: AP
A309: 308º | B309: redencaoba | C309: Redenção-BA | D309: =SUMIF(CAL!B:E,B309,CAL!E:E)+SUMIF(CAL!J:M,B309,CAL!M:M) -> 14 | E309: =COUNTIF(CAL!B:J,B309) -> 9 | F309: =SUMIF(CAL!B:F,B309,CAL!F:F)+SUMIF(CAL!J:N,B309,CAL!N:N) -> 4 | G309: =SUMIF(CAL!B:F,B309,CAL!G:G)+SUMIF(CAL!J:N,B309,CAL!O:O) -> 2 | H309: =SUMIF(CAL!B:F,B309,CAL!H:H)+SUMIF(CAL!J:N,B309,CAL!P:P) -> 3 | I309: =IF(E309=0,0,(D309/(E309*3))) -> 0.51851852 | J309: =SUMIF(CAL!B:C,B309,CAL!C:C)+SUMIF(CAL!J:J,B309,CAL!D:D) -> 16 | K309: =SUMIF(CAL!B:D,B309,CAL!D:D)+SUMIF(CAL!J:L,B309,CAL!K:K) -> 11 | L309: =J309-K309 -> 5 | M309: =IF(E309=0,0,(J309/E309)) -> 1.7777778 | N309: =IF(E309=0,0,(K309/E309)) -> 1.2222222 | O309: =SUMIF(CAL!B:I,B309,CAL!I:I)+SUMIF(CAL!J:Q,B309,CAL!Q:Q) -> 4 | P309: Salvador | Q309: BA
A310: 309º | B310: mistoms | C310: Misto-MS | D310: =SUMIF(CAL!B:E,B310,CAL!E:E)+SUMIF(CAL!J:M,B310,CAL!M:M) -> 14 | E310: =COUNTIF(CAL!B:J,B310) -> 7 | F310: =SUMIF(CAL!B:F,B310,CAL!F:F)+SUMIF(CAL!J:N,B310,CAL!N:N) -> 4 | G310: =SUMIF(CAL!B:F,B310,CAL!G:G)+SUMIF(CAL!J:N,B310,CAL!O:O) -> 2 | H310: =SUMIF(CAL!B:F,B310,CAL!H:H)+SUMIF(CAL!J:N,B310,CAL!P:P) -> 1 | I310: =IF(E310=0,0,(D310/(E310*3))) -> 0.66666667 | J310: =SUMIF(CAL!B:C,B310,CAL!C:C)+SUMIF(CAL!J:J,B310,CAL!D:D) -> 9 | K310: =SUMIF(CAL!B:D,B310,CAL!D:D)+SUMIF(CAL!J:L,B310,CAL!K:K) -> 5 | L310: =J310-K310 -> 4 | M310: =IF(E310=0,0,(J310/E310)) -> 1.2857143 | N310: =IF(E310=0,0,(K310/E310)) -> 0.71428571 | O310: =SUMIF(CAL!B:I,B310,CAL!I:I)+SUMIF(CAL!J:Q,B310,CAL!Q:Q) -> 4 | P310: Três Lagoas | Q310: MS
A311: 310º | B311: Uniaofrederiquensers | C311: União Frederiquense-RS | D311: =SUMIF(CAL!B:E,B311,CAL!E:E)+SUMIF(CAL!J:M,B311,CAL!M:M) -> 15 | E311: =COUNTIF(CAL!B:J,B311) -> 9 | F311: =SUMIF(CAL!B:F,B311,CAL!F:F)+SUMIF(CAL!J:N,B311,CAL!N:N) -> 4 | G311: =SUMIF(CAL!B:F,B311,CAL!G:G)+SUMIF(CAL!J:N,B311,CAL!O:O) -> 3 | H311: =SUMIF(CAL!B:F,B311,CAL!H:H)+SUMIF(CAL!J:N,B311,CAL!P:P) -> 2 | I311: =IF(E311=0,0,(D311/(E311*3))) -> 0.55555556 | J311: =SUMIF(CAL!B:C,B311,CAL!C:C)+SUMIF(CAL!J:J,B311,CAL!D:D) -> 8 | K311: =SUMIF(CAL!B:D,B311,CAL!D:D)+SUMIF(CAL!J:L,B311,CAL!K:K) -> 4 | L311: =J311-K311 -> 4 | M311: =IF(E311=0,0,(J311/E311)) -> 0.88888889 | N311: =IF(E311=0,0,(K311/E311)) -> 0.44444444 | O311: =SUMIF(CAL!B:I,B311,CAL!I:I)+SUMIF(CAL!J:Q,B311,CAL!Q:Q) -> 6 | P311: Frederico Westfalen | Q311: RS
A312: 311º | B312: veranopolisrs | C312: Veranópolis-RS | D312: =SUMIF(CAL!B:E,B312,CAL!E:E)+SUMIF(CAL!J:M,B312,CAL!M:M) -> 17 | E312: =COUNTIF(CAL!B:J,B312) -> 9 | F312: =SUMIF(CAL!B:F,B312,CAL!F:F)+SUMIF(CAL!J:N,B312,CAL!N:N) -> 5 | G312: =SUMIF(CAL!B:F,B312,CAL!G:G)+SUMIF(CAL!J:N,B312,CAL!O:O) -> 2 | H312: =SUMIF(CAL!B:F,B312,CAL!H:H)+SUMIF(CAL!J:N,B312,CAL!P:P) -> 2 | I312: =IF(E312=0,0,(D312/(E312*3))) -> 0.62962963 | J312: =SUMIF(CAL!B:C,B312,CAL!C:C)+SUMIF(CAL!J:J,B312,CAL!D:D) -> 10 | K312: =SUMIF(CAL!B:D,B312,CAL!D:D)+SUMIF(CAL!J:L,B312,CAL!K:K) -> 5 | L312: =J312-K312 -> 5 | M312: =IF(E312=0,0,(J312/E312)) -> 1.1111111 | N312: =IF(E312=0,0,(K312/E312)) -> 0.55555556 | O312: =SUMIF(CAL!B:I,B312,CAL!I:I)+SUMIF(CAL!J:Q,B312,CAL!Q:Q) -> 6 | P312: Veranópolis | Q312: RS
A313: 312º | B313: morrinhosgo | C313: Morrinhos-GO | D313: =SUMIF(CAL!B:E,B313,CAL!E:E)+SUMIF(CAL!J:M,B313,CAL!M:M) -> 15 | E313: =COUNTIF(CAL!B:J,B313) -> 10 | F313: =SUMIF(CAL!B:F,B313,CAL!F:F)+SUMIF(CAL!J:N,B313,CAL!N:N) -> 4 | G313: =SUMIF(CAL!B:F,B313,CAL!G:G)+SUMIF(CAL!J:N,B313,CAL!O:O) -> 3 | H313: =SUMIF(CAL!B:F,B313,CAL!H:H)+SUMIF(CAL!J:N,B313,CAL!P:P) -> 3 | I313: =IF(E313=0,0,(D313/(E313*3))) -> 0.5 | J313: =SUMIF(CAL!B:C,B313,CAL!C:C)+SUMIF(CAL!J:J,B313,CAL!D:D) -> 16 | K313: =SUMIF(CAL!B:D,B313,CAL!D:D)+SUMIF(CAL!J:L,B313,CAL!K:K) -> 14 | L313: =J313-K313 -> 2 | M313: =IF(E313=0,0,(J313/E313)) -> 1.6 | N313: =IF(E313=0,0,(K313/E313)) -> 1.4 | O313: =SUMIF(CAL!B:I,B313,CAL!I:I)+SUMIF(CAL!J:Q,B313,CAL!Q:Q) -> 3 | P313: Morrinhos | Q313: GO
A314: 313º | B314: riobarrarj | C314: Rio Barra-RJ | D314: =SUMIF(CAL!B:E,B314,CAL!E:E)+SUMIF(CAL!J:M,B314,CAL!M:M) -> 14 | E314: =COUNTIF(CAL!B:J,B314) -> 10 | F314: =SUMIF(CAL!B:F,B314,CAL!F:F)+SUMIF(CAL!J:N,B314,CAL!N:N) -> 4 | G314: =SUMIF(CAL!B:F,B314,CAL!G:G)+SUMIF(CAL!J:N,B314,CAL!O:O) -> 2 | H314: =SUMIF(CAL!B:F,B314,CAL!H:H)+SUMIF(CAL!J:N,B314,CAL!P:P) -> 4 | I314: =IF(E314=0,0,(D314/(E314*3))) -> 0.46666667 | J314: =SUMIF(CAL!B:C,B314,CAL!C:C)+SUMIF(CAL!J:J,B314,CAL!D:D) -> 14 | K314: =SUMIF(CAL!B:D,B314,CAL!D:D)+SUMIF(CAL!J:L,B314,CAL!K:K) -> 12 | L314: =J314-K314 -> 2 | M314: =IF(E314=0,0,(J314/E314)) -> 1.4 | N314: =IF(E314=0,0,(K314/E314)) -> 1.2 | O314: =SUMIF(CAL!B:I,B314,CAL!I:I)+SUMIF(CAL!J:Q,B314,CAL!Q:Q) -> 3
A315: 314º | B315: aimorers | C315: Aimoré-RS | D315: =SUMIF(CAL!B:E,B315,CAL!E:E)+SUMIF(CAL!J:M,B315,CAL!M:M) -> 14 | E315: =COUNTIF(CAL!B:J,B315) -> 9 | F315: =SUMIF(CAL!B:F,B315,CAL!F:F)+SUMIF(CAL!J:N,B315,CAL!N:N) -> 4 | G315: =SUMIF(CAL!B:F,B315,CAL!G:G)+SUMIF(CAL!J:N,B315,CAL!O:O) -> 2 | H315: =SUMIF(CAL!B:F,B315,CAL!H:H)+SUMIF(CAL!J:N,B315,CAL!P:P) -> 3 | I315: =IF(E315=0,0,(D315/(E315*3))) -> 0.51851852 | J315: =SUMIF(CAL!B:C,B315,CAL!C:C)+SUMIF(CAL!J:J,B315,CAL!D:D) -> 9 | K315: =SUMIF(CAL!B:D,B315,CAL!D:D)+SUMIF(CAL!J:L,B315,CAL!K:K) -> 9 | L315: =J315-K315 -> 0 | M315: =IF(E315=0,0,(J315/E315)) -> 1 | N315: =IF(E315=0,0,(K315/E315)) -> 1 | O315: =SUMIF(CAL!B:I,B315,CAL!I:I)+SUMIF(CAL!J:Q,B315,CAL!Q:Q) -> 4 | P315: São Leopoldo | Q315: RS
A316: 315º | B316: uniaocentralrj | C316: União Central-RJ | D316: =SUMIF(CAL!B:E,B316,CAL!E:E)+SUMIF(CAL!J:M,B316,CAL!M:M) -> 14 | E316: =COUNTIF(CAL!B:J,B316) -> 10 | F316: =SUMIF(CAL!B:F,B316,CAL!F:F)+SUMIF(CAL!J:N,B316,CAL!N:N) -> 4 | G316: =SUMIF(CAL!B:F,B316,CAL!G:G)+SUMIF(CAL!J:N,B316,CAL!O:O) -> 2 | H316: =SUMIF(CAL!B:F,B316,CAL!H:H)+SUMIF(CAL!J:N,B316,CAL!P:P) -> 4 | I316: =IF(E316=0,0,(D316/(E316*3))) -> 0.46666667 | J316: =SUMIF(CAL!B:C,B316,CAL!C:C)+SUMIF(CAL!J:J,B316,CAL!D:D) -> 16 | K316: =SUMIF(CAL!B:D,B316,CAL!D:D)+SUMIF(CAL!J:L,B316,CAL!K:K) -> 18 | L316: =J316-K316 -> -2 | M316: =IF(E316=0,0,(J316/E316)) -> 1.6 | N316: =IF(E316=0,0,(K316/E316)) -> 1.8 | O316: =SUMIF(CAL!B:I,B316,CAL!I:I)+SUMIF(CAL!J:Q,B316,CAL!Q:Q) -> 1
A317: 316º | B317: manthiqueirasp | C317: Manthiqueira-SP | D317: =SUMIF(CAL!B:E,B317,CAL!E:E)+SUMIF(CAL!J:M,B317,CAL!M:M) -> 14 | E317: =COUNTIF(CAL!B:J,B317) -> 12 | F317: =SUMIF(CAL!B:F,B317,CAL!F:F)+SUMIF(CAL!J:N,B317,CAL!N:N) -> 4 | G317: =SUMIF(CAL!B:F,B317,CAL!G:G)+SUMIF(CAL!J:N,B317,CAL!O:O) -> 2 | H317: =SUMIF(CAL!B:F,B317,CAL!H:H)+SUMIF(CAL!J:N,B317,CAL!P:P) -> 6 | I317: =IF(E317=0,0,(D317/(E317*3))) -> 0.38888889 | J317: =SUMIF(CAL!B:C,B317,CAL!C:C)+SUMIF(CAL!J:J,B317,CAL!D:D) -> 18 | K317: =SUMIF(CAL!B:D,B317,CAL!D:D)+SUMIF(CAL!J:L,B317,CAL!K:K) -> 21 | L317: =J317-K317 -> -3 | M317: =IF(E317=0,0,(J317/E317)) -> 1.5 | N317: =IF(E317=0,0,(K317/E317)) -> 1.75 | O317: =SUMIF(CAL!B:I,B317,CAL!I:I)+SUMIF(CAL!J:Q,B317,CAL!Q:Q) -> 0
A318: 317º | B318: fozdoiguacupr | C318: Foz do Iguaçu-PR | D318: =SUMIF(CAL!B:E,B318,CAL!E:E)+SUMIF(CAL!J:M,B318,CAL!M:M) -> 14 | E318: =COUNTIF(CAL!B:J,B318) -> 10 | F318: =SUMIF(CAL!B:F,B318,CAL!F:F)+SUMIF(CAL!J:N,B318,CAL!N:N) -> 4 | G318: =SUMIF(CAL!B:F,B318,CAL!G:G)+SUMIF(CAL!J:N,B318,CAL!O:O) -> 2 | H318: =SUMIF(CAL!B:F,B318,CAL!H:H)+SUMIF(CAL!J:N,B318,CAL!P:P) -> 4 | I318: =IF(E318=0,0,(D318/(E318*3))) -> 0.46666667 | J318: =SUMIF(CAL!B:C,B318,CAL!C:C)+SUMIF(CAL!J:J,B318,CAL!D:D) -> 15 | K318: =SUMIF(CAL!B:D,B318,CAL!D:D)+SUMIF(CAL!J:L,B318,CAL!K:K) -> 21 | L318: =J318-K318 -> -6 | M318: =IF(E318=0,0,(J318/E318)) -> 1.5 | N318: =IF(E318=0,0,(K318/E318)) -> 2.1 | O318: =SUMIF(CAL!B:I,B318,CAL!I:I)+SUMIF(CAL!J:Q,B318,CAL!Q:Q) -> 0 | P318: Foz do Iguaçu | Q318: PR
A319: 318º | B319: independenteap | C319: Indepentende-AP | D319: =SUMIF(CAL!B:E,B319,CAL!E:E)+SUMIF(CAL!J:M,B319,CAL!M:M) -> 14 | E319: =COUNTIF(CAL!B:J,B319) -> 10 | F319: =SUMIF(CAL!B:F,B319,CAL!F:F)+SUMIF(CAL!J:N,B319,CAL!N:N) -> 3 | G319: =SUMIF(CAL!B:F,B319,CAL!G:G)+SUMIF(CAL!J:N,B319,CAL!O:O) -> 5 | H319: =SUMIF(CAL!B:F,B319,CAL!H:H)+SUMIF(CAL!J:N,B319,CAL!P:P) -> 2 | I319: =IF(E319=0,0,(D319/(E319*3))) -> 0.46666667 | J319: =SUMIF(CAL!B:C,B319,CAL!C:C)+SUMIF(CAL!J:J,B319,CAL!D:D) -> 18 | K319: =SUMIF(CAL!B:D,B319,CAL!D:D)+SUMIF(CAL!J:L,B319,CAL!K:K) -> 12 | L319: =J319-K319 -> 6 | M319: =IF(E319=0,0,(J319/E319)) -> 1.8 | N319: =IF(E319=0,0,(K319/E319)) -> 1.2 | O319: =SUMIF(CAL!B:I,B319,CAL!I:I)+SUMIF(CAL!J:Q,B319,CAL!Q:Q) -> 2 | P319: Santana | Q319: AP
A320: 319º | B320: nacionalpb | C320: Nacional de Patos-PB | D320: =SUMIF(CAL!B:E,B320,CAL!E:E)+SUMIF(CAL!J:M,B320,CAL!M:M) -> 14 | E320: =COUNTIF(CAL!B:J,B320) -> 9 | F320: =SUMIF(CAL!B:F,B320,CAL!F:F)+SUMIF(CAL!J:N,B320,CAL!N:N) -> 3 | G320: =SUMIF(CAL!B:F,B320,CAL!G:G)+SUMIF(CAL!J:N,B320,CAL!O:O) -> 5 | H320: =SUMIF(CAL!B:F,B320,CAL!H:H)+SUMIF(CAL!J:N,B320,CAL!P:P) -> 1 | I320: =IF(E320=0,0,(D320/(E320*3))) -> 0.51851852 | J320: =SUMIF(CAL!B:C,B320,CAL!C:C)+SUMIF(CAL!J:J,B320,CAL!D:D) -> 14 | K320: =SUMIF(CAL!B:D,B320,CAL!D:D)+SUMIF(CAL!J:L,B320,CAL!K:K) -> 10 | L320: =J320-K320 -> 4 | M320: =IF(E320=0,0,(J320/E320)) -> 1.5555556 | N320: =IF(E320=0,0,(K320/E320)) -> 1.1111111 | O320: =SUMIF(CAL!B:I,B320,CAL!I:I)+SUMIF(CAL!J:Q,B320,CAL!Q:Q) -> 3 | P320: Patos | Q320: PB
A321: 320º | B321: centralpe | C321: Central-PE | D321: =SUMIF(CAL!B:E,B321,CAL!E:E)+SUMIF(CAL!J:M,B321,CAL!M:M) -> 14 | E321: =COUNTIF(CAL!B:J,B321) -> 12 | F321: =SUMIF(CAL!B:F,B321,CAL!F:F)+SUMIF(CAL!J:N,B321,CAL!N:N) -> 3 | G321: =SUMIF(CAL!B:F,B321,CAL!G:G)+SUMIF(CAL!J:N,B321,CAL!O:O) -> 5 | H321: =SUMIF(CAL!B:F,B321,CAL!H:H)+SUMIF(CAL!J:N,B321,CAL!P:P) -> 4 | I321: =IF(E321=0,0,(D321/(E321*3))) -> 0.38888889 | J321: =SUMIF(CAL!B:C,B321,CAL!C:C)+SUMIF(CAL!J:J,B321,CAL!D:D) -> 9 | K321: =SUMIF(CAL!B:D,B321,CAL!D:D)+SUMIF(CAL!J:L,B321,CAL!K:K) -> 10 | L321: =J321-K321 -> -1 | M321: =IF(E321=0,0,(J321/E321)) -> 0.75 | N321: =IF(E321=0,0,(K321/E321)) -> 0.83333333 | O321: =SUMIF(CAL!B:I,B321,CAL!I:I)+SUMIF(CAL!J:Q,B321,CAL!Q:Q) -> 3 | P321: Caruaru | Q321: PE
A322: 321º | B322: pontepretasp | C322: Ponte Preta-SP | D322: =SUMIF(CAL!B:E,B322,CAL!E:E)+SUMIF(CAL!J:M,B322,CAL!M:M) -> 14 | E322: =COUNTIF(CAL!B:J,B322) -> 36 | F322: =SUMIF(CAL!B:F,B322,CAL!F:F)+SUMIF(CAL!J:N,B322,CAL!N:N) -> 3 | G322: =SUMIF(CAL!B:F,B322,CAL!G:G)+SUMIF(CAL!J:N,B322,CAL!O:O) -> 5 | H322: =SUMIF(CAL!B:F,B322,CAL!H:H)+SUMIF(CAL!J:N,B322,CAL!P:P) -> 28 | I322: =IF(E322=0,0,(D322/(E322*3))) -> 0.12962963 | J322: =SUMIF(CAL!B:C,B322,CAL!C:C)+SUMIF(CAL!J:J,B322,CAL!D:D) -> 20 | K322: =SUMIF(CAL!B:D,B322,CAL!D:D)+SUMIF(CAL!J:L,B322,CAL!K:K) -> 69 | L322: =J322-K322 -> -49 | M322: =IF(E322=0,0,(J322/E322)) -> 0.55555556 | N322: =IF(E322=0,0,(K322/E322)) -> 1.9166667 | O322: =SUMIF(CAL!B:I,B322,CAL!I:I)+SUMIF(CAL!J:Q,B322,CAL!Q:Q) -> 3 | P322: Campinas | Q322: SP
A323: 322º | B323: atleticoce | C323: Atlético-CE | D323: =SUMIF(CAL!B:E,B323,CAL!E:E)+SUMIF(CAL!J:M,B323,CAL!M:M) -> 14 | E323: =COUNTIF(CAL!B:J,B323) -> 19 | F323: =SUMIF(CAL!B:F,B323,CAL!F:F)+SUMIF(CAL!J:N,B323,CAL!N:N) -> 2 | G323: =SUMIF(CAL!B:F,B323,CAL!G:G)+SUMIF(CAL!J:N,B323,CAL!O:O) -> 8 | H323: =SUMIF(CAL!B:F,B323,CAL!H:H)+SUMIF(CAL!J:N,B323,CAL!P:P) -> 9 | I323: =IF(E323=0,0,(D323/(E323*3))) -> 0.24561404 | J323: =SUMIF(CAL!B:C,B323,CAL!C:C)+SUMIF(CAL!J:J,B323,CAL!D:D) -> 16 | K323: =SUMIF(CAL!B:D,B323,CAL!D:D)+SUMIF(CAL!J:L,B323,CAL!K:K) -> 27 | L323: =J323-K323 -> -11 | M323: =IF(E323=0,0,(J323/E323)) -> 0.84210526 | N323: =IF(E323=0,0,(K323/E323)) -> 1.4210526 | O323: =SUMIF(CAL!B:I,B323,CAL!I:I)+SUMIF(CAL!J:Q,B323,CAL!Q:Q) -> 3 | P323: Fortaleza | Q323: CE
A324: 323º | B324: uirapurumt | C324: Uirapuru-MT | D324: =SUMIF(CAL!B:E,B324,CAL!E:E)+SUMIF(CAL!J:M,B324,CAL!M:M) -> 13 | E324: =COUNTIF(CAL!B:J,B324) -> 6 | F324: =SUMIF(CAL!B:F,B324,CAL!F:F)+SUMIF(CAL!J:N,B324,CAL!N:N) -> 4 | G324: =SUMIF(CAL!B:F,B324,CAL!G:G)+SUMIF(CAL!J:N,B324,CAL!O:O) -> 1 | H324: =SUMIF(CAL!B:F,B324,CAL!H:H)+SUMIF(CAL!J:N,B324,CAL!P:P) -> 1 | I324: =IF(E324=0,0,(D324/(E324*3))) -> 0.72222222 | J324: =SUMIF(CAL!B:C,B324,CAL!C:C)+SUMIF(CAL!J:J,B324,CAL!D:D) -> 17 | K324: =SUMIF(CAL!B:D,B324,CAL!D:D)+SUMIF(CAL!J:L,B324,CAL!K:K) -> 7 | L324: =J324-K324 -> 10 | M324: =IF(E324=0,0,(J324/E324)) -> 2.8333333 | N324: =IF(E324=0,0,(K324/E324)) -> 1.1666667 | O324: =SUMIF(CAL!B:I,B324,CAL!I:I)+SUMIF(CAL!J:Q,B324,CAL!Q:Q) -> 1 | P324: Cuiabá | Q324: MT
A325: 324º | B325: comercialms | C325: Comercial-MS | D325: =SUMIF(CAL!B:E,B325,CAL!E:E)+SUMIF(CAL!J:M,B325,CAL!M:M) -> 13 | E325: =COUNTIF(CAL!B:J,B325) -> 7 | F325: =SUMIF(CAL!B:F,B325,CAL!F:F)+SUMIF(CAL!J:N,B325,CAL!N:N) -> 4 | G325: =SUMIF(CAL!B:F,B325,CAL!G:G)+SUMIF(CAL!J:N,B325,CAL!O:O) -> 1 | H325: =SUMIF(CAL!B:F,B325,CAL!H:H)+SUMIF(CAL!J:N,B325,CAL!P:P) -> 2 | I325: =IF(E325=0,0,(D325/(E325*3))) -> 0.61904762 | J325: =SUMIF(CAL!B:C,B325,CAL!C:C)+SUMIF(CAL!J:J,B325,CAL!D:D) -> 11 | K325: =SUMIF(CAL!B:D,B325,CAL!D:D)+SUMIF(CAL!J:L,B325,CAL!K:K) -> 6 | L325: =J325-K325 -> 5 | M325: =IF(E325=0,0,(J325/E325)) -> 1.5714286 | N325: =IF(E325=0,0,(K325/E325)) -> 0.85714286 | O325: =SUMIF(CAL!B:I,B325,CAL!I:I)+SUMIF(CAL!J:Q,B325,CAL!Q:Q) -> 1 | P325: Campo Grande | Q325: MS
A326: 325º | B326: saopauloap | C326: São Paulo-AP | D326: =SUMIF(CAL!B:E,B326,CAL!E:E)+SUMIF(CAL!J:M,B326,CAL!M:M) -> 13 | E326: =COUNTIF(CAL!B:J,B326) -> 7 | F326: =SUMIF(CAL!B:F,B326,CAL!F:F)+SUMIF(CAL!J:N,B326,CAL!N:N) -> 4 | G326: =SUMIF(CAL!B:F,B326,CAL!G:G)+SUMIF(CAL!J:N,B326,CAL!O:O) -> 1 | H326: =SUMIF(CAL!B:F,B326,CAL!H:H)+SUMIF(CAL!J:N,B326,CAL!P:P) -> 2 | I326: =IF(E326=0,0,(D326/(E326*3))) -> 0.61904762 | J326: =SUMIF(CAL!B:C,B326,CAL!C:C)+SUMIF(CAL!J:J,B326,CAL!D:D) -> 12 | K326: =SUMIF(CAL!B:D,B326,CAL!D:D)+SUMIF(CAL!J:L,B326,CAL!K:K) -> 7 | L326: =J326-K326 -> 5 | M326: =IF(E326=0,0,(J326/E326)) -> 1.7142857 | N326: =IF(E326=0,0,(K326/E326)) -> 1 | O326: =SUMIF(CAL!B:I,B326,CAL!I:I)+SUMIF(CAL!J:Q,B326,CAL!Q:Q) -> 3 | P326: Macapá | Q326: AP
A327: 326º | B327: iguacupr | C327: Iguaçu-PR | D327: =SUMIF(CAL!B:E,B327,CAL!E:E)+SUMIF(CAL!J:M,B327,CAL!M:M) -> 14 | E327: =COUNTIF(CAL!B:J,B327) -> 7 | F327: =SUMIF(CAL!B:F,B327,CAL!F:F)+SUMIF(CAL!J:N,B327,CAL!N:N) -> 4 | G327: =SUMIF(CAL!B:F,B327,CAL!G:G)+SUMIF(CAL!J:N,B327,CAL!O:O) -> 2 | H327: =SUMIF(CAL!B:F,B327,CAL!H:H)+SUMIF(CAL!J:N,B327,CAL!P:P) -> 1 | I327: =IF(E327=0,0,(D327/(E327*3))) -> 0.66666667 | J327: =SUMIF(CAL!B:C,B327,CAL!C:C)+SUMIF(CAL!J:J,B327,CAL!D:D) -> 7 | K327: =SUMIF(CAL!B:D,B327,CAL!D:D)+SUMIF(CAL!J:L,B327,CAL!K:K) -> 3 | L327: =J327-K327 -> 4 | M327: =IF(E327=0,0,(J327/E327)) -> 1 | N327: =IF(E327=0,0,(K327/E327)) -> 0.42857143 | O327: =SUMIF(CAL!B:I,B327,CAL!I:I)+SUMIF(CAL!J:Q,B327,CAL!Q:Q) -> 5 | P327: União da Vitória | Q327: PR
A328: 327º | B328: santanaap | C328: Santana-AP | D328: =SUMIF(CAL!B:E,B328,CAL!E:E)+SUMIF(CAL!J:M,B328,CAL!M:M) -> 13 | E328: =COUNTIF(CAL!B:J,B328) -> 6 | F328: =SUMIF(CAL!B:F,B328,CAL!F:F)+SUMIF(CAL!J:N,B328,CAL!N:N) -> 4 | G328: =SUMIF(CAL!B:F,B328,CAL!G:G)+SUMIF(CAL!J:N,B328,CAL!O:O) -> 1 | H328: =SUMIF(CAL!B:F,B328,CAL!H:H)+SUMIF(CAL!J:N,B328,CAL!P:P) -> 1 | I328: =IF(E328=0,0,(D328/(E328*3))) -> 0.72222222 | J328: =SUMIF(CAL!B:C,B328,CAL!C:C)+SUMIF(CAL!J:J,B328,CAL!D:D) -> 14 | K328: =SUMIF(CAL!B:D,B328,CAL!D:D)+SUMIF(CAL!J:L,B328,CAL!K:K) -> 10 | L328: =J328-K328 -> 4 | M328: =IF(E328=0,0,(J328/E328)) -> 2.3333333 | N328: =IF(E328=0,0,(K328/E328)) -> 1.6666667 | O328: =SUMIF(CAL!B:I,B328,CAL!I:I)+SUMIF(CAL!J:Q,B328,CAL!Q:Q) -> 2 | P328: Santana | Q328: AP
A329: 328º | B329: uniaoaraguainenseto | C329: União Araguainense-TO | D329: =SUMIF(CAL!B:E,B329,CAL!E:E)+SUMIF(CAL!J:M,B329,CAL!M:M) -> 13 | E329: =COUNTIF(CAL!B:J,B329) -> 9 | F329: =SUMIF(CAL!B:F,B329,CAL!F:F)+SUMIF(CAL!J:N,B329,CAL!N:N) -> 4 | G329: =SUMIF(CAL!B:F,B329,CAL!G:G)+SUMIF(CAL!J:N,B329,CAL!O:O) -> 1 | H329: =SUMIF(CAL!B:F,B329,CAL!H:H)+SUMIF(CAL!J:N,B329,CAL!P:P) -> 4 | I329: =IF(E329=0,0,(D329/(E329*3))) -> 0.48148148 | J329: =SUMIF(CAL!B:C,B329,CAL!C:C)+SUMIF(CAL!J:J,B329,CAL!D:D) -> 13 | K329: =SUMIF(CAL!B:D,B329,CAL!D:D)+SUMIF(CAL!J:L,B329,CAL!K:K) -> 10 | L329: =J329-K329 -> 3 | M329: =IF(E329=0,0,(J329/E329)) -> 1.4444444 | N329: =IF(E329=0,0,(K329/E329)) -> 1.1111111 | O329: =SUMIF(CAL!B:I,B329,CAL!I:I)+SUMIF(CAL!J:Q,B329,CAL!Q:Q) -> 3
A330: 329º | B330: guaranyce | C330: Guarany de Sobral-CE | D330: =SUMIF(CAL!B:E,B330,CAL!E:E)+SUMIF(CAL!J:M,B330,CAL!M:M) -> 13 | E330: =COUNTIF(CAL!B:J,B330) -> 9 | F330: =SUMIF(CAL!B:F,B330,CAL!F:F)+SUMIF(CAL!J:N,B330,CAL!N:N) -> 4 | G330: =SUMIF(CAL!B:F,B330,CAL!G:G)+SUMIF(CAL!J:N,B330,CAL!O:O) -> 1 | H330: =SUMIF(CAL!B:F,B330,CAL!H:H)+SUMIF(CAL!J:N,B330,CAL!P:P) -> 4 | I330: =IF(E330=0,0,(D330/(E330*3))) -> 0.48148148 | J330: =SUMIF(CAL!B:C,B330,CAL!C:C)+SUMIF(CAL!J:J,B330,CAL!D:D) -> 13 | K330: =SUMIF(CAL!B:D,B330,CAL!D:D)+SUMIF(CAL!J:L,B330,CAL!K:K) -> 11 | L330: =J330-K330 -> 2 | M330: =IF(E330=0,0,(J330/E330)) -> 1.4444444 | N330: =IF(E330=0,0,(K330/E330)) -> 1.2222222 | O330: =SUMIF(CAL!B:I,B330,CAL!I:I)+SUMIF(CAL!J:Q,B330,CAL!Q:Q) -> 3 | P330: Sobral | Q330: CE
A331: 330º | B331: tupasp | C331: Tupã-SP | D331: =SUMIF(CAL!B:E,B331,CAL!E:E)+SUMIF(CAL!J:M,B331,CAL!M:M) -> 13 | E331: =COUNTIF(CAL!B:J,B331) -> 12 | F331: =SUMIF(CAL!B:F,B331,CAL!F:F)+SUMIF(CAL!J:N,B331,CAL!N:N) -> 4 | G331: =SUMIF(CAL!B:F,B331,CAL!G:G)+SUMIF(CAL!J:N,B331,CAL!O:O) -> 1 | H331: =SUMIF(CAL!B:F,B331,CAL!H:H)+SUMIF(CAL!J:N,B331,CAL!P:P) -> 7 | I331: =IF(E331=0,0,(D331/(E331*3))) -> 0.36111111 | J331: =SUMIF(CAL!B:C,B331,CAL!C:C)+SUMIF(CAL!J:J,B331,CAL!D:D) -> 14 | K331: =SUMIF(CAL!B:D,B331,CAL!D:D)+SUMIF(CAL!J:L,B331,CAL!K:K) -> 20 | L331: =J331-K331 -> -6 | M331: =IF(E331=0,0,(J331/E331)) -> 1.1666667 | N331: =IF(E331=0,0,(K331/E331)) -> 1.6666667 | O331: =SUMIF(CAL!B:I,B331,CAL!I:I)+SUMIF(CAL!J:Q,B331,CAL!Q:Q) -> 3
A332: 331º | B332: capivarianosp | C332: Capivariano-SP | D332: =SUMIF(CAL!B:E,B332,CAL!E:E)+SUMIF(CAL!J:M,B332,CAL!M:M) -> 13 | E332: =COUNTIF(CAL!B:J,B332) -> 9 | F332: =SUMIF(CAL!B:F,B332,CAL!F:F)+SUMIF(CAL!J:N,B332,CAL!N:N) -> 4 | G332: =SUMIF(CAL!B:F,B332,CAL!G:G)+SUMIF(CAL!J:N,B332,CAL!O:O) -> 1 | H332: =SUMIF(CAL!B:F,B332,CAL!H:H)+SUMIF(CAL!J:N,B332,CAL!P:P) -> 4 | I332: =IF(E332=0,0,(D332/(E332*3))) -> 0.48148148 | J332: =SUMIF(CAL!B:C,B332,CAL!C:C)+SUMIF(CAL!J:J,B332,CAL!D:D) -> 7 | K332: =SUMIF(CAL!B:D,B332,CAL!D:D)+SUMIF(CAL!J:L,B332,CAL!K:K) -> 14 | L332: =J332-K332 -> -7 | M332: =IF(E332=0,0,(J332/E332)) -> 0.77777778 | N332: =IF(E332=0,0,(K332/E332)) -> 1.5555556 | O332: =SUMIF(CAL!B:I,B332,CAL!I:I)+SUMIF(CAL!J:Q,B332,CAL!Q:Q) -> 4 | P332: Capivari | Q332: SP
A333: 332º | B333: esportivors | C333: Esportivo-RS | D333: =SUMIF(CAL!B:E,B333,CAL!E:E)+SUMIF(CAL!J:M,B333,CAL!M:M) -> 14 | E333: =COUNTIF(CAL!B:J,B333) -> 9 | F333: =SUMIF(CAL!B:F,B333,CAL!F:F)+SUMIF(CAL!J:N,B333,CAL!N:N) -> 3 | G333: =SUMIF(CAL!B:F,B333,CAL!G:G)+SUMIF(CAL!J:N,B333,CAL!O:O) -> 5 | H333: =SUMIF(CAL!B:F,B333,CAL!H:H)+SUMIF(CAL!J:N,B333,CAL!P:P) -> 1 | I333: =IF(E333=0,0,(D333/(E333*3))) -> 0.51851852 | J333: =SUMIF(CAL!B:C,B333,CAL!C:C)+SUMIF(CAL!J:J,B333,CAL!D:D) -> 9 | K333: =SUMIF(CAL!B:D,B333,CAL!D:D)+SUMIF(CAL!J:L,B333,CAL!K:K) -> 6 | L333: =J333-K333 -> 3 | M333: =IF(E333=0,0,(J333/E333)) -> 1 | N333: =IF(E333=0,0,(K333/E333)) -> 0.66666667 | O333: =SUMIF(CAL!B:I,B333,CAL!I:I)+SUMIF(CAL!J:Q,B333,CAL!Q:Q) -> 4 | P333: Bento Gonçalves | Q333: RS
A334: 333º | B334: goianiago | C334: Goiânia-GO | D334: =SUMIF(CAL!B:E,B334,CAL!E:E)+SUMIF(CAL!J:M,B334,CAL!M:M) -> 14 | E334: =COUNTIF(CAL!B:J,B334) -> 10 | F334: =SUMIF(CAL!B:F,B334,CAL!F:F)+SUMIF(CAL!J:N,B334,CAL!N:N) -> 3 | G334: =SUMIF(CAL!B:F,B334,CAL!G:G)+SUMIF(CAL!J:N,B334,CAL!O:O) -> 5 | H334: =SUMIF(CAL!B:F,B334,CAL!H:H)+SUMIF(CAL!J:N,B334,CAL!P:P) -> 2 | I334: =IF(E334=0,0,(D334/(E334*3))) -> 0.46666667 | J334: =SUMIF(CAL!B:C,B334,CAL!C:C)+SUMIF(CAL!J:J,B334,CAL!D:D) -> 5 | K334: =SUMIF(CAL!B:D,B334,CAL!D:D)+SUMIF(CAL!J:L,B334,CAL!K:K) -> 5 | L334: =J334-K334 -> 0 | M334: =IF(E334=0,0,(J334/E334)) -> 0.5 | N334: =IF(E334=0,0,(K334/E334)) -> 0.5 | O334: =SUMIF(CAL!B:I,B334,CAL!I:I)+SUMIF(CAL!J:Q,B334,CAL!Q:Q) -> 6 | P334: Goiânia | Q334: GO
A335: 334º | B335: novohamburgors | C335: Novo Hamburgo-RS | D335: =SUMIF(CAL!B:E,B335,CAL!E:E)+SUMIF(CAL!J:M,B335,CAL!M:M) -> 13 | E335: =COUNTIF(CAL!B:J,B335) -> 11 | F335: =SUMIF(CAL!B:F,B335,CAL!F:F)+SUMIF(CAL!J:N,B335,CAL!N:N) -> 3 | G335: =SUMIF(CAL!B:F,B335,CAL!G:G)+SUMIF(CAL!J:N,B335,CAL!O:O) -> 4 | H335: =SUMIF(CAL!B:F,B335,CAL!H:H)+SUMIF(CAL!J:N,B335,CAL!P:P) -> 4 | I335: =IF(E335=0,0,(D335/(E335*3))) -> 0.39393939 | J335: =SUMIF(CAL!B:C,B335,CAL!C:C)+SUMIF(CAL!J:J,B335,CAL!D:D) -> 11 | K335: =SUMIF(CAL!B:D,B335,CAL!D:D)+SUMIF(CAL!J:L,B335,CAL!K:K) -> 11 | L335: =J335-K335 -> 0 | M335: =IF(E335=0,0,(J335/E335)) -> 1 | N335: =IF(E335=0,0,(K335/E335)) -> 1 | O335: =SUMIF(CAL!B:I,B335,CAL!I:I)+SUMIF(CAL!J:Q,B335,CAL!Q:Q) -> 2 | P335: Novo Hamburgo | Q335: RS
A336: 335º | B336: cabofrienserj | C336: Cabofriense-RJ | D336: =SUMIF(CAL!B:E,B336,CAL!E:E)+SUMIF(CAL!J:M,B336,CAL!M:M) -> 13 | E336: =COUNTIF(CAL!B:J,B336) -> 13 | F336: =SUMIF(CAL!B:F,B336,CAL!F:F)+SUMIF(CAL!J:N,B336,CAL!N:N) -> 3 | G336: =SUMIF(CAL!B:F,B336,CAL!G:G)+SUMIF(CAL!J:N,B336,CAL!O:O) -> 4 | H336: =SUMIF(CAL!B:F,B336,CAL!H:H)+SUMIF(CAL!J:N,B336,CAL!P:P) -> 6 | I336: =IF(E336=0,0,(D336/(E336*3))) -> 0.33333333 | J336: =SUMIF(CAL!B:C,B336,CAL!C:C)+SUMIF(CAL!J:J,B336,CAL!D:D) -> 13 | K336: =SUMIF(CAL!B:D,B336,CAL!D:D)+SUMIF(CAL!J:L,B336,CAL!K:K) -> 16 | L336: =J336-K336 -> -3 | M336: =IF(E336=0,0,(J336/E336)) -> 1 | N336: =IF(E336=0,0,(K336/E336)) -> 1.2307692 | O336: =SUMIF(CAL!B:I,B336,CAL!I:I)+SUMIF(CAL!J:Q,B336,CAL!Q:Q) -> 4 | P336: Cabo Frio | Q336: RJ
A337: 336º | B337: castanhalpa | C337: Castanhal-PA | D337: =SUMIF(CAL!B:E,B337,CAL!E:E)+SUMIF(CAL!J:M,B337,CAL!M:M) -> 13 | E337: =COUNTIF(CAL!B:J,B337) -> 12 | F337: =SUMIF(CAL!B:F,B337,CAL!F:F)+SUMIF(CAL!J:N,B337,CAL!N:N) -> 3 | G337: =SUMIF(CAL!B:F,B337,CAL!G:G)+SUMIF(CAL!J:N,B337,CAL!O:O) -> 4 | H337: =SUMIF(CAL!B:F,B337,CAL!H:H)+SUMIF(CAL!J:N,B337,CAL!P:P) -> 5 | I337: =IF(E337=0,0,(D337/(E337*3))) -> 0.36111111 | J337: =SUMIF(CAL!B:C,B337,CAL!C:C)+SUMIF(CAL!J:J,B337,CAL!D:D) -> 6 | K337: =SUMIF(CAL!B:D,B337,CAL!D:D)+SUMIF(CAL!J:L,B337,CAL!K:K) -> 12 | L337: =J337-K337 -> -6 | M337: =IF(E337=0,0,(J337/E337)) -> 0.5 | N337: =IF(E337=0,0,(K337/E337)) -> 1 | O337: =SUMIF(CAL!B:I,B337,CAL!I:I)+SUMIF(CAL!J:Q,B337,CAL!Q:Q) -> 5 | P337: Castanhal | Q337: PA
A338: 337º | B338: araruamarj | C338: Araruama-RJ | D338: =SUMIF(CAL!B:E,B338,CAL!E:E)+SUMIF(CAL!J:M,B338,CAL!M:M) -> 13 | E338: =COUNTIF(CAL!B:J,B338) -> 15 | F338: =SUMIF(CAL!B:F,B338,CAL!F:F)+SUMIF(CAL!J:N,B338,CAL!N:N) -> 3 | G338: =SUMIF(CAL!B:F,B338,CAL!G:G)+SUMIF(CAL!J:N,B338,CAL!O:O) -> 4 | H338: =SUMIF(CAL!B:F,B338,CAL!H:H)+SUMIF(CAL!J:N,B338,CAL!P:P) -> 8 | I338: =IF(E338=0,0,(D338/(E338*3))) -> 0.28888889 | J338: =SUMIF(CAL!B:C,B338,CAL!C:C)+SUMIF(CAL!J:J,B338,CAL!D:D) -> 12 | K338: =SUMIF(CAL!B:D,B338,CAL!D:D)+SUMIF(CAL!J:L,B338,CAL!K:K) -> 21 | L338: =J338-K338 -> -9 | M338: =IF(E338=0,0,(J338/E338)) -> 0.8 | N338: =IF(E338=0,0,(K338/E338)) -> 1.4 | O338: =SUMIF(CAL!B:I,B338,CAL!I:I)+SUMIF(CAL!J:Q,B338,CAL!Q:Q) -> 3
A339: 338º | B339: avenidars | C339: Avenida-RS | D339: =SUMIF(CAL!B:E,B339,CAL!E:E)+SUMIF(CAL!J:M,B339,CAL!M:M) -> 13 | E339: =COUNTIF(CAL!B:J,B339) -> 12 | F339: =SUMIF(CAL!B:F,B339,CAL!F:F)+SUMIF(CAL!J:N,B339,CAL!N:N) -> 2 | G339: =SUMIF(CAL!B:F,B339,CAL!G:G)+SUMIF(CAL!J:N,B339,CAL!O:O) -> 7 | H339: =SUMIF(CAL!B:F,B339,CAL!H:H)+SUMIF(CAL!J:N,B339,CAL!P:P) -> 3 | I339: =IF(E339=0,0,(D339/(E339*3))) -> 0.36111111 | J339: =SUMIF(CAL!B:C,B339,CAL!C:C)+SUMIF(CAL!J:J,B339,CAL!D:D) -> 10 | K339: =SUMIF(CAL!B:D,B339,CAL!D:D)+SUMIF(CAL!J:L,B339,CAL!K:K) -> 14 | L339: =J339-K339 -> -4 | M339: =IF(E339=0,0,(J339/E339)) -> 0.83333333 | N339: =IF(E339=0,0,(K339/E339)) -> 1.1666667 | O339: =SUMIF(CAL!B:I,B339,CAL!I:I)+SUMIF(CAL!J:Q,B339,CAL!Q:Q) -> 3
A340: 339º | B340: operarioam | C340: Operário-AM | D340: =SUMIF(CAL!B:E,B340,CAL!E:E)+SUMIF(CAL!J:M,B340,CAL!M:M) -> 12 | E340: =COUNTIF(CAL!B:J,B340) -> 7 | F340: =SUMIF(CAL!B:F,B340,CAL!F:F)+SUMIF(CAL!J:N,B340,CAL!N:N) -> 4 | G340: =SUMIF(CAL!B:F,B340,CAL!G:G)+SUMIF(CAL!J:N,B340,CAL!O:O) -> 0 | H340: =SUMIF(CAL!B:F,B340,CAL!H:H)+SUMIF(CAL!J:N,B340,CAL!P:P) -> 3 | I340: =IF(E340=0,0,(D340/(E340*3))) -> 0.57142857 | J340: =SUMIF(CAL!B:C,B340,CAL!C:C)+SUMIF(CAL!J:J,B340,CAL!D:D) -> 24 | K340: =SUMIF(CAL!B:D,B340,CAL!D:D)+SUMIF(CAL!J:L,B340,CAL!K:K) -> 7 | L340: =J340-K340 -> 17 | M340: =IF(E340=0,0,(J340/E340)) -> 3.4285714 | N340: =IF(E340=0,0,(K340/E340)) -> 1 | O340: =SUMIF(CAL!B:I,B340,CAL!I:I)+SUMIF(CAL!J:Q,B340,CAL!Q:Q) -> 3 | P340: Manacapuru | Q340: AM
A341: 340º | B341: mogimirimsp | C341: Mogi Mirim-SP | D341: =SUMIF(CAL!B:E,B341,CAL!E:E)+SUMIF(CAL!J:M,B341,CAL!M:M) -> 12 | E341: =COUNTIF(CAL!B:J,B341) -> 10 | F341: =SUMIF(CAL!B:F,B341,CAL!F:F)+SUMIF(CAL!J:N,B341,CAL!N:N) -> 4 | G341: =SUMIF(CAL!B:F,B341,CAL!G:G)+SUMIF(CAL!J:N,B341,CAL!O:O) -> 0 | H341: =SUMIF(CAL!B:F,B341,CAL!H:H)+SUMIF(CAL!J:N,B341,CAL!P:P) -> 6 | I341: =IF(E341=0,0,(D341/(E341*3))) -> 0.4 | J341: =SUMIF(CAL!B:C,B341,CAL!C:C)+SUMIF(CAL!J:J,B341,CAL!D:D) -> 15 | K341: =SUMIF(CAL!B:D,B341,CAL!D:D)+SUMIF(CAL!J:L,B341,CAL!K:K) -> 15 | L341: =J341-K341 -> 0 | M341: =IF(E341=0,0,(J341/E341)) -> 1.5 | N341: =IF(E341=0,0,(K341/E341)) -> 1.5 | O341: =SUMIF(CAL!B:I,B341,CAL!I:I)+SUMIF(CAL!J:Q,B341,CAL!Q:Q) -> 2 | P341: Mogi Mirim | Q341: SP
A342: 341º | B342: unisouzarj | C342: Unisouza-RJ | D342: =SUMIF(CAL!B:E,B342,CAL!E:E)+SUMIF(CAL!J:M,B342,CAL!M:M) -> 12 | E342: =COUNTIF(CAL!B:J,B342) -> 10 | F342: =SUMIF(CAL!B:F,B342,CAL!F:F)+SUMIF(CAL!J:N,B342,CAL!N:N) -> 3 | G342: =SUMIF(CAL!B:F,B342,CAL!G:G)+SUMIF(CAL!J:N,B342,CAL!O:O) -> 3 | H342: =SUMIF(CAL!B:F,B342,CAL!H:H)+SUMIF(CAL!J:N,B342,CAL!P:P) -> 4 | I342: =IF(E342=0,0,(D342/(E342*3))) -> 0.4 | J342: =SUMIF(CAL!B:C,B342,CAL!C:C)+SUMIF(CAL!J:J,B342,CAL!D:D) -> 15 | K342: =SUMIF(CAL!B:D,B342,CAL!D:D)+SUMIF(CAL!J:L,B342,CAL!K:K) -> 11 | L342: =J342-K342 -> 4 | M342: =IF(E342=0,0,(J342/E342)) -> 1.5 | N342: =IF(E342=0,0,(K342/E342)) -> 1.1 | O342: =SUMIF(CAL!B:I,B342,CAL!I:I)+SUMIF(CAL!J:Q,B342,CAL!Q:Q) -> 4
A343: 342º | B343: geles | C343: GEL-ES | D343: =SUMIF(CAL!B:E,B343,CAL!E:E)+SUMIF(CAL!J:M,B343,CAL!M:M) -> 12 | E343: =COUNTIF(CAL!B:J,B343) -> 8 | F343: =SUMIF(CAL!B:F,B343,CAL!F:F)+SUMIF(CAL!J:N,B343,CAL!N:N) -> 3 | G343: =SUMIF(CAL!B:F,B343,CAL!G:G)+SUMIF(CAL!J:N,B343,CAL!O:O) -> 3 | H343: =SUMIF(CAL!B:F,B343,CAL!H:H)+SUMIF(CAL!J:N,B343,CAL!P:P) -> 2 | I343: =IF(E343=0,0,(D343/(E343*3))) -> 0.5 | J343: =SUMIF(CAL!B:C,B343,CAL!C:C)+SUMIF(CAL!J:J,B343,CAL!D:D) -> 10 | K343: =SUMIF(CAL!B:D,B343,CAL!D:D)+SUMIF(CAL!J:L,B343,CAL!K:K) -> 7 | L343: =J343-K343 -> 3 | M343: =IF(E343=0,0,(J343/E343)) -> 1.25 | N343: =IF(E343=0,0,(K343/E343)) -> 0.875 | O343: =SUMIF(CAL!B:I,B343,CAL!I:I)+SUMIF(CAL!J:Q,B343,CAL!Q:Q) -> 4 | P343: Serra | Q343: ES
A344: 343º | B344: jequieba | C344: Jequié-BA | D344: =SUMIF(CAL!B:E,B344,CAL!E:E)+SUMIF(CAL!J:M,B344,CAL!M:M) -> 12 | E344: =COUNTIF(CAL!B:J,B344) -> 9 | F344: =SUMIF(CAL!B:F,B344,CAL!F:F)+SUMIF(CAL!J:N,B344,CAL!N:N) -> 3 | G344: =SUMIF(CAL!B:F,B344,CAL!G:G)+SUMIF(CAL!J:N,B344,CAL!O:O) -> 3 | H344: =SUMIF(CAL!B:F,B344,CAL!H:H)+SUMIF(CAL!J:N,B344,CAL!P:P) -> 3 | I344: =IF(E344=0,0,(D344/(E344*3))) -> 0.44444444 | J344: =SUMIF(CAL!B:C,B344,CAL!C:C)+SUMIF(CAL!J:J,B344,CAL!D:D) -> 15 | K344: =SUMIF(CAL!B:D,B344,CAL!D:D)+SUMIF(CAL!J:L,B344,CAL!K:K) -> 13 | L344: =J344-K344 -> 2 | M344: =IF(E344=0,0,(J344/E344)) -> 1.6666667 | N344: =IF(E344=0,0,(K344/E344)) -> 1.4444444 | O344: =SUMIF(CAL!B:I,B344,CAL!I:I)+SUMIF(CAL!J:Q,B344,CAL!Q:Q) -> 1 | P344: Jequié | Q344: BA
A345: 344º | B345: mauaensesp | C345: Mauaense-SP | D345: =SUMIF(CAL!B:E,B345,CAL!E:E)+SUMIF(CAL!J:M,B345,CAL!M:M) -> 12 | E345: =COUNTIF(CAL!B:J,B345) -> 10 | F345: =SUMIF(CAL!B:F,B345,CAL!F:F)+SUMIF(CAL!J:N,B345,CAL!N:N) -> 3 | G345: =SUMIF(CAL!B:F,B345,CAL!G:G)+SUMIF(CAL!J:N,B345,CAL!O:O) -> 3 | H345: =SUMIF(CAL!B:F,B345,CAL!H:H)+SUMIF(CAL!J:N,B345,CAL!P:P) -> 4 | I345: =IF(E345=0,0,(D345/(E345*3))) -> 0.4 | J345: =SUMIF(CAL!B:C,B345,CAL!C:C)+SUMIF(CAL!J:J,B345,CAL!D:D) -> 10 | K345: =SUMIF(CAL!B:D,B345,CAL!D:D)+SUMIF(CAL!J:L,B345,CAL!K:K) -> 10 | L345: =J345-K345 -> 0 | M345: =IF(E345=0,0,(J345/E345)) -> 1 | N345: =IF(E345=0,0,(K345/E345)) -> 1 | O345: =SUMIF(CAL!B:I,B345,CAL!I:I)+SUMIF(CAL!J:Q,B345,CAL!Q:Q) -> 3 | P345: Mauá | Q345: SP
A346: 345º | B346: pinheiroma | C346: Pinheiro-MA | D346: =SUMIF(CAL!B:E,B346,CAL!E:E)+SUMIF(CAL!J:M,B346,CAL!M:M) -> 12 | E346: =COUNTIF(CAL!B:J,B346) -> 8 | F346: =SUMIF(CAL!B:F,B346,CAL!F:F)+SUMIF(CAL!J:N,B346,CAL!N:N) -> 3 | G346: =SUMIF(CAL!B:F,B346,CAL!G:G)+SUMIF(CAL!J:N,B346,CAL!O:O) -> 3 | H346: =SUMIF(CAL!B:F,B346,CAL!H:H)+SUMIF(CAL!J:N,B346,CAL!P:P) -> 2 | I346: =IF(E346=0,0,(D346/(E346*3))) -> 0.5 | J346: =SUMIF(CAL!B:C,B346,CAL!C:C)+SUMIF(CAL!J:J,B346,CAL!D:D) -> 8 | K346: =SUMIF(CAL!B:D,B346,CAL!D:D)+SUMIF(CAL!J:L,B346,CAL!K:K) -> 8 | L346: =J346-K346 -> 0 | M346: =IF(E346=0,0,(J346/E346)) -> 1 | N346: =IF(E346=0,0,(K346/E346)) -> 1 | O346: =SUMIF(CAL!B:I,B346,CAL!I:I)+SUMIF(CAL!J:Q,B346,CAL!Q:Q) -> 3
A347: 346º | B347: princesaam | C347: Princesa-AM | D347: =SUMIF(CAL!B:E,B347,CAL!E:E)+SUMIF(CAL!J:M,B347,CAL!M:M) -> 12 | E347: =COUNTIF(CAL!B:J,B347) -> 10 | F347: =SUMIF(CAL!B:F,B347,CAL!F:F)+SUMIF(CAL!J:N,B347,CAL!N:N) -> 3 | G347: =SUMIF(CAL!B:F,B347,CAL!G:G)+SUMIF(CAL!J:N,B347,CAL!O:O) -> 3 | H347: =SUMIF(CAL!B:F,B347,CAL!H:H)+SUMIF(CAL!J:N,B347,CAL!P:P) -> 4 | I347: =IF(E347=0,0,(D347/(E347*3))) -> 0.4 | J347: =SUMIF(CAL!B:C,B347,CAL!C:C)+SUMIF(CAL!J:J,B347,CAL!D:D) -> 11 | K347: =SUMIF(CAL!B:D,B347,CAL!D:D)+SUMIF(CAL!J:L,B347,CAL!K:K) -> 11 | L347: =J347-K347 -> 0 | M347: =IF(E347=0,0,(J347/E347)) -> 1.1 | N347: =IF(E347=0,0,(K347/E347)) -> 1.1 | O347: =SUMIF(CAL!B:I,B347,CAL!I:I)+SUMIF(CAL!J:Q,B347,CAL!Q:Q) -> 2
A348: 347º | B348: pelotasrs | C348: Pelotas-RS | D348: =SUMIF(CAL!B:E,B348,CAL!E:E)+SUMIF(CAL!J:M,B348,CAL!M:M) -> 13 | E348: =COUNTIF(CAL!B:J,B348) -> 9 | F348: =SUMIF(CAL!B:F,B348,CAL!F:F)+SUMIF(CAL!J:N,B348,CAL!N:N) -> 3 | G348: =SUMIF(CAL!B:F,B348,CAL!G:G)+SUMIF(CAL!J:N,B348,CAL!O:O) -> 4 | H348: =SUMIF(CAL!B:F,B348,CAL!H:H)+SUMIF(CAL!J:N,B348,CAL!P:P) -> 2 | I348: =IF(E348=0,0,(D348/(E348*3))) -> 0.48148148 | J348: =SUMIF(CAL!B:C,B348,CAL!C:C)+SUMIF(CAL!J:J,B348,CAL!D:D) -> 9 | K348: =SUMIF(CAL!B:D,B348,CAL!D:D)+SUMIF(CAL!J:L,B348,CAL!K:K) -> 10 | L348: =J348-K348 -> -1 | M348: =IF(E348=0,0,(J348/E348)) -> 1 | N348: =IF(E348=0,0,(K348/E348)) -> 1.1111111 | O348: =SUMIF(CAL!B:I,B348,CAL!I:I)+SUMIF(CAL!J:Q,B348,CAL!Q:Q) -> 3 | P348: Pelotas | Q348: RS
A349: 348º | B349: guaranimg | C349: Guarani-MG | D349: =SUMIF(CAL!B:E,B349,CAL!E:E)+SUMIF(CAL!J:M,B349,CAL!M:M) -> 12 | E349: =COUNTIF(CAL!B:J,B349) -> 10 | F349: =SUMIF(CAL!B:F,B349,CAL!F:F)+SUMIF(CAL!J:N,B349,CAL!N:N) -> 3 | G349: =SUMIF(CAL!B:F,B349,CAL!G:G)+SUMIF(CAL!J:N,B349,CAL!O:O) -> 3 | H349: =SUMIF(CAL!B:F,B349,CAL!H:H)+SUMIF(CAL!J:N,B349,CAL!P:P) -> 4 | I349: =IF(E349=0,0,(D349/(E349*3))) -> 0.4 | J349: =SUMIF(CAL!B:C,B349,CAL!C:C)+SUMIF(CAL!J:J,B349,CAL!D:D) -> 12 | K349: =SUMIF(CAL!B:D,B349,CAL!D:D)+SUMIF(CAL!J:L,B349,CAL!K:K) -> 14 | L349: =J349-K349 -> -2 | M349: =IF(E349=0,0,(J349/E349)) -> 1.2 | N349: =IF(E349=0,0,(K349/E349)) -> 1.4 | O349: =SUMIF(CAL!B:I,B349,CAL!I:I)+SUMIF(CAL!J:Q,B349,CAL!Q:Q) -> 3 | P349: Divinópolis | Q349: MG
A350: 349º | B350: novamutummt | C350: Nova Mutum-MT | D350: =SUMIF(CAL!B:E,B350,CAL!E:E)+SUMIF(CAL!J:M,B350,CAL!M:M) -> 12 | E350: =COUNTIF(CAL!B:J,B350) -> 10 | F350: =SUMIF(CAL!B:F,B350,CAL!F:F)+SUMIF(CAL!J:N,B350,CAL!N:N) -> 3 | G350: =SUMIF(CAL!B:F,B350,CAL!G:G)+SUMIF(CAL!J:N,B350,CAL!O:O) -> 3 | H350: =SUMIF(CAL!B:F,B350,CAL!H:H)+SUMIF(CAL!J:N,B350,CAL!P:P) -> 4 | I350: =IF(E350=0,0,(D350/(E350*3))) -> 0.4 | J350: =SUMIF(CAL!B:C,B350,CAL!C:C)+SUMIF(CAL!J:J,B350,CAL!D:D) -> 15 | K350: =SUMIF(CAL!B:D,B350,CAL!D:D)+SUMIF(CAL!J:L,B350,CAL!K:K) -> 18 | L350: =J350-K350 -> -3 | M350: =IF(E350=0,0,(J350/E350)) -> 1.5 | N350: =IF(E350=0,0,(K350/E350)) -> 1.8 | O350: =SUMIF(CAL!B:I,B350,CAL!I:I)+SUMIF(CAL!J:Q,B350,CAL!Q:Q) -> 1 | P350: Nova Mutum | Q350: MT
A351: 350º | B351: patrocinensemg | C351: Patrocinense-MG | D351: =SUMIF(CAL!B:E,B351,CAL!E:E)+SUMIF(CAL!J:M,B351,CAL!M:M) -> 12 | E351: =COUNTIF(CAL!B:J,B351) -> 12 | F351: =SUMIF(CAL!B:F,B351,CAL!F:F)+SUMIF(CAL!J:N,B351,CAL!N:N) -> 3 | G351: =SUMIF(CAL!B:F,B351,CAL!G:G)+SUMIF(CAL!J:N,B351,CAL!O:O) -> 3 | H351: =SUMIF(CAL!B:F,B351,CAL!H:H)+SUMIF(CAL!J:N,B351,CAL!P:P) -> 6 | I351: =IF(E351=0,0,(D351/(E351*3))) -> 0.33333333 | J351: =SUMIF(CAL!B:C,B351,CAL!C:C)+SUMIF(CAL!J:J,B351,CAL!D:D) -> 11 | K351: =SUMIF(CAL!B:D,B351,CAL!D:D)+SUMIF(CAL!J:L,B351,CAL!K:K) -> 15 | L351: =J351-K351 -> -4 | M351: =IF(E351=0,0,(J351/E351)) -> 0.91666667 | N351: =IF(E351=0,0,(K351/E351)) -> 1.25 | O351: =SUMIF(CAL!B:I,B351,CAL!I:I)+SUMIF(CAL!J:Q,B351,CAL!Q:Q) -> 3 | P351: Patrocínio | Q351: MG
A352: 351º | B352: coruripeal | C352: Coruripe-AL | D352: =SUMIF(CAL!B:E,B352,CAL!E:E)+SUMIF(CAL!J:M,B352,CAL!M:M) -> 12 | E352: =COUNTIF(CAL!B:J,B352) -> 11 | F352: =SUMIF(CAL!B:F,B352,CAL!F:F)+SUMIF(CAL!J:N,B352,CAL!N:N) -> 3 | G352: =SUMIF(CAL!B:F,B352,CAL!G:G)+SUMIF(CAL!J:N,B352,CAL!O:O) -> 3 | H352: =SUMIF(CAL!B:F,B352,CAL!H:H)+SUMIF(CAL!J:N,B352,CAL!P:P) -> 5 | I352: =IF(E352=0,0,(D352/(E352*3))) -> 0.36363636 | J352: =SUMIF(CAL!B:C,B352,CAL!C:C)+SUMIF(CAL!J:J,B352,CAL!D:D) -> 11 | K352: =SUMIF(CAL!B:D,B352,CAL!D:D)+SUMIF(CAL!J:L,B352,CAL!K:K) -> 18 | L352: =J352-K352 -> -7 | M352: =IF(E352=0,0,(J352/E352)) -> 1 | N352: =IF(E352=0,0,(K352/E352)) -> 1.6363636 | O352: =SUMIF(CAL!B:I,B352,CAL!I:I)+SUMIF(CAL!J:Q,B352,CAL!Q:Q) -> 1
A353: 352º | B353: fortees | C353: Forte-ES | D353: =SUMIF(CAL!B:E,B353,CAL!E:E)+SUMIF(CAL!J:M,B353,CAL!M:M) -> 12 | E353: =COUNTIF(CAL!B:J,B353) -> 11 | F353: =SUMIF(CAL!B:F,B353,CAL!F:F)+SUMIF(CAL!J:N,B353,CAL!N:N) -> 2 | G353: =SUMIF(CAL!B:F,B353,CAL!G:G)+SUMIF(CAL!J:N,B353,CAL!O:O) -> 6 | H353: =SUMIF(CAL!B:F,B353,CAL!H:H)+SUMIF(CAL!J:N,B353,CAL!P:P) -> 3 | I353: =IF(E353=0,0,(D353/(E353*3))) -> 0.36363636 | J353: =SUMIF(CAL!B:C,B353,CAL!C:C)+SUMIF(CAL!J:J,B353,CAL!D:D) -> 7 | K353: =SUMIF(CAL!B:D,B353,CAL!D:D)+SUMIF(CAL!J:L,B353,CAL!K:K) -> 9 | L353: =J353-K353 -> -2 | M353: =IF(E353=0,0,(J353/E353)) -> 0.63636364 | N353: =IF(E353=0,0,(K353/E353)) -> 0.81818182 | O353: =SUMIF(CAL!B:I,B353,CAL!I:I)+SUMIF(CAL!J:Q,B353,CAL!Q:Q) -> 6
A354: 353º | B354: monteazulsp | C354: Monte Azul-SP | D354: =SUMIF(CAL!B:E,B354,CAL!E:E)+SUMIF(CAL!J:M,B354,CAL!M:M) -> 12 | E354: =COUNTIF(CAL!B:J,B354) -> 15 | F354: =SUMIF(CAL!B:F,B354,CAL!F:F)+SUMIF(CAL!J:N,B354,CAL!N:N) -> 2 | G354: =SUMIF(CAL!B:F,B354,CAL!G:G)+SUMIF(CAL!J:N,B354,CAL!O:O) -> 6 | H354: =SUMIF(CAL!B:F,B354,CAL!H:H)+SUMIF(CAL!J:N,B354,CAL!P:P) -> 7 | I354: =IF(E354=0,0,(D354/(E354*3))) -> 0.26666667 | J354: =SUMIF(CAL!B:C,B354,CAL!C:C)+SUMIF(CAL!J:J,B354,CAL!D:D) -> 17 | K354: =SUMIF(CAL!B:D,B354,CAL!D:D)+SUMIF(CAL!J:L,B354,CAL!K:K) -> 22 | L354: =J354-K354 -> -5 | M354: =IF(E354=0,0,(J354/E354)) -> 1.1333333 | N354: =IF(E354=0,0,(K354/E354)) -> 1.4666667 | O354: =SUMIF(CAL!B:I,B354,CAL!I:I)+SUMIF(CAL!J:Q,B354,CAL!Q:Q) -> 3 | P354: Monte Azul Paulista | Q354: SP
A355: 354º | B355: serranorj | C355: Serrano-RJ | D355: =SUMIF(CAL!B:E,B355,CAL!E:E)+SUMIF(CAL!J:M,B355,CAL!M:M) -> 12 | E355: =COUNTIF(CAL!B:J,B355) -> 14 | F355: =SUMIF(CAL!B:F,B355,CAL!F:F)+SUMIF(CAL!J:N,B355,CAL!N:N) -> 2 | G355: =SUMIF(CAL!B:F,B355,CAL!G:G)+SUMIF(CAL!J:N,B355,CAL!O:O) -> 6 | H355: =SUMIF(CAL!B:F,B355,CAL!H:H)+SUMIF(CAL!J:N,B355,CAL!P:P) -> 6 | I355: =IF(E355=0,0,(D355/(E355*3))) -> 0.28571429 | J355: =SUMIF(CAL!B:C,B355,CAL!C:C)+SUMIF(CAL!J:J,B355,CAL!D:D) -> 12 | K355: =SUMIF(CAL!B:D,B355,CAL!D:D)+SUMIF(CAL!J:L,B355,CAL!K:K) -> 23 | L355: =J355-K355 -> -11 | M355: =IF(E355=0,0,(J355/E355)) -> 0.85714286 | N355: =IF(E355=0,0,(K355/E355)) -> 1.6428571 | O355: =SUMIF(CAL!B:I,B355,CAL!I:I)+SUMIF(CAL!J:Q,B355,CAL!Q:Q) -> 3
A356: 355º | B356: setedesetembroms | C356: Sete de Setembro-MS | D356: =SUMIF(CAL!B:E,B356,CAL!E:E)+SUMIF(CAL!J:M,B356,CAL!M:M) -> 11 | E356: =COUNTIF(CAL!B:J,B356) -> 7 | F356: =SUMIF(CAL!B:F,B356,CAL!F:F)+SUMIF(CAL!J:N,B356,CAL!N:N) -> 3 | G356: =SUMIF(CAL!B:F,B356,CAL!G:G)+SUMIF(CAL!J:N,B356,CAL!O:O) -> 2 | H356: =SUMIF(CAL!B:F,B356,CAL!H:H)+SUMIF(CAL!J:N,B356,CAL!P:P) -> 2 | I356: =IF(E356=0,0,(D356/(E356*3))) -> 0.52380952 | J356: =SUMIF(CAL!B:C,B356,CAL!C:C)+SUMIF(CAL!J:J,B356,CAL!D:D) -> 12 | K356: =SUMIF(CAL!B:D,B356,CAL!D:D)+SUMIF(CAL!J:L,B356,CAL!K:K) -> 6 | L356: =J356-K356 -> 6 | M356: =IF(E356=0,0,(J356/E356)) -> 1.7142857 | N356: =IF(E356=0,0,(K356/E356)) -> 0.85714286 | O356: =SUMIF(CAL!B:I,B356,CAL!I:I)+SUMIF(CAL!J:Q,B356,CAL!Q:Q) -> 3 | P356: Dourados | Q356: MS
A357: 356º | B357: hopepr | C357: Hope-PR | D357: =SUMIF(CAL!B:E,B357,CAL!E:E)+SUMIF(CAL!J:M,B357,CAL!M:M) -> 11 | E357: =COUNTIF(CAL!B:J,B357) -> 7 | F357: =SUMIF(CAL!B:F,B357,CAL!F:F)+SUMIF(CAL!J:N,B357,CAL!N:N) -> 3 | G357: =SUMIF(CAL!B:F,B357,CAL!G:G)+SUMIF(CAL!J:N,B357,CAL!O:O) -> 2 | H357: =SUMIF(CAL!B:F,B357,CAL!H:H)+SUMIF(CAL!J:N,B357,CAL!P:P) -> 2 | I357: =IF(E357=0,0,(D357/(E357*3))) -> 0.52380952 | J357: =SUMIF(CAL!B:C,B357,CAL!C:C)+SUMIF(CAL!J:J,B357,CAL!D:D) -> 11 | K357: =SUMIF(CAL!B:D,B357,CAL!D:D)+SUMIF(CAL!J:L,B357,CAL!K:K) -> 8 | L357: =J357-K357 -> 3 | M357: =IF(E357=0,0,(J357/E357)) -> 1.5714286 | N357: =IF(E357=0,0,(K357/E357)) -> 1.1428571 | O357: =SUMIF(CAL!B:I,B357,CAL!I:I)+SUMIF(CAL!J:Q,B357,CAL!Q:Q) -> 2 | P357: Campo Largo | Q357: PR
A358: 357º | B358: independentepa | C358: Independente-PA | D358: =SUMIF(CAL!B:E,B358,CAL!E:E)+SUMIF(CAL!J:M,B358,CAL!M:M) -> 11 | E358: =COUNTIF(CAL!B:J,B358) -> 6 | F358: =SUMIF(CAL!B:F,B358,CAL!F:F)+SUMIF(CAL!J:N,B358,CAL!N:N) -> 3 | G358: =SUMIF(CAL!B:F,B358,CAL!G:G)+SUMIF(CAL!J:N,B358,CAL!O:O) -> 2 | H358: =SUMIF(CAL!B:F,B358,CAL!H:H)+SUMIF(CAL!J:N,B358,CAL!P:P) -> 1 | I358: =IF(E358=0,0,(D358/(E358*3))) -> 0.61111111 | J358: =SUMIF(CAL!B:C,B358,CAL!C:C)+SUMIF(CAL!J:J,B358,CAL!D:D) -> 8 | K358: =SUMIF(CAL!B:D,B358,CAL!D:D)+SUMIF(CAL!J:L,B358,CAL!K:K) -> 4 | L358: =J358-K358 -> 4 | M358: =IF(E358=0,0,(J358/E358)) -> 1.3333333 | N358: =IF(E358=0,0,(K358/E358)) -> 0.66666667 | O358: =SUMIF(CAL!B:I,B358,CAL!I:I)+SUMIF(CAL!J:Q,B358,CAL!Q:Q) -> 2
A359: 358º | B359: saoluisma | C359: São Luís-MA | D359: =SUMIF(CAL!B:E,B359,CAL!E:E)+SUMIF(CAL!J:M,B359,CAL!M:M) -> 11 | E359: =COUNTIF(CAL!B:J,B359) -> 7 | F359: =SUMIF(CAL!B:F,B359,CAL!F:F)+SUMIF(CAL!J:N,B359,CAL!N:N) -> 3 | G359: =SUMIF(CAL!B:F,B359,CAL!G:G)+SUMIF(CAL!J:N,B359,CAL!O:O) -> 2 | H359: =SUMIF(CAL!B:F,B359,CAL!H:H)+SUMIF(CAL!J:N,B359,CAL!P:P) -> 2 | I359: =IF(E359=0,0,(D359/(E359*3))) -> 0.52380952 | J359: =SUMIF(CAL!B:C,B359,CAL!C:C)+SUMIF(CAL!J:J,B359,CAL!D:D) -> 10 | K359: =SUMIF(CAL!B:D,B359,CAL!D:D)+SUMIF(CAL!J:L,B359,CAL!K:K) -> 6 | L359: =J359-K359 -> 4 | M359: =IF(E359=0,0,(J359/E359)) -> 1.4285714 | N359: =IF(E359=0,0,(K359/E359)) -> 0.85714286 | O359: =SUMIF(CAL!B:I,B359,CAL!I:I)+SUMIF(CAL!J:Q,B359,CAL!Q:Q) -> 2 | P359: São Luís | Q359: MA
A360: 359º | B360: vilarealce | C360: Vila Real-CE | D360: =SUMIF(CAL!B:E,B360,CAL!E:E)+SUMIF(CAL!J:M,B360,CAL!M:M) -> 14 | E360: =COUNTIF(CAL!B:J,B360) -> 6 | F360: =SUMIF(CAL!B:F,B360,CAL!F:F)+SUMIF(CAL!J:N,B360,CAL!N:N) -> 4 | G360: =SUMIF(CAL!B:F,B360,CAL!G:G)+SUMIF(CAL!J:N,B360,CAL!O:O) -> 2 | H360: =SUMIF(CAL!B:F,B360,CAL!H:H)+SUMIF(CAL!J:N,B360,CAL!P:P) -> 0 | I360: =IF(E360=0,0,(D360/(E360*3))) -> 0.77777778 | J360: =SUMIF(CAL!B:C,B360,CAL!C:C)+SUMIF(CAL!J:J,B360,CAL!D:D) -> 9 | K360: =SUMIF(CAL!B:D,B360,CAL!D:D)+SUMIF(CAL!J:L,B360,CAL!K:K) -> 5 | L360: =J360-K360 -> 4 | M360: =IF(E360=0,0,(J360/E360)) -> 1.5 | N360: =IF(E360=0,0,(K360/E360)) -> 0.83333333 | O360: =SUMIF(CAL!B:I,B360,CAL!I:I)+SUMIF(CAL!J:Q,B360,CAL!Q:Q) -> 2 | P360: Sobral | Q360: CE
A361: 360º | B361: bresciarj | C361: Brescia-RJ | D361: =SUMIF(CAL!B:E,B361,CAL!E:E)+SUMIF(CAL!J:M,B361,CAL!M:M) -> 11 | E361: =COUNTIF(CAL!B:J,B361) -> 9 | F361: =SUMIF(CAL!B:F,B361,CAL!F:F)+SUMIF(CAL!J:N,B361,CAL!N:N) -> 3 | G361: =SUMIF(CAL!B:F,B361,CAL!G:G)+SUMIF(CAL!J:N,B361,CAL!O:O) -> 2 | H361: =SUMIF(CAL!B:F,B361,CAL!H:H)+SUMIF(CAL!J:N,B361,CAL!P:P) -> 4 | I361: =IF(E361=0,0,(D361/(E361*3))) -> 0.40740741 | J361: =SUMIF(CAL!B:C,B361,CAL!C:C)+SUMIF(CAL!J:J,B361,CAL!D:D) -> 8 | K361: =SUMIF(CAL!B:D,B361,CAL!D:D)+SUMIF(CAL!J:L,B361,CAL!K:K) -> 7 | L361: =J361-K361 -> 1 | M361: =IF(E361=0,0,(J361/E361)) -> 0.88888889 | N361: =IF(E361=0,0,(K361/E361)) -> 0.77777778 | O361: =SUMIF(CAL!B:I,B361,CAL!I:I)+SUMIF(CAL!J:Q,B361,CAL!Q:Q) -> 3
A362: 361º | B362: cacerensemt | C362: Cacerense-MT | D362: =SUMIF(CAL!B:E,B362,CAL!E:E)+SUMIF(CAL!J:M,B362,CAL!M:M) -> 11 | E362: =COUNTIF(CAL!B:J,B362) -> 9 | F362: =SUMIF(CAL!B:F,B362,CAL!F:F)+SUMIF(CAL!J:N,B362,CAL!N:N) -> 3 | G362: =SUMIF(CAL!B:F,B362,CAL!G:G)+SUMIF(CAL!J:N,B362,CAL!O:O) -> 2 | H362: =SUMIF(CAL!B:F,B362,CAL!H:H)+SUMIF(CAL!J:N,B362,CAL!P:P) -> 4 | I362: =IF(E362=0,0,(D362/(E362*3))) -> 0.40740741 | J362: =SUMIF(CAL!B:C,B362,CAL!C:C)+SUMIF(CAL!J:J,B362,CAL!D:D) -> 12 | K362: =SUMIF(CAL!B:D,B362,CAL!D:D)+SUMIF(CAL!J:L,B362,CAL!K:K) -> 11 | L362: =J362-K362 -> 1 | M362: =IF(E362=0,0,(J362/E362)) -> 1.3333333 | N362: =IF(E362=0,0,(K362/E362)) -> 1.2222222 | O362: =SUMIF(CAL!B:I,B362,CAL!I:I)+SUMIF(CAL!J:Q,B362,CAL!Q:Q) -> 3 | P362: Cáceres | Q362: MT
A363: 362º | B363: chapadamt | C363: Chapada-MT | D363: =SUMIF(CAL!B:E,B363,CAL!E:E)+SUMIF(CAL!J:M,B363,CAL!M:M) -> 11 | E363: =COUNTIF(CAL!B:J,B363) -> 9 | F363: =SUMIF(CAL!B:F,B363,CAL!F:F)+SUMIF(CAL!J:N,B363,CAL!N:N) -> 3 | G363: =SUMIF(CAL!B:F,B363,CAL!G:G)+SUMIF(CAL!J:N,B363,CAL!O:O) -> 2 | H363: =SUMIF(CAL!B:F,B363,CAL!H:H)+SUMIF(CAL!J:N,B363,CAL!P:P) -> 4 | I363: =IF(E363=0,0,(D363/(E363*3))) -> 0.40740741 | J363: =SUMIF(CAL!B:C,B363,CAL!C:C)+SUMIF(CAL!J:J,B363,CAL!D:D) -> 12 | K363: =SUMIF(CAL!B:D,B363,CAL!D:D)+SUMIF(CAL!J:L,B363,CAL!K:K) -> 13 | L363: =J363-K363 -> -1 | M363: =IF(E363=0,0,(J363/E363)) -> 1.3333333 | N363: =IF(E363=0,0,(K363/E363)) -> 1.4444444 | O363: =SUMIF(CAL!B:I,B363,CAL!I:I)+SUMIF(CAL!J:Q,B363,CAL!Q:Q) -> 2
A364: 363º | B364: parintinsam | C364: Parintins-AM | D364: =SUMIF(CAL!B:E,B364,CAL!E:E)+SUMIF(CAL!J:M,B364,CAL!M:M) -> 11 | E364: =COUNTIF(CAL!B:J,B364) -> 10 | F364: =SUMIF(CAL!B:F,B364,CAL!F:F)+SUMIF(CAL!J:N,B364,CAL!N:N) -> 3 | G364: =SUMIF(CAL!B:F,B364,CAL!G:G)+SUMIF(CAL!J:N,B364,CAL!O:O) -> 2 | H364: =SUMIF(CAL!B:F,B364,CAL!H:H)+SUMIF(CAL!J:N,B364,CAL!P:P) -> 5 | I364: =IF(E364=0,0,(D364/(E364*3))) -> 0.36666667 | J364: =SUMIF(CAL!B:C,B364,CAL!C:C)+SUMIF(CAL!J:J,B364,CAL!D:D) -> 8 | K364: =SUMIF(CAL!B:D,B364,CAL!D:D)+SUMIF(CAL!J:L,B364,CAL!K:K) -> 9 | L364: =J364-K364 -> -1 | M364: =IF(E364=0,0,(J364/E364)) -> 0.8 | N364: =IF(E364=0,0,(K364/E364)) -> 0.9 | O364: =SUMIF(CAL!B:I,B364,CAL!I:I)+SUMIF(CAL!J:Q,B364,CAL!Q:Q) -> 4 | P364: Parintins | Q364: AM
A365: 364º | B365: esportepb | C365: Esporte de Patos-PB | D365: =SUMIF(CAL!B:E,B365,CAL!E:E)+SUMIF(CAL!J:M,B365,CAL!M:M) -> 11 | E365: =COUNTIF(CAL!B:J,B365) -> 9 | F365: =SUMIF(CAL!B:F,B365,CAL!F:F)+SUMIF(CAL!J:N,B365,CAL!N:N) -> 3 | G365: =SUMIF(CAL!B:F,B365,CAL!G:G)+SUMIF(CAL!J:N,B365,CAL!O:O) -> 2 | H365: =SUMIF(CAL!B:F,B365,CAL!H:H)+SUMIF(CAL!J:N,B365,CAL!P:P) -> 4 | I365: =IF(E365=0,0,(D365/(E365*3))) -> 0.40740741 | J365: =SUMIF(CAL!B:C,B365,CAL!C:C)+SUMIF(CAL!J:J,B365,CAL!D:D) -> 6 | K365: =SUMIF(CAL!B:D,B365,CAL!D:D)+SUMIF(CAL!J:L,B365,CAL!K:K) -> 9 | L365: =J365-K365 -> -3 | M365: =IF(E365=0,0,(J365/E365)) -> 0.66666667 | N365: =IF(E365=0,0,(K365/E365)) -> 1 | O365: =SUMIF(CAL!B:I,B365,CAL!I:I)+SUMIF(CAL!J:Q,B365,CAL!Q:Q) -> 3 | P365: Patos | Q365: PB
A366: 365º | B366: guaranice | C366: Guarani de Juazeiro-CE | D366: =SUMIF(CAL!B:E,B366,CAL!E:E)+SUMIF(CAL!J:M,B366,CAL!M:M) -> 11 | E366: =COUNTIF(CAL!B:J,B366) -> 9 | F366: =SUMIF(CAL!B:F,B366,CAL!F:F)+SUMIF(CAL!J:N,B366,CAL!N:N) -> 3 | G366: =SUMIF(CAL!B:F,B366,CAL!G:G)+SUMIF(CAL!J:N,B366,CAL!O:O) -> 2 | H366: =SUMIF(CAL!B:F,B366,CAL!H:H)+SUMIF(CAL!J:N,B366,CAL!P:P) -> 4 | I366: =IF(E366=0,0,(D366/(E366*3))) -> 0.40740741 | J366: =SUMIF(CAL!B:C,B366,CAL!C:C)+SUMIF(CAL!J:J,B366,CAL!D:D) -> 8 | K366: =SUMIF(CAL!B:D,B366,CAL!D:D)+SUMIF(CAL!J:L,B366,CAL!K:K) -> 12 | L366: =J366-K366 -> -4 | M366: =IF(E366=0,0,(J366/E366)) -> 0.88888889 | N366: =IF(E366=0,0,(K366/E366)) -> 1.3333333 | O366: =SUMIF(CAL!B:I,B366,CAL!I:I)+SUMIF(CAL!J:Q,B366,CAL!Q:Q) -> 2 | P366: Juazeiro do Norte | Q366: CE
A367: 366º | B367: caucaiace | C367: Caucaia-CE | D367: =SUMIF(CAL!B:E,B367,CAL!E:E)+SUMIF(CAL!J:M,B367,CAL!M:M) -> 11 | E367: =COUNTIF(CAL!B:J,B367) -> 9 | F367: =SUMIF(CAL!B:F,B367,CAL!F:F)+SUMIF(CAL!J:N,B367,CAL!N:N) -> 3 | G367: =SUMIF(CAL!B:F,B367,CAL!G:G)+SUMIF(CAL!J:N,B367,CAL!O:O) -> 2 | H367: =SUMIF(CAL!B:F,B367,CAL!H:H)+SUMIF(CAL!J:N,B367,CAL!P:P) -> 4 | I367: =IF(E367=0,0,(D367/(E367*3))) -> 0.40740741 | J367: =SUMIF(CAL!B:C,B367,CAL!C:C)+SUMIF(CAL!J:J,B367,CAL!D:D) -> 10 | K367: =SUMIF(CAL!B:D,B367,CAL!D:D)+SUMIF(CAL!J:L,B367,CAL!K:K) -> 16 | L367: =J367-K367 -> -6 | M367: =IF(E367=0,0,(J367/E367)) -> 1.1111111 | N367: =IF(E367=0,0,(K367/E367)) -> 1.7777778 | O367: =SUMIF(CAL!B:I,B367,CAL!I:I)+SUMIF(CAL!J:Q,B367,CAL!Q:Q) -> 2
A368: 367º | B368: capitalto | C368: Capital-TO | D368: =SUMIF(CAL!B:E,B368,CAL!E:E)+SUMIF(CAL!J:M,B368,CAL!M:M) -> 11 | E368: =COUNTIF(CAL!B:J,B368) -> 10 | F368: =SUMIF(CAL!B:F,B368,CAL!F:F)+SUMIF(CAL!J:N,B368,CAL!N:N) -> 2 | G368: =SUMIF(CAL!B:F,B368,CAL!G:G)+SUMIF(CAL!J:N,B368,CAL!O:O) -> 5 | H368: =SUMIF(CAL!B:F,B368,CAL!H:H)+SUMIF(CAL!J:N,B368,CAL!P:P) -> 3 | I368: =IF(E368=0,0,(D368/(E368*3))) -> 0.36666667 | J368: =SUMIF(CAL!B:C,B368,CAL!C:C)+SUMIF(CAL!J:J,B368,CAL!D:D) -> 14 | K368: =SUMIF(CAL!B:D,B368,CAL!D:D)+SUMIF(CAL!J:L,B368,CAL!K:K) -> 14 | L368: =J368-K368 -> 0 | M368: =IF(E368=0,0,(J368/E368)) -> 1.4 | N368: =IF(E368=0,0,(K368/E368)) -> 1.4 | O368: =SUMIF(CAL!B:I,B368,CAL!I:I)+SUMIF(CAL!J:Q,B368,CAL!Q:Q) -> 0
A369: 368º | B369: douradosms | C369: Dourados-MS | D369: =SUMIF(CAL!B:E,B369,CAL!E:E)+SUMIF(CAL!J:M,B369,CAL!M:M) -> 11 | E369: =COUNTIF(CAL!B:J,B369) -> 11 | F369: =SUMIF(CAL!B:F,B369,CAL!F:F)+SUMIF(CAL!J:N,B369,CAL!N:N) -> 2 | G369: =SUMIF(CAL!B:F,B369,CAL!G:G)+SUMIF(CAL!J:N,B369,CAL!O:O) -> 5 | H369: =SUMIF(CAL!B:F,B369,CAL!H:H)+SUMIF(CAL!J:N,B369,CAL!P:P) -> 4 | I369: =IF(E369=0,0,(D369/(E369*3))) -> 0.33333333 | J369: =SUMIF(CAL!B:C,B369,CAL!C:C)+SUMIF(CAL!J:J,B369,CAL!D:D) -> 16 | K369: =SUMIF(CAL!B:D,B369,CAL!D:D)+SUMIF(CAL!J:L,B369,CAL!K:K) -> 17 | L369: =J369-K369 -> -1 | M369: =IF(E369=0,0,(J369/E369)) -> 1.4545455 | N369: =IF(E369=0,0,(K369/E369)) -> 1.5454545 | O369: =SUMIF(CAL!B:I,B369,CAL!I:I)+SUMIF(CAL!J:Q,B369,CAL!Q:Q) -> 1 | P369: Dourados | Q369: MS
A370: 369º | B370: riobrancopr | C370: Rio Branco-PR | D370: =SUMIF(CAL!B:E,B370,CAL!E:E)+SUMIF(CAL!J:M,B370,CAL!M:M) -> 11 | E370: =COUNTIF(CAL!B:J,B370) -> 11 | F370: =SUMIF(CAL!B:F,B370,CAL!F:F)+SUMIF(CAL!J:N,B370,CAL!N:N) -> 2 | G370: =SUMIF(CAL!B:F,B370,CAL!G:G)+SUMIF(CAL!J:N,B370,CAL!O:O) -> 5 | H370: =SUMIF(CAL!B:F,B370,CAL!H:H)+SUMIF(CAL!J:N,B370,CAL!P:P) -> 4 | I370: =IF(E370=0,0,(D370/(E370*3))) -> 0.33333333 | J370: =SUMIF(CAL!B:C,B370,CAL!C:C)+SUMIF(CAL!J:J,B370,CAL!D:D) -> 18 | K370: =SUMIF(CAL!B:D,B370,CAL!D:D)+SUMIF(CAL!J:L,B370,CAL!K:K) -> 20 | L370: =J370-K370 -> -2 | M370: =IF(E370=0,0,(J370/E370)) -> 1.6363636 | N370: =IF(E370=0,0,(K370/E370)) -> 1.8181818 | O370: =SUMIF(CAL!B:I,B370,CAL!I:I)+SUMIF(CAL!J:Q,B370,CAL!Q:Q) -> 3 | P370: Paranaguá | Q370: PR
A371: 370º | B371: nacionalpr | C371: Nacional-PR | D371: =SUMIF(CAL!B:E,B371,CAL!E:E)+SUMIF(CAL!J:M,B371,CAL!M:M) -> 11 | E371: =COUNTIF(CAL!B:J,B371) -> 11 | F371: =SUMIF(CAL!B:F,B371,CAL!F:F)+SUMIF(CAL!J:N,B371,CAL!N:N) -> 2 | G371: =SUMIF(CAL!B:F,B371,CAL!G:G)+SUMIF(CAL!J:N,B371,CAL!O:O) -> 5 | H371: =SUMIF(CAL!B:F,B371,CAL!H:H)+SUMIF(CAL!J:N,B371,CAL!P:P) -> 4 | I371: =IF(E371=0,0,(D371/(E371*3))) -> 0.33333333 | J371: =SUMIF(CAL!B:C,B371,CAL!C:C)+SUMIF(CAL!J:J,B371,CAL!D:D) -> 9 | K371: =SUMIF(CAL!B:D,B371,CAL!D:D)+SUMIF(CAL!J:L,B371,CAL!K:K) -> 13 | L371: =J371-K371 -> -4 | M371: =IF(E371=0,0,(J371/E371)) -> 0.81818182 | N371: =IF(E371=0,0,(K371/E371)) -> 1.1818182 | O371: =SUMIF(CAL!B:I,B371,CAL!I:I)+SUMIF(CAL!J:Q,B371,CAL!Q:Q) -> 4 | P371: Campo Mourão | Q371: PR
A372: 371º | B372: atleticoac | C372: Atlético-AC | D372: =SUMIF(CAL!B:E,B372,CAL!E:E)+SUMIF(CAL!J:M,B372,CAL!M:M) -> 10 | E372: =COUNTIF(CAL!B:J,B372) -> 5 | F372: =SUMIF(CAL!B:F,B372,CAL!F:F)+SUMIF(CAL!J:N,B372,CAL!N:N) -> 3 | G372: =SUMIF(CAL!B:F,B372,CAL!G:G)+SUMIF(CAL!J:N,B372,CAL!O:O) -> 1 | H372: =SUMIF(CAL!B:F,B372,CAL!H:H)+SUMIF(CAL!J:N,B372,CAL!P:P) -> 1 | I372: =IF(E372=0,0,(D372/(E372*3))) -> 0.66666667 | J372: =SUMIF(CAL!B:C,B372,CAL!C:C)+SUMIF(CAL!J:J,B372,CAL!D:D) -> 21 | K372: =SUMIF(CAL!B:D,B372,CAL!D:D)+SUMIF(CAL!J:L,B372,CAL!K:K) -> 3 | L372: =J372-K372 -> 18 | M372: =IF(E372=0,0,(J372/E372)) -> 4.2 | N372: =IF(E372=0,0,(K372/E372)) -> 0.6 | O372: =SUMIF(CAL!B:I,B372,CAL!I:I)+SUMIF(CAL!J:Q,B372,CAL!Q:Q) -> 4 | P372: Rio Branco | Q372: AC
A373: 372º | B373: acopiarace | C373: Acopiara-CE | D373: =SUMIF(CAL!B:E,B373,CAL!E:E)+SUMIF(CAL!J:M,B373,CAL!M:M) -> 13 | E373: =COUNTIF(CAL!B:J,B373) -> 6 | F373: =SUMIF(CAL!B:F,B373,CAL!F:F)+SUMIF(CAL!J:N,B373,CAL!N:N) -> 4 | G373: =SUMIF(CAL!B:F,B373,CAL!G:G)+SUMIF(CAL!J:N,B373,CAL!O:O) -> 1 | H373: =SUMIF(CAL!B:F,B373,CAL!H:H)+SUMIF(CAL!J:N,B373,CAL!P:P) -> 1 | I373: =IF(E373=0,0,(D373/(E373*3))) -> 0.72222222 | J373: =SUMIF(CAL!B:C,B373,CAL!C:C)+SUMIF(CAL!J:J,B373,CAL!D:D) -> 12 | K373: =SUMIF(CAL!B:D,B373,CAL!D:D)+SUMIF(CAL!J:L,B373,CAL!K:K) -> 7 | L373: =J373-K373 -> 5 | M373: =IF(E373=0,0,(J373/E373)) -> 2 | N373: =IF(E373=0,0,(K373/E373)) -> 1.1666667 | O373: =SUMIF(CAL!B:I,B373,CAL!I:I)+SUMIF(CAL!J:Q,B373,CAL!Q:Q) -> 2 | P373: Acopiara | Q373: CE
A374: 373º | B374: esportelimoeiroce | C374: Esporte Limoeiro-CE | D374: =SUMIF(CAL!B:E,B374,CAL!E:E)+SUMIF(CAL!J:M,B374,CAL!M:M) -> 10 | E374: =COUNTIF(CAL!B:J,B374) -> 6 | F374: =SUMIF(CAL!B:F,B374,CAL!F:F)+SUMIF(CAL!J:N,B374,CAL!N:N) -> 3 | G374: =SUMIF(CAL!B:F,B374,CAL!G:G)+SUMIF(CAL!J:N,B374,CAL!O:O) -> 1 | H374: =SUMIF(CAL!B:F,B374,CAL!H:H)+SUMIF(CAL!J:N,B374,CAL!P:P) -> 2 | I374: =IF(E374=0,0,(D374/(E374*3))) -> 0.55555556 | J374: =SUMIF(CAL!B:C,B374,CAL!C:C)+SUMIF(CAL!J:J,B374,CAL!D:D) -> 7 | K374: =SUMIF(CAL!B:D,B374,CAL!D:D)+SUMIF(CAL!J:L,B374,CAL!K:K) -> 4 | L374: =J374-K374 -> 3 | M374: =IF(E374=0,0,(J374/E374)) -> 1.1666667 | N374: =IF(E374=0,0,(K374/E374)) -> 0.66666667 | O374: =SUMIF(CAL!B:I,B374,CAL!I:I)+SUMIF(CAL!J:Q,B374,CAL!Q:Q) -> 3 | P374: Limoeiro do Norte | Q374: CE
A375: 374º | B375: cdcmanicoream | C375: CDC da Amazônia-AM | D375: =SUMIF(CAL!B:E,B375,CAL!E:E)+SUMIF(CAL!J:M,B375,CAL!M:M) -> 11 | E375: =COUNTIF(CAL!B:J,B375) -> 7 | F375: =SUMIF(CAL!B:F,B375,CAL!F:F)+SUMIF(CAL!J:N,B375,CAL!N:N) -> 3 | G375: =SUMIF(CAL!B:F,B375,CAL!G:G)+SUMIF(CAL!J:N,B375,CAL!O:O) -> 2 | H375: =SUMIF(CAL!B:F,B375,CAL!H:H)+SUMIF(CAL!J:N,B375,CAL!P:P) -> 2 | I375: =IF(E375=0,0,(D375/(E375*3))) -> 0.52380952 | J375: =SUMIF(CAL!B:C,B375,CAL!C:C)+SUMIF(CAL!J:J,B375,CAL!D:D) -> 14 | K375: =SUMIF(CAL!B:D,B375,CAL!D:D)+SUMIF(CAL!J:L,B375,CAL!K:K) -> 11 | L375: =J375-K375 -> 3 | M375: =IF(E375=0,0,(J375/E375)) -> 2 | N375: =IF(E375=0,0,(K375/E375)) -> 1.5714286 | O375: =SUMIF(CAL!B:I,B375,CAL!I:I)+SUMIF(CAL!J:Q,B375,CAL!Q:Q) -> 2 | P375: Manacapuru | Q375: AM
A376: 375º | B376: oeirensepi | C376: Oeirense-PI | D376: =SUMIF(CAL!B:E,B376,CAL!E:E)+SUMIF(CAL!J:M,B376,CAL!M:M) -> 10 | E376: =COUNTIF(CAL!B:J,B376) -> 7 | F376: =SUMIF(CAL!B:F,B376,CAL!F:F)+SUMIF(CAL!J:N,B376,CAL!N:N) -> 3 | G376: =SUMIF(CAL!B:F,B376,CAL!G:G)+SUMIF(CAL!J:N,B376,CAL!O:O) -> 1 | H376: =SUMIF(CAL!B:F,B376,CAL!H:H)+SUMIF(CAL!J:N,B376,CAL!P:P) -> 3 | I376: =IF(E376=0,0,(D376/(E376*3))) -> 0.47619048 | J376: =SUMIF(CAL!B:C,B376,CAL!C:C)+SUMIF(CAL!J:J,B376,CAL!D:D) -> 8 | K376: =SUMIF(CAL!B:D,B376,CAL!D:D)+SUMIF(CAL!J:L,B376,CAL!K:K) -> 7 | L376: =J376-K376 -> 1 | M376: =IF(E376=0,0,(J376/E376)) -> 1.1428571 | N376: =IF(E376=0,0,(K376/E376)) -> 1 | O376: =SUMIF(CAL!B:I,B376,CAL!I:I)+SUMIF(CAL!J:Q,B376,CAL!Q:Q) -> 2 | P376: Oeiras | Q376: PI
A377: 376º | B377: pstcpr | C377: PSTC-PR | D377: =SUMIF(CAL!B:E,B377,CAL!E:E)+SUMIF(CAL!J:M,B377,CAL!M:M) -> 13 | E377: =COUNTIF(CAL!B:J,B377) -> 7 | F377: =SUMIF(CAL!B:F,B377,CAL!F:F)+SUMIF(CAL!J:N,B377,CAL!N:N) -> 4 | G377: =SUMIF(CAL!B:F,B377,CAL!G:G)+SUMIF(CAL!J:N,B377,CAL!O:O) -> 1 | H377: =SUMIF(CAL!B:F,B377,CAL!H:H)+SUMIF(CAL!J:N,B377,CAL!P:P) -> 2 | I377: =IF(E377=0,0,(D377/(E377*3))) -> 0.61904762 | J377: =SUMIF(CAL!B:C,B377,CAL!C:C)+SUMIF(CAL!J:J,B377,CAL!D:D) -> 9 | K377: =SUMIF(CAL!B:D,B377,CAL!D:D)+SUMIF(CAL!J:L,B377,CAL!K:K) -> 7 | L377: =J377-K377 -> 2 | M377: =IF(E377=0,0,(J377/E377)) -> 1.2857143 | N377: =IF(E377=0,0,(K377/E377)) -> 1 | O377: =SUMIF(CAL!B:I,B377,CAL!I:I)+SUMIF(CAL!J:Q,B377,CAL!Q:Q) -> 2
A378: 377º | B378: cambepr | C378: Cambé-PR | D378: =SUMIF(CAL!B:E,B378,CAL!E:E)+SUMIF(CAL!J:M,B378,CAL!M:M) -> 11 | E378: =COUNTIF(CAL!B:J,B378) -> 7 | F378: =SUMIF(CAL!B:F,B378,CAL!F:F)+SUMIF(CAL!J:N,B378,CAL!N:N) -> 3 | G378: =SUMIF(CAL!B:F,B378,CAL!G:G)+SUMIF(CAL!J:N,B378,CAL!O:O) -> 2 | H378: =SUMIF(CAL!B:F,B378,CAL!H:H)+SUMIF(CAL!J:N,B378,CAL!P:P) -> 2 | I378: =IF(E378=0,0,(D378/(E378*3))) -> 0.52380952 | J378: =SUMIF(CAL!B:C,B378,CAL!C:C)+SUMIF(CAL!J:J,B378,CAL!D:D) -> 5 | K378: =SUMIF(CAL!B:D,B378,CAL!D:D)+SUMIF(CAL!J:L,B378,CAL!K:K) -> 5 | L378: =J378-K378 -> 0 | M378: =IF(E378=0,0,(J378/E378)) -> 0.71428571 | N378: =IF(E378=0,0,(K378/E378)) -> 0.71428571 | O378: =SUMIF(CAL!B:I,B378,CAL!I:I)+SUMIF(CAL!J:Q,B378,CAL!Q:Q) -> 3 | P378: Cambé | Q378: PR
A379: 378º | B379: luminensema | C379: Luminense-MA | D379: =SUMIF(CAL!B:E,B379,CAL!E:E)+SUMIF(CAL!J:M,B379,CAL!M:M) -> 10 | E379: =COUNTIF(CAL!B:J,B379) -> 7 | F379: =SUMIF(CAL!B:F,B379,CAL!F:F)+SUMIF(CAL!J:N,B379,CAL!N:N) -> 3 | G379: =SUMIF(CAL!B:F,B379,CAL!G:G)+SUMIF(CAL!J:N,B379,CAL!O:O) -> 1 | H379: =SUMIF(CAL!B:F,B379,CAL!H:H)+SUMIF(CAL!J:N,B379,CAL!P:P) -> 3 | I379: =IF(E379=0,0,(D379/(E379*3))) -> 0.47619048 | J379: =SUMIF(CAL!B:C,B379,CAL!C:C)+SUMIF(CAL!J:J,B379,CAL!D:D) -> 6 | K379: =SUMIF(CAL!B:D,B379,CAL!D:D)+SUMIF(CAL!J:L,B379,CAL!K:K) -> 6 | L379: =J379-K379 -> 0 | M379: =IF(E379=0,0,(J379/E379)) -> 0.85714286 | N379: =IF(E379=0,0,(K379/E379)) -> 0.85714286 | O379: =SUMIF(CAL!B:I,B379,CAL!I:I)+SUMIF(CAL!J:Q,B379,CAL!Q:Q) -> 3
A380: 379º | B380: maranguapece | C380: Maranguape-CE | D380: =SUMIF(CAL!B:E,B380,CAL!E:E)+SUMIF(CAL!J:M,B380,CAL!M:M) -> 10 | E380: =COUNTIF(CAL!B:J,B380) -> 7 | F380: =SUMIF(CAL!B:F,B380,CAL!F:F)+SUMIF(CAL!J:N,B380,CAL!N:N) -> 3 | G380: =SUMIF(CAL!B:F,B380,CAL!G:G)+SUMIF(CAL!J:N,B380,CAL!O:O) -> 1 | H380: =SUMIF(CAL!B:F,B380,CAL!H:H)+SUMIF(CAL!J:N,B380,CAL!P:P) -> 3 | I380: =IF(E380=0,0,(D380/(E380*3))) -> 0.47619048 | J380: =SUMIF(CAL!B:C,B380,CAL!C:C)+SUMIF(CAL!J:J,B380,CAL!D:D) -> 8 | K380: =SUMIF(CAL!B:D,B380,CAL!D:D)+SUMIF(CAL!J:L,B380,CAL!K:K) -> 10 | L380: =J380-K380 -> -2 | M380: =IF(E380=0,0,(J380/E380)) -> 1.1428571 | N380: =IF(E380=0,0,(K380/E380)) -> 1.4285714 | O380: =SUMIF(CAL!B:I,B380,CAL!I:I)+SUMIF(CAL!J:Q,B380,CAL!Q:Q) -> 1
A381: 380º | B381: realBrasiliadf | C381: Real Brasília-DF | D381: =SUMIF(CAL!B:E,B381,CAL!E:E)+SUMIF(CAL!J:M,B381,CAL!M:M) -> 10 | E381: =COUNTIF(CAL!B:J,B381) -> 9 | F381: =SUMIF(CAL!B:F,B381,CAL!F:F)+SUMIF(CAL!J:N,B381,CAL!N:N) -> 3 | G381: =SUMIF(CAL!B:F,B381,CAL!G:G)+SUMIF(CAL!J:N,B381,CAL!O:O) -> 1 | H381: =SUMIF(CAL!B:F,B381,CAL!H:H)+SUMIF(CAL!J:N,B381,CAL!P:P) -> 5 | I381: =IF(E381=0,0,(D381/(E381*3))) -> 0.37037037 | J381: =SUMIF(CAL!B:C,B381,CAL!C:C)+SUMIF(CAL!J:J,B381,CAL!D:D) -> 11 | K381: =SUMIF(CAL!B:D,B381,CAL!D:D)+SUMIF(CAL!J:L,B381,CAL!K:K) -> 13 | L381: =J381-K381 -> -2 | M381: =IF(E381=0,0,(J381/E381)) -> 1.2222222 | N381: =IF(E381=0,0,(K381/E381)) -> 1.4444444 | O381: =SUMIF(CAL!B:I,B381,CAL!I:I)+SUMIF(CAL!J:Q,B381,CAL!Q:Q) -> 3
...

Sheet EST
A1: POS | B1: PAIS | C1: GOLS
A2: 1º | B2: Argentina | C2: =SUMIF(ART!G:H,B2,ART!H:H) -> 149
A3: 2º | B3: Colômbia | C3: =SUMIF(ART!G:H,B3,ART!H:H) -> 148
A4: 3º | B4: Uruguai | C4: =SUMIF(ART!G:H,B4,ART!H:H) -> 73
A5: 4º | B5: Paraguai | C5: =SUMIF(ART!G:H,B5,ART!H:H) -> 59
A6: 5º | B6: Equador | C6: =SUMIF(ART!G:H,B6,ART!H:H) -> 40
A7: 6º | B7: Portugal | C7: =SUMIF(ART!G:H,B7,ART!H:H) -> 24
A8: 7º | B8: Venezuela | C8: =SUMIF(ART!G:H,B8,ART!H:H) -> 23
A9: 8º | B9: Nigéria | C9: =SUMIF(ART!G:H,B9,ART!H:H) -> 17
A10: 9º | B10: Camarões | C10: =SUMIF(ART!G:H,B10,ART!H:H) -> 11
A11: 10º | B11: Gana | C11: =SUMIF(ART!G:H,B11,ART!H:H) -> 8
A12: 11º | B12: Chile | C12: =SUMIF(ART!G:H,B12,ART!H:H) -> 7
A13: 12º | B13: Angola | C13: =SUMIF(ART!G:H,B13,ART!H:H) -> 5
... A26: 25º | B26: Jamaica | C26: =SUMIF(ART!G:H,B26,ART!H:H) -> 2

Sheet CAMP
B1: sigla | C1: campeonato | D1: gols | E1: jogos | F1: media
B2: sces | C2: Super Copa Espírito Santo | D2: =SUMIF(CAL!R:T,B2,CAL!S:T)+SUMIF(CAL!R:T,B2,CAL!T:U) -> 6 | E2: =COUNTIF(CAL!R:R,CAMP!$B2) -> 1 | F2: =D2/E2 -> 6 | H2: SP | I2: =COUNTIF(CLA!Q:Q,H2) -> 81 | N2: 1 | O2: =COUNTIF(ART!K:K,CAMP!N2) -> 603 | Q2: 1980 | R2: =COUNTIF(ART!L:L,CAMP!Q2) -> 0
B3: rr1 | C3: Roraimense 1ª Divisão | D3: =SUMIF(CAL!R:T,B3,CAL!S:T)+SUMIF(CAL!R:T,B3,CAL!T:U) -> 132 | E3: =COUNTIF(CAL!R:R,CAMP!$B3) -> 39 | F3: =D3/E3 -> 3.3846154 | H3: PR | I3: =COUNTIF(CLA!Q:Q,H3) -> 30 | N3: 2 | O3: =COUNTIF(ART!K:K,CAMP!N3) -> 419 | Q3: 1981 | R3: =COUNTIF(ART!L:L,CAMP!Q3) -> 1
B4: cal | C4: Copa Alagoas | D4: =SUMIF(CAL!R:T,B4,CAL!S:T)+SUMIF(CAL!R:T,B4,CAL!T:U) -> 82 | E4: =COUNTIF(CAL!R:R,CAMP!$B4) -> 26 | F4: =D4/E4 -> 3.1538462 | H4: RS | I4: =COUNTIF(CLA!Q:Q,H4) -> 28 | N4: 3 | O4: =COUNTIF(ART!K:K,CAMP!N4) -> 449 | Q4: 1982 | R4: =COUNTIF(ART!L:L,CAMP!Q4) -> 1
B5: ap1 | C5: Amapaense 1º Divisão | D5: =SUMIF(CAL!R:T,B5,CAL!S:T)+SUMIF(CAL!R:T,B5,CAL!T:U) -> 101 | E5: =COUNTIF(CAL!R:R,CAMP!$B5) -> 33 | F5: =D5/E5 -> 3.0606061 | H5: RJ | I5: =COUNTIF(CLA!Q:Q,H5) -> 34 | N5: 4 | O5: =COUNTIF(ART!K:K,CAMP!N5) -> 391 | Q5: 1983 | R5: =COUNTIF(ART!L:L,CAMP!Q5) -> 2
B6: rn1 | C6: Potiguar 1ª Divisão | D6: =SUMIF(CAL!R:T,B6,CAL!S:T)+SUMIF(CAL!R:T,B6,CAL!T:U) -> 112 | E6: =COUNTIF(CAL!R:R,CAMP!$B6) -> 37 | F6: =D6/E6 -> 3.027027 | H6: SC | I6: =COUNTIF(CLA!Q:Q,H6) -> 22 | N6: 5 | O6: =COUNTIF(ART!K:K,CAMP!N6) -> 375 | Q6: 1984 | R6: =COUNTIF(ART!L:L,CAMP!Q6) -> 2
B7: scgp | C7: Super Copa Grão Pará | D7: =SUMIF(CAL!R:T,B7,CAL!S:T)+SUMIF(CAL!R:T,B7,CAL!T:U) -> 3 | E7: =COUNTIF(CAL!R:R,CAMP!$B7) -> 1 | F7: =D7/E7 -> 3 | H7: GO | I7: =COUNTIF(CLA!Q:Q,H7) -> 21 | N7: 6 | O7: =COUNTIF(ART!K:K,CAMP!N7) -> 389 | Q7: 1985 | R7: =COUNTIF(ART!L:L,CAMP!Q7) -> 10
B8: ac1 | C8: Acreano 1º Divisão | D8: =SUMIF(CAL!R:T,B8,CAL!S:T)+SUMIF(CAL!R:T,B8,CAL!T:U) -> 100 | E8: =COUNTIF(CAL!R:R,CAMP!$B8) -> 34 | F8: =D8/E8 -> 2.9411765 | H8: MG | I8: =COUNTIF(CLA!Q:Q,H8) -> 23 | N8: 7 | O8: =COUNTIF(ART!K:K,CAMP!N8) -> 345 | Q8: 1986 | R8: =COUNTIF(ART!L:L,CAMP!Q8) -> 14
B9: pe1 | C9: Pernambucano 1ª Divisão | D9: =SUMIF(CAL!R:T,B9,CAL!S:T)+SUMIF(CAL!R:T,B9,CAL!T:U) -> 111 | E9: =COUNTIF(CAL!R:R,CAMP!$B9) -> 38 | F9: =D9/E9 -> 2.9210526 | H9: BA | I9: =COUNTIF(CLA!Q:Q,H9) -> 16 | N9: 8 | O9: =COUNTIF(ART!K:K,CAMP!N9) -> 327 | Q9: 1987 | R9: =COUNTIF(ART!L:L,CAMP!Q9) -> 27
B10: cve | C10: Copa Verde | D10: =SUMIF(CAL!R:T,B10,CAL!S:T)+SUMIF(CAL!R:T,B10,CAL!T:U) -> 212 | E10: =COUNTIF(CAL!R:R,CAMP!$B10) -> 70 | F10: =D10/E10 -> 3.0285714 | H10: CE | I10: =COUNTIF(CLA!Q:Q,H10) -> 21 | N10: 9 | O10: =COUNTIF(ART!K:K,CAMP!N10) -> 297 | Q10: 1988 | R10: =COUNTIF(ART!L:L,CAMP!Q10) -> 49
B11: pr2 | C11: paranaense 2º Divisão | D11: =SUMIF(CAL!R:T,B11,CAL!S:T)+SUMIF(CAL!R:T,B11,CAL!T:U) -> 154 | E11: =COUNTIF(CAL!R:R,CAMP!$B11) -> 66 | F11: =D11/E11 -> 2.3333333 | H11: MT | I11: =COUNTIF(CLA!Q:Q,H11) -> 19 | N11: 10 | O11: =COUNTIF(ART!K:K,CAMP!N11) -> 281 | Q11: 1989 | R11: =COUNTIF(ART!L:L,CAMP!Q11) -> 53
B12: br1 | C12: Brasileirão | D12: =SUMIF(CAL!R:T,B12,CAL!S:T)+SUMIF(CAL!R:T,B12,CAL!T:U) -> 667 | E12: =COUNTIF(CAL!R:R,CAMP!$B12) -> 253 | F12: =D12/E12 -> 2.6363636 | H12: MS | I12: =COUNTIF(CLA!Q:Q,H12) -> 14 | N12: 11 | O12: =COUNTIF(ART!K:K,CAMP!N12) -> 246 | Q12: 1990 | R12: =COUNTIF(ART!L:L,CAMP!Q12) -> 83
B13: ms1 | C13: Sul-Matograssense 1ª Divisão | D13: =SUMIF(CAL!R:T,B13,CAL!S:T)+SUMIF(CAL!R:T,B13,CAL!T:U) -> 144 | E13: =COUNTIF(CAL!R:R,CAMP!$B13) -> 55 | F13: =D13/E13 -> 2.6181818 | H13: AM | I13: =COUNTIF(CLA!Q:Q,H13) -> 13 | N13: 12 | O13: =COUNTIF(ART!K:K,CAMP!N13) -> 249 | Q13: 1991 | R13: =COUNTIF(ART!L:L,CAMP!Q13) -> 85
B14: ba1 | C14: Baiano 1ª Divisão | D14: =SUMIF(CAL!R:T,B14,CAL!S:T)+SUMIF(CAL!R:T,B14,CAL!T:U) -> 124 | E14: =COUNTIF(CAL!R:R,CAMP!$B14) -> 48 | F14: =D14/E14 -> 2.5833333 | H14: AP | I14: =COUNTIF(CLA!Q:Q,H14) -> 14 | Q14: 1992 | R14: =COUNTIF(ART!L:L,CAMP!Q14) -> 134
B15: css | C15: Copa Sul Sudeste | D15: =SUMIF(CAL!R:T,B15,CAL!S:T)+SUMIF(CAL!R:T,B15,CAL!T:U) -> 113 | E15: =COUNTIF(CAL!R:R,CAMP!$B15) -> 42 | F15: =D15/E15 -> 2.6904762 | H15: DF | I15: =COUNTIF(CLA!Q:Q,H15) -> 14 | Q15: 1993 | R15: =COUNTIF(ART!L:L,CAMP!Q15) -> 145
B16: rj1 | C16: Carioca 1ª Divisão | D16: =SUMIF(CAL!R:T,B16,CAL!S:T)+SUMIF(CAL!R:T,B16,CAL!T:U) -> 162 | E16: =COUNTIF(CAL!R:R,CAMP!$B16) -> 63 | F16: =D16/E16 -> 2.5714286 | H16: ES | I16: =COUNTIF(CLA!Q:Q,H16) -> 15 | Q16: 1994 | R16: =COUNTIF(ART!L:L,CAMP!Q16) -> 159
B17: df1 | C17: Brasiliense 1ª Divisão | D17: =SUMIF(CAL!R:T,B17,CAL!S:T)+SUMIF(CAL!R:T,B17,CAL!T:U) -> 128 | E17: =COUNTIF(CAL!R:R,CAMP!$B17) -> 50 | F17: =D17/E17 -> 2.56 | H17: MA | I17: =COUNTIF(CLA!Q:Q,H17) -> 14 | Q17: 1995 | R17: =COUNTIF(ART!L:L,CAMP!Q17) -> 180
B18: go1 | C18: Goiano 1ª Divisão | D18: =SUMIF(CAL!R:T,B18,CAL!S:T)+SUMIF(CAL!R:T,B18,CAL!T:U) -> 176 | E18: =COUNTIF(CAL!R:R,CAMP!$B18) -> 70 | F18: =D18/E18 -> 2.5142857 | H18: SE | I18: =COUNTIF(CLA!Q:Q,H18) -> 9 | Q18: 1996 | R18: =COUNTIF(ART!L:L,CAMP!Q18) -> 201
B19: cne | C19: Copa do Nordeste | D19: =SUMIF(CAL!R:T,B19,CAL!S:T)+SUMIF(CAL!R:T,B19,CAL!T:U) -> 169 | E19: =COUNTIF(CAL!R:R,CAMP!$B19) -> 60 | F19: =D19/E19 -> 2.8166667 | H19: PA | I19: =COUNTIF(CLA!Q:Q,H19) -> 14 | Q19: 1997 | R19: =COUNTIF(ART!L:L,CAMP!Q19) -> 202
B20: pr1 | C20: Paranaense 1º Divisão | D20: =SUMIF(CAL!R:T,B20,CAL!S:T)+SUMIF(CAL!R:T,B20,CAL!T:U) -> 136 | E20: =COUNTIF(CAL!R:R,CAMP!$B20) -> 56 | F20: =D20/E20 -> 2.4285714 | H20: PB | I20: =COUNTIF(CLA!Q:Q,H20) -> 8 | Q20: 1998 | R20: =COUNTIF(ART!L:L,CAMP!Q20) -> 241
B21: sc1 | C21: Catarinense 1ª Divisão | D21: =SUMIF(CAL!R:T,B21,CAL!S:T)+SUMIF(CAL!R:T,B21,CAL!T:U) -> 174 | E21: =COUNTIF(CAL!R:R,CAMP!$B21) -> 72 | F21: =D21/E21 -> 2.4166667 | H21: AL | I21: =COUNTIF(CLA!Q:Q,H21) -> 12 | Q21: 1999 | R21: =COUNTIF(ART!L:L,CAMP!Q21) -> 264
B22: ro1 | C22: Rondoniense 1ª Divisão | D22: =SUMIF(CAL!R:T,B22,CAL!S:T)+SUMIF(CAL!R:T,B22,CAL!T:U) -> 114 | E22: =COUNTIF(CAL!R:R,CAMP!$B22) -> 48 | F22: =D22/E22 -> 2.375 | H22: AC | I22: =COUNTIF(CLA!Q:Q,H22) -> 8 | Q22: 2000 | R22: =COUNTIF(ART!L:L,CAMP!Q22) -> 299
B23: sp2 | C23: Paulista A2 | D23: =SUMIF(CAL!R:T,B23,CAL!S:T)+SUMIF(CAL!R:T,B23,CAL!T:U) -> 351 | E23: =COUNTIF(CAL!R:R,CAMP!$B23) -> 150 | F23: =D23/E23 -> 2.34 | H23: PE | I23: =COUNTIF(CLA!Q:Q,H23) -> 8 | Q23: 2001 | R23: =COUNTIF(ART!L:L,CAMP!Q23) -> 333
B24: pb1 | C24: Paraibano 1ª Divisão | D24: =SUMIF(CAL!R:T,B24,CAL!S:T)+SUMIF(CAL!R:T,B24,CAL!T:U) -> 120 | E24: =COUNTIF(CAL!R:R,CAMP!$B24) -> 51 | F24: =D24/E24 -> 2.3529412 | H24: RN | I24: =COUNTIF(CLA!Q:Q,H24) -> 7 | Q24: 2002 | R24: =COUNTIF(ART!L:L,CAMP!Q24) -> 307
B25: to1 | C25: Tocantinense 1ª Divisão | D25: =SUMIF(CAL!R:T,B25,CAL!S:T)+SUMIF(CAL!R:T,B25,CAL!T:U) -> 80 | E25: =COUNTIF(CAL!R:R,CAMP!$B25) -> 34 | F25: =D25/E25 -> 2.3529412 | H25: TO | I25: =COUNTIF(CLA!Q:Q,H25) -> 6 | Q25: 2003 | R25: =COUNTIF(ART!L:L,CAMP!Q25) -> 343
... B28: rs1 | C28: Gaúcho 1ª Divisão | D28: =SUMIF(CAL!R:T,B28,CAL!S:T)+SUMIF(CAL!R:T,B28,CAL!T:U) -> 148 | E28: =COUNTIF(CAL!R:R,CAMP!$B28) -> 65 | F28: =D28/E28 -> 2.2769231 | H28: PI | I28: =COUNTIF(CLA!Q:Q,H28) -> 11 | Q28: 2006 | R28: =COUNTIF(ART!L:L,CAMP!Q28) -> 185
B29: br3 | C29: Brasileiro Série C | D29: =SUMIF(CAL!R:T,B29,CAL!S:T)+SUMIF(CAL!R:T,B29,CAL!T:U) -> 441 | E29: =COUNTIF(CAL!R:R,CAMP!$B29) -> 195 | F29: =D29/E29 -> 2.2615385 | Q29: 2007 | R29: =COUNTIF(ART!L:L,CAMP!Q29) -> 97
B30: se1 | C30: Sergipano 1ª Divisão | D30: =SUMIF(CAL!R:T,B30,CAL!S:T)+SUMIF(CAL!R:T,B30,CAL!T:U) -> 122 | E30: =COUNTIF(CAL!R:R,CAMP!$B30) -> 55 | F30: =D30/E30 -> 2.2181818 | Q30: 2008 | R30: =COUNTIF(ART!L:L,CAMP!Q30) -> 50
B31: sp3 | C31: Paulista A3 | D31: =SUMIF(CAL!R:T,B31,CAL!S:T)+SUMIF(CAL!R:T,B31,CAL!T:U) -> 307 | E31: =COUNTIF(CAL!R:R,CAMP!$B31) -> 138 | F31: =D31/E31 -> 2.2246377 | Q31: 2009 | R31: =COUNTIF(ART!L:L,CAMP!Q31) -> 14
B32: br2 | C32: Brasileiro Série B | D32: =SUMIF(CAL!R:T,B32,CAL!S:T)+SUMIF(CAL!R:T,B32,CAL!T:U) -> 593 | E32: =COUNTIF(CAL!R:R,CAMP!$B32) -> 259 | F32: =D32/E32 -> 2.2895753 | Q32: 2010 | R32: =COUNTIF(ART!L:L,CAMP!Q32) -> 5
B33: pi1 | C33: Piauiense 1ª Divisão | D33: =SUMIF(CAL!R:T,B33,CAL!S:T)+SUMIF(CAL!R:T,B33,CAL!T:U) -> 75 | E33: =COUNTIF(CAL!R:R,CAMP!$B33) -> 34 | F33: =D33/E33 -> 2.2058824 | Q33: 2011 | R33: =COUNTIF(ART!L:L,CAMP!Q33) -> 0
B34: ce1 | C34: Cearense 1ª Divisão | D34: =SUMIF(CAL!R:T,B34,CAL!S:T)+SUMIF(CAL!R:T,B34,CAL!T:U) -> 94 | E34: =COUNTIF(CAL!R:R,CAMP!$B34) -> 43 | F34: =D34/E34 -> 2.1860465
B35: pa1 | C35: Paraense 1ª Divisão | D35: =SUMIF(CAL!R:T,B35,CAL!S:T)+SUMIF(CAL!R:T,B35,CAL!T:U) -> 103 | E35: =COUNTIF(CAL!R:R,CAMP!$B35) -> 48 | F35: =D35/E35 -> 2.1458333
B36: cbr | C36: Copa do Brasil | D36: =SUMIF(CAL!R:T,B36,CAL!S:T)+SUMIF(CAL!R:T,B36,CAL!T:U) -> 324 | E36: =COUNTIF(CAL!R:R,CAMP!$B36) -> 152 | F36: =D36/E36 -> 2.1315789
B37: es1 | C37: Capixaba 1ª Divisão | D37: =SUMIF(CAL!R:T,B37,CAL!S:T)+SUMIF(CAL!R:T,B37,CAL!T:U) -> 126 | E37: =COUNTIF(CAL!R:R,CAMP!$B37) -> 59 | F37: =D37/E37 -> 2.1355932
B38: br4 | C38: Brasileiro Série D | D38: =SUMIF(CAL!R:T,B38,CAL!S:T)+SUMIF(CAL!R:T,B38,CAL!T:U) -> 1398 | E38: =COUNTIF(CAL!R:R,CAMP!$B38) -> 613 | F38: =D38/E38 -> 2.2805873
B39: am1 | C39: Amazonense 1ª Divisão | D39: =SUMIF(CAL!R:T,B39,CAL!S:T)+SUMIF(CAL!R:T,B39,CAL!T:U) -> 80 | E39: =COUNTIF(CAL!R:R,CAMP!$B39) -> 39 | F39: =D39/E39 -> 2.0512821
B40: al1 | C40: Alagoano 1ª Divisão | D40: =SUMIF(CAL!R:T,B40,CAL!S:T)+SUMIF(CAL!R:T,B40,CAL!T:U) -> 72 | E40: =COUNTIF(CAL!R:R,CAMP!$B40) -> 36 | F40: =D40/E40 -> 2
B41: cgp | C41: Copa Grão Pará | D41: =SUMIF(CAL!R:T,B41,CAL!S:T)+SUMIF(CAL!R:T,B41,CAL!T:U) -> 4 | E41: =COUNTIF(CAL!R:R,CAMP!$B41) -> 2 | F41: =D41/E41 -> 2
B42: scbr | C42: Super Copa do Brasil | D42: =SUMIF(CAL!R:T,B42,CAL!S:T)+SUMIF(CAL!R:T,B42,CAL!T:U) -> 2 | E42: =COUNTIF(CAL!R:R,CAMP!$B42) -> 1 | F42: =D42/E42 -> 2
B43: ma1 | C43: Maranhense 1ª Divisão | D43: =SUMIF(CAL!R:T,B43,CAL!S:T)+SUMIF(CAL!R:T,B43,CAL!T:U) -> 71 | E43: =COUNTIF(CAL!R:R,CAMP!$B43) -> 37 | F43: =D43/E43 -> 1.9189189
B44: sp4 | C44: Paulista A4 | D44: =SUMIF(CAL!R:T,B44,CAL!S:T)+SUMIF(CAL!R:T,B44,CAL!T:U) -> 248 | E44: =COUNTIF(CAL!R:R,CAMP!$B44) -> 127 | F44: =D44/E44 -> 1.9527559
B45: mt1 | C45: Matogrossense 1ª Divisão | D45: =SUMIF(CAL!R:T,B45,CAL!S:T)+SUMIF(CAL!R:T,B45,CAL!T:U) -> 100 | E45: =COUNTIF(CAL!R:R,CAMP!$B45) -> 53 | F45: =D45/E45 -> 1.8867925
... B50: al2 | C50: Alagoano 2ª Divisão | D50: =SUMIF(CAL!R:T,B50,CAL!S:T)+SUMIF(CAL!R:T,B50,CAL!T:U) -> 62 | E50: =COUNTIF(CAL!R:R,CAMP!$B50) -> 21 | F50: =D50/E50 -> 2.952381

Sheet INV
A1: POS | B1: CLUBE | C1: INV | D1: VIT | E1: EMP
A2: 1º | B2: Paraná-PR | C2: =D2+E2 -> 17 | D2: 13 | E2: 4
A3: 2º | B3: Cardoso Moreira-RJ | C3: =D3+E3 -> 15 | D3: 13 | E3: 2
A4: 3º | B4: Hercílio Luz-SC | C4: =D4+E4 -> 14 | D4: 12 | E4: 2
A5: 4º | B5: Bahia-BA | C5: =D5+E5 -> 10 | D5: 5 | E5: 5
A6: 5º | B6: Estrela do Norte-ES | C6: =D6+E6 -> 9 | D6: 8 | E6: 1
A7: 6º | B7: Rive-ES | C7: =D7+E7 -> 8 | D7: 6 | E7: 2
A8: 7º | B8: Santa Catarina-SC | C8: =D8+E8 -> 8 | D8: 5 | E8: 3
A9: 8º | B9: Linense-SP | C9: =D9+E9 -> 8 | D9: 4 | E9: 4
A10: 9º | B10: Náutico-PE | C10: =D10+E10 -> 8 | D10: 4 | E10: 4
A11: 10º | B11: Fluminense-RJ | C11: =D11+E11 -> 8 | D11: 4 | E11: 4
A12: 11º | B12: Juventude-RS | C12: =D12+E12 -> 7 | D12: 4 | E12: 3
A13: 12º | B13: Fortaleza-CE | C13: =D13+E13 -> 7 | D13: 3 | E13: 4
... A198: 197º | B198: Canaã-DF | C198: =D198+E198 -> 0 | D198: 0 | E198: 0
A199: 198º
A200: 199º
A201: 200º

Sheet CID
A1: Data | B1: Mandante | C1: gm | D1: gv | E1: visitante | F1: camp | G1: estádio | H1: cidade
A2: =CAL!A2 -> 46028 | B2: =CAL!B2 -> maracanace | C2: =CAL!C2 -> 0 | D2: =CAL!D2 -> 1 | E2: =CAL!J2 -> ferroviarioce | F2: =CAL!R2 -> ce1 | G2: Prefeito Almir Dutra | H2: Maracanaú/CE
A3: =CAL!A3 -> 46028 | B3: =CAL!B3 -> saojoseensepr | C3: =CAL!C3 -> 2 | D3: =CAL!D3 -> 0 | E3: =CAL!J3 -> galomaringapr | F3: =CAL!R3 -> pr1 | G3: Arena da Baixada | H3: Curitiba/PR
A4: =CAL!A4 -> 46028 | B4: =CAL!B4 -> chapecoensesc | C4: =CAL!C4 -> 1 | D4: =CAL!D4 -> 1 | E4: =CAL!J4 -> brusquesc | F4: =CAL!R4 -> sc1 | G4: Arena Condá | H4: Chapecó/SC
A5: =CAL!A5 -> 46028 | B5: =CAL!B5 -> santacatarinasc | C5: =CAL!C5 -> 2 | D5: =CAL!D5 -> 2 | E5: =CAL!J5 -> camboriusc | F5: =CAL!R5 -> sc1 | G5: Alfredo João Krieck | H5: Rio do Sul/SC
A6: =CAL!A6 -> 46029 | B6: =CAL!B6 -> tirolce | C6: =CAL!C6 -> 0 | D6: =CAL!D6 -> 2 | E6: =CAL!J6 -> florestace | F6: =CAL!R6 -> ce1 | G6: Presidente Vargas | H6: Fortaleza/CE
A7: =CAL!A7 -> 46029 | B7: =CAL!B7 -> horizontece | C7: =CAL!C7 -> 0 | D7: =CAL!D7 -> 0 | E7: =CAL!J7 -> quixadace | F7: =CAL!R7 -> ce1 | G7: Felipe Santiago | H7: Fortaleza/CE
A8: =CAL!A8 -> 46029 | B8: =CAL!B8 -> londrinapr | C8: =CAL!C8 -> 2 | D8: =CAL!D8 -> 0 | E8: =CAL!J8 -> operariopr | F8: =CAL!R8 -> pr1 | G8: Estádio do Café | H8: Londrina/PR
A9: =CAL!A9 -> 46029 | B9: =CAL!B9 -> cianortepr | C9: =CAL!C9 -> 3 | D9: =CAL!D9 -> 3 | E9: =CAL!J9 -> maringapr | F9: =CAL!R9 -> pr1 | G9: Albino Turbay | H9: Cianorte/PR
A10: =CAL!A10 -> 46029 | B10: =CAL!B10 -> coritibapr | C10: =CAL!C10 -> 2 | D10: =CAL!D10 -> 3 | E10: =CAL!J10 -> fozdoiguacupr | F10: =CAL!R10 -> pr1 | G10: Couto Pereira | H10: Curitiba/PR
A11: =CAL!A11 -> 46029 | B11: =CAL!B11 -> marciliodiassc | C11: =CAL!C11 -> 2 | D11: =CAL!D11 -> 0 | E11: =CAL!J11 -> criciumasc | F11: =CAL!R11 -> sc1 | G11: Doutor Hercílio Luz | H11: Itajaí/SC
A12: =CAL!A12 -> 46029 | B12: =CAL!B12 -> joinvillesc | C12: =CAL!C12 -> 2 | D12: =CAL!D12 -> 3 | E12: =CAL!J12 -> figueirensesc | F12: =CAL!R12 -> sc1 | G12: Arena Joinville | H12: Joinville/SC
A13: =CAL!A13 -> 46029 | B13: =CAL!B13 -> avaisc | C13: =CAL!C13 -> 2 | D13: =CAL!D13 -> 1 | E13: =CAL!J13 -> barrasc | F13: =CAL!R13 -> sc1 | G13: Ressacada | H13: Florianópolis/SC
A14: =CAL!A14 -> 46029 | B14: =CAL!B14 -> vitoriaes | C14: =CAL!C14 -> 5 | D14: =CAL!D14 -> 1 | E14: =CAL!J14 -> riobrancoes | F14: =CAL!R14 -> sces
A15: =CAL!A15 -> 46030 | B15: =CAL!B15 -> iguatuce | C15: =CAL!C15 -> 2 | D15: =CAL!D15 -> 0 | E15: =CAL!J15 -> maranguapece | F15: =CAL!R15 -> ce1
A16: =CAL!A16 -> 46030 | B16: =CAL!B16 -> cascavelpr | C16: =CAL!C16 -> 0 | D16: =CAL!D16 -> 0 | E16: =CAL!J16 -> azurizpr | F16: =CAL!R16 -> pr1
A17: =CAL!A17 -> 46030 | B17: =CAL!B17 -> andrauspr | C17: =CAL!C17 -> 1 | D17: =CAL!D17 -> 2 | E17: =CAL!J17 -> athleticopr | F17: =CAL!R17 -> pr1
A18: =CAL!A18 -> 46030 | B18: =CAL!B18 -> carlosrenauxsc | C18: =CAL!C18 -> 0 | D18: =CAL!D18 -> 1 | E18: =CAL!J18 -> concordiasc | F18: =CAL!R18 -> sc1
A19: =CAL!A19 -> 46031 | B19: =CAL!B19 -> retrope | C19: =CAL!C19 -> 4 | D19: =CAL!D19 -> 0 | E19: =CAL!J19 -> vitoriape | F19: =CAL!R19 -> pe1
A20: =CAL!A20 -> 46031 | B20: =CAL!B20 -> nauticope | C20: =CAL!C20 -> 2 | D20: =CAL!D20 -> 0 | E20: =CAL!J20 -> maguarype | F20: =CAL!R20 -> pe1
A21: =CAL!A21 -> 46031 | B21: =CAL!B21 -> osascosp | C21: =CAL!C21 -> 0 | D21: =CAL!D21 -> 0 | E21: =CAL!J21 -> ferroviariasp | F21: =CAL!R21 -> sp2
A22: =CAL!A22 -> 46032 | B22: =CAL!B22 -> crbal | C22: =CAL!C22 -> 1 | D22: =CAL!D22 -> 0 | E22: =CAL!J22 -> cseal | F22: =CAL!R22 -> al1 | G22: Rei Pelé | H22: Maceió/AL
A23: =CAL!A23 -> 46032 | B23: =CAL!B23 -> penedenseal | C23: =CAL!C23 -> 1 | D23: =CAL!D23 -> 0 | E23: =CAL!J23 -> cruzeiroal | F23: =CAL!R23 -> al1
A24: =CAL!A24 -> 46032 | B24: =CAL!B24 -> asaal | C24: =CAL!C24 -> 0 | D24: =CAL!D24 -> 0 | E24: =CAL!J24 -> muricial | F24: =CAL!R24 -> al1
A25: =CAL!A25 -> 46032 | B25: =CAL!B25 -> amazonasam | C25: =CAL!C25 -> 3 | D25: =CAL!D25 -> 0 | E25: =CAL!J25 -> saoraimundoam | F25: =CAL!R25 -> am1
A26: =CAL!A26 -> 46032 | B26: =CAL!B26 -> vitoriaba | C26: =CAL!C26 -> 0 | D26: =CAL!D26 -> 0 | E26: =CAL!J26 -> atleticoba | F26: =CAL!R26 -> ba1
A27: =CAL!A27 -> 46032 | B27: =CAL!B27 -> portoba | C27: =CAL!C27 -> 3 | D27: =CAL!D27 -> 2 | E27: =CAL!J27 -> jacuipenseba | F27: =CAL!R27 -> ba1
A28: =CAL!A28 -> 46032 | B28: =CAL!B28 -> florestace | C28: =CAL!C28 -> 0 | D28: =CAL!D28 -> 1 | E28: =CAL!J28 -> cearace | F28: =CAL!R28 -> ce1
A29: =CAL!A29 -> 46032 | B29: =CAL!B29 -> quixadace | C29: =CAL!C29 -> 1 | D29: =CAL!D29 -> 0 | E29: =CAL!J29 -> maracanace | F29: =CAL!R29 -> ce1 | G29: José Antônio Abílio de Lima | H29: Quixadá/CE
A30: =CAL!A30 -> 46032 | B30: =CAL!B30 -> paranoadf | C30: =CAL!C30 -> 0 | D30: =CAL!D30 -> 1 | E30: =CAL!J30 -> arucdf | F30: =CAL!R30 -> df1
A31: =CAL!A31 -> 46032 | B31: =CAL!B31 -> brasiliensedf | C31: =CAL!C31 -> 4 | D31: =CAL!D31 -> 0 | E31: =CAL!J31 -> brasiliadf | F31: =CAL!R31 -> df1
A32: =CAL!A32 -> 46032 | B32: =CAL!B32 -> ceilandiadf | C32: =CAL!C32 -> 1 | D32: =CAL!D32 -> 1 | E32: =CAL!J32 -> sobradinhodf | F32: =CAL!R32 -> df1
A33: =CAL!A33 -> 46032 | B33: =CAL!B33 -> gamadf | C33: =CAL!C33 -> 1 | D33: =CAL!D33 -> 0 | E33: =CAL!J33 -> realbrasiliadf | F33: =CAL!R33 -> df1
A34: =CAL!A34 -> 46032 | B34: =CAL!B34 -> jataiensego | C34: =CAL!C34 -> 1 | D34: =CAL!D34 -> 1 | E34: =CAL!J34 -> cracgo | F34: =CAL!R34 -> go1
A35: =CAL!A35 -> 46032 | B35: =CAL!B35 -> atleticogo | C35: =CAL!C35 -> 2 | D35: =CAL!D35 -> 0 | E35: =CAL!J35 -> anapolisgo | F35: =CAL!R35 -> go1 | G35: Antônio Accioly | H35: Goiânia/GO
A36: =CAL!A36 -> 46032 | B36: =CAL!B36 -> abecatgo | C36: =CAL!C36 -> 1 | D36: =CAL!D36 -> 2 | E36: =CAL!J36 -> vilanovago | F36: =CAL!R36 -> go1
A37: =CAL!A37 -> 46032 | B37: =CAL!B37 -> imperatrizma | C37: =CAL!C37 -> 1 | D37: =CAL!D37 -> 1 | E37: =CAL!J37 -> sampaiocorreama | F37: =CAL!R37 -> ma1
A38: =CAL!A38 -> 46032 | B38: =CAL!B38 -> uberlandiamg | C38: =CAL!C38 -> 0 | D38: =CAL!D38 -> 0 | E38: =CAL!J38 -> tombensemg | F38: =CAL!R38 -> mg1
A39: =CAL!A39 -> 46032 | B39: =CAL!B39 -> cruzeiromg | C39: =CAL!C39 -> 1 | D39: =CAL!D39 -> 2 | E39: =CAL!J39 -> pousoalegremg | F39: =CAL!R39 -> mg1
A40: =CAL!A40 -> 46032 | B40: =CAL!B40 -> itabiritomg | C40: =CAL!C40 -> 0 | D40: =CAL!D40 -> 1 | E40: =CAL!J40 -> democratagvmg | F40: =CAL!R40 -> mg1
A41: =CAL!A41 -> 46032 | B41: =CAL!B41 -> urtmg | C41: =CAL!C41 -> 0 | D41: =CAL!D41 -> 0 | E41: =CAL!J41 -> northmg | F41: =CAL!R41 -> mg1
A42: =CAL!A42 -> 46032 | B42: =CAL!B42 -> novamutummt | C42: =CAL!C42 -> 1 | D42: =CAL!D42 -> 1 | E42: =CAL!J42 -> sportsinopmt | F42: =CAL!R42 -> mt1
A43: =CAL!A43 -> 46032 | B43: =CAL!B43 -> primaveramt | C43: =CAL!C43 -> 0 | D43: =CAL!D43 -> 0 | E43: =CAL!J43 -> chapadamt | F43: =CAL!R43 -> mt1
A44: =CAL!A44 -> 46032 | B44: =CAL!B44 -> mixtomt | C44: =CAL!C44 -> 0 | D44: =CAL!D44 -> 1 | E44: =CAL!J44 -> uniaomt | F44: =CAL!R44 -> mt1
A45: =CAL!A45 -> 46032 | B45: =CAL!B45 -> luverdensemt | C45: =CAL!C45 -> 1 | D45: =CAL!D45 -> 0 | E45: =CAL!J45 -> cuiabamt | F45: =CAL!R45 -> mt1
A46: =CAL!A46 -> 46032 | B46: =CAL!B46 -> operariomt | C46: =CAL!C46 -> 2 | D46: =CAL!D46 -> 0 | E46: =CAL!J46 -> varzeagrandemt | F46: =CAL!R46 -> mt1
A47: =CAL!A47 -> 46032 | B47: =CAL!B47 -> jaguarpe | C47: =CAL!C47 -> 2 | D47: =CAL!D47 -> 2 | E47: =CAL!J47 -> sportpe | F47: =CAL!R47 -> pe1
... A50: =CAL!A50 -> 46032 | B50: =CAL!B50 -> operariopr | C50: =CAL!C50 -> 1 | D50: =CAL!D50 -> 1 | E50: =CAL!J50 -> maringapr | F50: =CAL!R50 -> pr1
A51: =CAL!A51 -> 46032 | B51: =CAL!B51 -> coritibapr | C51: =CAL!C51 -> 2 | D51: =CAL!D51 -> 2 | E51: =CAL!J51 -> londrinapr | F51: =CAL!R51 -> pr1 | G51: Couto Pereira | H51: Curitiba/PR
A52: =CAL!A52 -> 46032 | B52: =CAL!B52 -> americarn | C52: =CAL!C52 -> 4 | D52: =CAL!D52 -> 1 | E52: =CAL!J52 -> potyguarrn | F52: =CAL!R52 -> rn1
A53: =CAL!A53 -> 46032 | B53: =CAL!B53 -> juventuders | C53: =CAL!C53 -> 1 | D53: =CAL!D53 -> 1 | E53: =CAL!J53 -> ypirangars | F53: =CAL!R53 -> rs1
A54: =CAL!A54 -> 46032 | B54: =CAL!B54 -> guaranyrs | C54: =CAL!C54 -> 1 | D54: =CAL!D54 -> 1 | E54: =CAL!J54 -> monsoonrs | F54: =CAL!R54 -> rs1
A55: =CAL!A55 -> 46032 | B55: =CAL!B55 -> avenidars | C55: =CAL!C55 -> 0 | D55: =CAL!D55 -> 4 | E55: =CAL!J55 -> gremiors | F55: =CAL!R55 -> rs1
A56: =CAL!A56 -> 46032 | B56: =CAL!B56 -> figueirensesc | C56: =CAL!C56 -> 1 | D56: =CAL!D56 -> 0 | E56: =CAL!J56 -> marciliodiassc | F56: =CAL!R56 -> sc1 | G56: Orlando Scarpelli | H56: Florianópolis/SC
A57: =CAL!A57 -> 46032 | B57: =CAL!B57 -> barrasc | C57: =CAL!C57 -> 1 | D57: =CAL!D57 -> 0 | E57: =CAL!J57 -> joinvillesc | F57: =CAL!R57 -> sc1 | G57: Camilo Mussi | H57: Itajaí/SC
A58: =CAL!A58 -> 46032 | B58: =CAL!B58 -> desportivaaracajuse | C58: =CAL!C58 -> 0 | D58: =CAL!D58 -> 3 | E58: =CAL!J58 -> confiancase | F58: =CAL!R58 -> se1
A59: =CAL!A59 -> 46032 | B59: =CAL!B59 -> lagartose | C59: =CAL!C59 -> 2 | D59: =CAL!D59 -> 2 | E59: =CAL!J59 -> falconse | F59: =CAL!R59 -> se1
A60: =CAL!A60 -> 46032 | B60: =CAL!B60 -> saobernardosp | C60: =CAL!C60 -> 4 | D60: =CAL!D60 -> 0 | E60: =CAL!J60 -> capivarianosp | F60: =CAL!R60 -> sp1
A61: =CAL!A61 -> 46032 | B61: =CAL!B61 -> santossp | C61: =CAL!C61 -> 2 | D61: =CAL!D61 -> 1 | E61: =CAL!J61 -> novorizontinosp | F61: =CAL!R61 -> sp1
A62: =CAL!A62 -> 46032 | B62: =CAL!B62 -> guaranisp | C62: =CAL!C62 -> 1 | D62: =CAL!D62 -> 1 | E62: =CAL!J62 -> primaverasp | F62: =CAL!R62 -> sp1
A63: =CAL!A63 -> 46032 | B63: =CAL!B63 -> portuguesasp | C63: =CAL!C63 -> 0 | D63: =CAL!D63 -> 1 | E63: =CAL!J63 -> palmeirassp | F63: =CAL!R63 -> sp1
A64: =CAL!A64 -> 46032 | B64: =CAL!B64 -> votuporanguensesp | C64: =CAL!C64 -> 1 | D64: =CAL!D64 -> 0 | E64: =CAL!J64 -> aguasantasp | F64: =CAL!R64 -> sp2
A65: =CAL!A65 -> 46032 | B65: =CAL!B65 -> gremioprudentesp | C65: =CAL!C65 -> 1 | D65: =CAL!D65 -> 1 | E65: =CAL!J65 -> ituanosp | F65: =CAL!R65 -> sp2
A66: =CAL!A66 -> 46032 | B66: =CAL!B66 -> sertaozinhosp | C66: =CAL!C66 -> 0 | D66: =CAL!D66 -> 0 | E66: =CAL!J66 -> taubatesp | F66: =CAL!R66 -> sp2
A67: =CAL!A67 -> 46033 | B67: =CAL!B67 -> csaal | C67: =CAL!C67 -> 3 | D67: =CAL!D67 -> 0 | E67: =CAL!J67 -> coruripeal | F67: =CAL!R67 -> al1
A68: =CAL!A68 -> 46033 | B68: =CAL!B68 -> nacionalam | C68: =CAL!C68 -> 3 | D68: =CAL!D68 -> 0 | E68: =CAL!J68 -> itacoatiaraam | F68: =CAL!R68 -> am1
A69: =CAL!A69 -> 46033 | B69: =CAL!B69 -> manauaraam | C69: =CAL!C69 -> 1 | D69: =CAL!D69 -> 0 | E69: =CAL!J69 -> princesaam | F69: =CAL!R69 -> am1
... A72: =CAL!A72 -> 46033 | B72: =CAL!B72 -> barcelonaba | C72: =CAL!C72 -> 2 | D72: =CAL!D72 -> 0 | E72: =CAL!J72 -> galiciaba | F72: =CAL!R72 -> ba1
A73: =CAL!A73 -> 46033 | B73: =CAL!B73 -> maranguapece | C73: =CAL!C73 -> 1 | D73: =CAL!D73 -> 0 | E73: =CAL!J73 -> tirolce | F73: =CAL!R73 -> ce1 | G73: Domingão | H73: Horizonte/CE
A74: =CAL!A74 -> 46033 | B74: =CAL!B74 -> ferroviarioce | C74: =CAL!C74 -> 0 | D74: =CAL!D74 -> 0 | E74: =CAL!J74 -> fortalezace | F74: =CAL!R74 -> ce1
A75: =CAL!A75 -> 46033 | B75: =CAL!B75 -> capitaldf | C75: =CAL!C75 -> 2 | D75: =CAL!D75 -> 2 | E75: =CAL!J75 -> samambaiadf | F75: =CAL!R75 -> df1
A76: =CAL!A76 -> 46033 | B76: =CAL!B76 -> centrooestego | C76: =CAL!C76 -> 0 | D76: =CAL!D76 -> 0 | E76: =CAL!J76 -> aparecidensego | F76: =CAL!R76 -> go1
A77: =CAL!A77 -> 46033 | B77: =CAL!B77 -> goiasgo | C77: =CAL!C77 -> 4 | D77: =CAL!D77 -> 0 | E77: =CAL!J77 -> goiatubago | F77: =CAL!R77 -> go1
A78: =CAL!A78 -> 46033 | B78: =CAL!B78 -> anapolinago | C78: =CAL!C78 -> 1 | D78: =CAL!D78 -> 0 | E78: =CAL!J78 -> inhumasgo | F78: =CAL!R78 -> go1 | G78: Jonas Alves Ferreira Duarte | H78: Anápolis/GO
A79: =CAL!A79 -> 46033 | B79: =CAL!B79 -> tuntumma | C79: =CAL!C79 -> 0 | D79: =CAL!D79 -> 2 | E79: =CAL!J79 -> luminensema | F79: =CAL!R79 -> ma1
A80: =CAL!A80 -> 46033 | B80: =CAL!B80 -> maranhaoma | C80: =CAL!C80 -> 1 | D80: =CAL!D80 -> 1 | E80: =CAL!J80 -> motoclubma | F80: =CAL!R80 -> ma1
A81: =CAL!A81 -> 46033 | B81: =CAL!B81 -> iapema | C81: =CAL!C81 -> 1 | D81: =CAL!D81 -> 0 | E81: =CAL!J81 -> itzsportma | F81: =CAL!R81 -> ma1
A82: =CAL!A82 -> 46033 | B82: =CAL!B82 -> atleticomg | C82: =CAL!C82 -> 1 | D82: =CAL!D82 -> 1 | E82: =CAL!J82 -> betimmg | F82: =CAL!R82 -> mg1
A83: =CAL!A83 -> 46033 | B83: =CAL!B83 -> americamg | C83: =CAL!C83 -> 3 | D83: =CAL!D83 -> 0 | E83: =CAL!J83 -> athleticmg | F83: =CAL!R83 -> mg1
A84: =CAL!A84 -> 46033 | B84: =CAL!B84 -> santacruzpe | C84: =CAL!C84 -> 3 | D84: =CAL!D84 -> 0 | E84: =CAL!J84 -> decisaope | F84: =CAL!R84 -> pe1
A85: =CAL!A85 -> 46033 | B85: =CAL!B85 -> parnahybapi | C85: =CAL!C85 -> 2 | D85: =CAL!D85 -> 2 | E85: =CAL!J85 -> atleticopi | F85: =CAL!R85 -> pi1
A86: =CAL!A86 -> 46033 | B86: =CAL!B86 -> corisabbapi | C86: =CAL!C86 -> 1 | D86: =CAL!D86 -> 2 | E86: =CAL!J86 -> teresinapi | F86: =CAL!R86 -> pi1
A87: =CAL!A87 -> 46033 | B87: =CAL!B87 -> fozdoiguacupr | C87: =CAL!C87 -> 1 | D87: =CAL!D87 -> 1 | E87: =CAL!J87 -> azurizpr | F87: =CAL!R87 -> pr1
A88: =CAL!A88 -> 46033 | B88: =CAL!B88 -> andrauspr | C88: =CAL!C88 -> 2 | D88: =CAL!D88 -> 0 | E88: =CAL!J88 -> saojoseensepr | F88: =CAL!R88 -> pr1 | G88: Atílio Gionédis | H88: Campo Largo/PR
A89: =CAL!A89 -> 46033 | B89: =CAL!B89 -> cianortepr | C89: =CAL!C89 -> 1 | D89: =CAL!D89 -> 1 | E89: =CAL!J89 -> athleticopr | F89: =CAL!R89 -> pr1
A90: =CAL!A90 -> 46033 | B90: =CAL!B90 -> galomaringapr | C90: =CAL!C90 -> 0 | D90: =CAL!D90 -> 1 | E90: =CAL!J90 -> cascavelpr | F90: =CAL!R90 -> pr1
A91: =CAL!A91 -> 46033 | B91: =CAL!B91 -> flamengorj | C91: =CAL!C91 -> 1 | D91: =CAL!D91 -> 1 | E91: =CAL!J91 -> portuguesarj | F91: =CAL!R91 -> rj1
A92: =CAL!A92 -> 46033 | B92: =CAL!B92 -> globorn | C92: =CAL!C92 -> 0 | D92: =CAL!D92 -> 1 | E92: =CAL!J92 -> qfcrn | F92: =CAL!R92 -> rn1
A93: =CAL!A93 -> 46033 | B93: =CAL!B93 -> santacruzrn | C93: =CAL!C93 -> 0 | D93: =CAL!D93 -> 1 | E93: =CAL!J93 -> potiguarrn | F93: =CAL!R93 -> rn1
A94: =CAL!A94 -> 46033 | B94: =CAL!B94 -> abcrn | C94: =CAL!C94 -> 2 | D94: =CAL!D94 -> 0 | E94: =CAL!J94 -> lagunarn | F94: =CAL!R94 -> rn1
A95: =CAL!A95 -> 46033 | B95: =CAL!B95 -> saoluizrs | C95: =CAL!C95 -> 1 | D95: =CAL!D95 -> 1 | E95: =CAL!J95 -> caxiasrs | F95: =CAL!R95 -> rs1
A96: =CAL!A96 -> 46033 | B96: =CAL!B96 -> internacionalrs | C96: =CAL!C96 -> 2 | D96: =CAL!D96 -> 1 | E96: =CAL!J96 -> novohamburgors | F96: =CAL!R96 -> rs1
A97: =CAL!A97 -> 46033 | B97: =CAL!B97 -> saojosers | C97: =CAL!C97 -> 0 | D97: =CAL!D97 -> 0 | E97: =CAL!J97 -> intersmrs | F97: =CAL!R97 -> rs1
A98: =CAL!A98 -> 46033 | B98: =CAL!B98 -> concordiasc | C98: =CAL!C98 -> 0 | D98: =CAL!D98 -> 0 | E98: =CAL!J98 -> santacatarinasc | F98: =CAL!R98 -> sc1 | G98: Domingos Machado de Lima | H98: Concórdia/SC
A99: =CAL!A99 -> 46033 | B99: =CAL!B99 -> camboriusc | C99: =CAL!C99 -> 2 | D99: =CAL!D99 -> 0 | E99: =CAL!J99 -> chapecoensesc | F99: =CAL!R99 -> sc1 | G99: Augusto Bauer | H99: Brusque/SC
A100: =CAL!A100 -> 46033 | B100: =CAL!B100 -> criciumasc | C100: =CAL!C100 -> 2 | D100: =CAL!D100 -> 1 | E100: =CAL!J100 -> avaisc | F100: =CAL!R100 -> sc1 | G100: Heriberto Hulse | H100: Criciúma/SC
A101: =CAL!A101 -> 46033 | B101: =CAL!B101 -> brusquesc | C101: =CAL!C101 -> 1 | D101: =CAL!D101 -> 0 | E101: =CAL!J101 -> carlosrenauxsc | F101: =CAL!R101 -> sc1
A102: =CAL!A102 -> 46033 | B102: =CAL!B102 -> americase | C102: =CAL!C102 -> 2 | D102: =CAL!D102 -> 2 | E102: =CAL!J102 -> sergipese | F102: =CAL!R102 -> se1 | G102: Durval Feitosa | H102: Propriá/SE
A103: =CAL!A103 -> 46033 | B103: =CAL!B103 -> guaranyse | C103: =CAL!C103 -> 3 | D103: =CAL!D103 -> 1 | E103: =CAL!J103 -> dorensese | F103: =CAL!R103 -> se1
A104: =CAL!A104 -> 46033 | B104: =CAL!B104 -> itabaianase | C104: =CAL!C104 -> 1 | D104: =CAL!D104 -> 0 | E104: =CAL!J104 -> gloriensese | F104: =CAL!R104 -> se1
...

Sheet ESTADIO
A1: Estadio | B1: jogos
A2: Antônio Accioly | B2: =COUNTIF(CID!G:G,A2) -> 24
A3: Rei Pelé | B3: =COUNTIF(CID!G:G,A3) -> 23
A4: Arena Condá | B4: =COUNTIF(CID!G:G,A4) -> 21
A5: Ressacada | B5: =COUNTIF(CID!G:G,A5) -> 21
A6: Couto Pereira | B6: =COUNTIF(CID!G:G,A6) -> 15
A7: Alfredo João Krieck | B7: =COUNTIF(CID!G:G,A7) -> 14
A8: Arena Joinville | B8: =COUNTIF(CID!G:G,A8) -> 13
A9: Doutor Hercílio Luz | B9: =COUNTIF(CID!G:G,A9) -> 13
A10: Presidente Vargas | B10: =COUNTIF(CID!G:G,A10) -> 11
A11: Prefeito Almir Dutra | B11: =COUNTIF(CID!G:G,A11) -> 9
A12: Estádio do Café | B12: =COUNTIF(CID!G:G,A12) -> 8
A13: Jonas Alves Ferreira Duarte | B13: =COUNTIF(CID!G:G,A13) -> 8
... A112: Arena Fonte Nova | B112: =COUNTIF(CID!G:G,A112) -> 1

Sheet CIDADE
A1: Cidade | B1: jogos
A2: Goiânia/GO | B2: =COUNTIF(CID!H:H,A2) -> 32
A3: Curitiba/PR | B3: =COUNTIF(CID!H:H,A3) -> 28
A4: Florianópolis/SC | B4: =COUNTIF(CID!H:H,A4) -> 27
A5: Maceió/AL | B5: =COUNTIF(CID!H:H,A5) -> 23
A6: Chapecó/SC | B6: =COUNTIF(CID!H:H,A6) -> 21
A7: Fortaleza/CE | B7: =COUNTIF(CID!H:H,A7) -> 18
A8: Itajaí/SC | B8: =COUNTIF(CID!H:H,A8) -> 16
A9: Londrina/PR | B9: =COUNTIF(CID!H:H,A9) -> 16
A10: Rio do Sul/SC | B10: =COUNTIF(CID!H:H,A10) -> 14
A11: Joinville/SC | B11: =COUNTIF(CID!H:H,A11) -> 13
A12: Maracanaú/CE | B12: =COUNTIF(CID!H:H,A12) -> 9
A13: Anápolis/GO | B13: =COUNTIF(CID!H:H,A13) -> 8
... A85: Bragança Paulista/SP | B85: =COUNTIF(CID!H:H,A85) -> 1
