Workbook

Sheet CAL
A1: Data | B1: Mandante | C1: GM | D1: GV | E1: pc | F1: vitc | G1: empc | H1: derc | I1: csc | J1: Visitante | K1: gc | L1: gf | M1: pf | N1: vit | O1: empf | P1: derf | Q1: csf | R1: Camp | S1: Coluna1 | T1: Coluna2 | U1: 1 | V1: 2 | W1: 3 | X1: 4 | Y1: 5 | Z1: 6 | AA1: 7 | AB1: 8 | AC1: 9 | AD1: 10 | AE1: 11 | AF1: 12
A2: 46028 | B2: maracanace | C2: 0 | D2: 1 | E2: =IF(C2="","",IF(C2>D2,3,IF(C2=D2,1,0))) -> 0 | F2: =IF(C2="","",IF(C2>D2,1,0)) -> 0 | G2: =IF(C2="","",IF(C2=D2,1,0)) -> 0 | H2: =IF(C2="","",IF(C2<D2,1,0)) -> 1 | I2: =IF(D2=0,1,0) -> 0 | J2: ferroviarioce | K2: =C2 -> 0 | L2: =D2 -> 1 | M2: =IF(D2="","",IF(D2>C2,3,IF(D2=C2,1,0))) -> 3 | N2: =IF(D2="","",IF(D2>C2,1,0)) -> 1 | O2: =IF(D2="","",IF(D2=C2,1,0)) -> 0 | P2: =IF(D2="","",IF(D2<C2,1,0)) -> 0 | Q2: =IF(K2=0,1,0) -> 1 | R2: ce1 | S2: =C2 -> 0 | T2: =D2 -> 1 | U2: 1003
A3: 46028 | B3: saojoseensepr | C3: 2 | D3: 0 | E3: =IF(C3="","",IF(C3>D3,3,0)) -> 3 | F3: =IF(C3="","",IF(C3>D3,1,0)) -> 1 | G3: =IF(C3="","",IF(C3=D3,1,0)) -> 0 | H3: =IF(C3="","",IF(C3<D3,1,0)) -> 0 | I3: =IF(D3=0,1,0) -> 1 | J3: galomaringapr | K3: =C3 -> 2 | L3: =D3 -> 0 | M3: =IF(D3="","",IF(D3>C3,3,IF(D3=C3,1,0))) -> 0 | N3: =IF(D3="","",IF(D3>C3,1,0)) -> 0 | O3: =IF(D3="","",IF(D3=C3,1,0)) -> 0 | P3: =IF(D3="","",IF(D3<C3,1,0)) -> 1 | Q3: =IF(K3=0,1,0) -> 0 | R3: pr1 | S3: =C3 -> 2 | T3: =D3 -> 0 | U3: 1001 | V3: 1002
A4: 46028 | B4: chapecoensesc | C4: 1 | D4: 1 | E4: =IF(C4="","",IF(C4>D4,3,IF(C4=D4,1,0))) -> 1 | F4: =IF(C4="","",IF(C4>D4,1,0)) -> 0 | G4: =IF(C4="","",IF(C4=D4,1,0)) -> 1 | H4: =IF(C4="","",IF(C4<D4,1,0)) -> 0 | I4: =IF(D4=0,1,0) -> 0 | J4: brusquesc | K4: =C4 -> 1 | L4: =D4 -> 1 | M4: =IF(D4="","",IF(D4>C4,3,IF(D4=C4,1,0))) -> 1 | N4: =IF(D4="","",IF(D4>C4,1,0)) -> 0 | O4: =IF(D4="","",IF(D4=C4,1,0)) -> 1 | P4: =IF(D4="","",IF(D4<C4,1,0)) -> 0 | Q4: =IF(K4=0,1,0) -> 0 | R4: sc1 | S4: =C4 -> 1 | T4: =D4 -> 1 | U4: 1004 | V4: 1005
A5: 46028 | B5: santacatarinasc | C5: 2 | D5: 2 | E5: =IF(C5="","",IF(C5>D5,3,IF(C5=D5,1,0))) -> 1 | F5: =IF(C5="","",IF(C5>D5,1,0)) -> 0 | G5: =IF(C5="","",IF(C5=D5,1,0)) -> 1 | H5: =IF(C5="","",IF(C5<D5,1,0)) -> 0 | I5: =IF(D5=0,1,0) -> 0 | J5: camboriusc | K5: =C5 -> 2 | L5: =D5 -> 2 | M5: =IF(D5="","",IF(D5>C5,3,IF(D5=C5,1,0))) -> 1 | N5: =IF(D5="","",IF(D5>C5,1,0)) -> 0 | O5: =IF(D5="","",IF(D5=C5,1,0)) -> 1 | P5: =IF(D5="","",IF(D5<C5,1,0)) -> 0 | Q5: =IF(K5=0,1,0) -> 0 | R5: sc1 | S5: =C5 -> 2 | T5: =D5 -> 2 | U5: 1006 | V5: 1006 | W5: 1007 | X5: 1008
A6: 46029 | B6: tirolce | C6: 0 | D6: 2 | E6: =IF(C6="","",IF(C6>D6,3,IF(C6=D6,1,0))) -> 0 | F6: =IF(C6="","",IF(C6>D6,1,0)) -> 0 | G6: =IF(C6="","",IF(C6=D6,1,0)) -> 0 | H6: =IF(C6="","",IF(C6<D6,1,0)) -> 1 | I6: =IF(D6=0,1,0) -> 0 | J6: florestace | K6: =C6 -> 0 | L6: =D6 -> 2 | M6: =IF(D6="","",IF(D6>C6,3,IF(D6=C6,1,0))) -> 3 | N6: =IF(D6="","",IF(D6>C6,1,0)) -> 1 | O6: =IF(D6="","",IF(D6=C6,1,0)) -> 0 | P6: =IF(D6="","",IF(D6<C6,1,0)) -> 0 | Q6: =IF(K6=0,1,0) -> 1 | R6: ce1 | S6: =C6 -> 0 | T6: =D6 -> 2 | U6: 1022 | V6: 1023
A7: 46029 | B7: horizontece | C7: 0 | D7: 0 | E7: =IF(C7="","",IF(C7>D7,3,IF(C7=D7,1,0))) -> 1 | F7: =IF(C7="","",IF(C7>D7,1,0)) -> 0 | G7: =IF(C7="","",IF(C7=D7,1,0)) -> 1 | H7: =IF(C7="","",IF(C7<D7,1,0)) -> 0 | I7: =IF(D7=0,1,0) -> 1 | J7: quixadace | K7: =C7 -> 0 | L7: =D7 -> 0 | M7: =IF(D7="","",IF(D7>C7,3,IF(D7=C7,1,0))) -> 1 | N7: =IF(D7="","",IF(D7>C7,1,0)) -> 0 | O7: =IF(D7="","",IF(D7=C7,1,0)) -> 1 | P7: =IF(D7="","",IF(D7<C7,1,0)) -> 0 | Q7: =IF(K7=0,1,0) -> 1 | R7: ce1 | S7: =C7 -> 0 | T7: =D7 -> 0
A8: 46029 | B8: londrinapr | C8: 2 | D8: 0 | E8: =IF(C8="","",IF(C8>D8,3,IF(C8=D8,1,0))) -> 3 | F8: =IF(C8="","",IF(C8>D8,1,0)) -> 1 | G8: =IF(C8="","",IF(C8=D8,1,0)) -> 0 | H8: =IF(C8="","",IF(C8<D8,1,0)) -> 0 | I8: =IF(D8=0,1,0) -> 1 | J8: operariopr | K8: =C8 -> 2 | L8: =D8 -> 0 | M8: =IF(D8="","",IF(D8>C8,3,IF(D8=C8,1,0))) -> 0 | N8: =IF(D8="","",IF(D8>C8,1,0)) -> 0 | O8: =IF(D8="","",IF(D8=C8,1,0)) -> 0 | P8: =IF(D8="","",IF(D8<C8,1,0)) -> 1 | Q8: =IF(K8=0,1,0) -> 0 | R8: pr1 | S8: =C8 -> 2 | T8: =D8 -> 0 | U8: 1009 | V8: 1010
A9: 46029 | B9: cianortepr | C9: 3 | D9: 3 | E9: =IF(C9="","",IF(C9>D9,3,IF(C9=D9,1,0))) -> 1 | F9: =IF(C9="","",IF(C9>D9,1,0)) -> 0 | G9: =IF(C9="","",IF(C9=D9,1,0)) -> 1 | H9: =IF(C9="","",IF(C9<D9,1,0)) -> 0 | I9: =IF(D9=0,1,0) -> 0 | J9: maringapr | K9: =C9 -> 3 | L9: =D9 -> 3 | M9: =IF(D9="","",IF(D9>C9,3,IF(D9=C9,1,0))) -> 1 | N9: =IF(D9="","",IF(D9>C9,1,0)) -> 0 | O9: =IF(D9="","",IF(D9=C9,1,0)) -> 1 | P9: =IF(D9="","",IF(D9<C9,1,0)) -> 0 | Q9: =IF(K9=0,1,0) -> 0 | R9: pr1 | S9: =C9 -> 3 | T9: =D9 -> 3 | U9: 1011 | V9: 1012 | W9: 1013 | X9: 1014 | Y9: 1015 | Z9: 1016
A10: 46029 | B10: coritibapr | C10: 2 | D10: 3 | E10: =IF(C10="","",IF(C10>D10,3,IF(C10=D10,1,0))) -> 0 | F10: =IF(C10="","",IF(C10>D10,1,0)) -> 0 | G10: =IF(C10="","",IF(C10=D10,1,0)) -> 0 | H10: =IF(C10="","",IF(C10<D10,1,0)) -> 1 | I10: =IF(D10=0,1,0) -> 0 | J10: fozdoiguacupr | K10: =C10 -> 2 | L10: =D10 -> 3 | M10: =IF(D10="","",IF(D10>C10,3,IF(D10=C10,1,0))) -> 3 | N10: =IF(D10="","",IF(D10>C10,1,0)) -> 1 | O10: =IF(D10="","",IF(D10=C10,1,0)) -> 0 | P10: =IF(D10="","",IF(D10<C10,1,0)) -> 0 | Q10: =IF(K10=0,1,0) -> 0 | R10: pr1 | S10: =C10 -> 2 | T10: =D10 -> 3 | U10: 1017 | V10: 1018 | W10: 1019 | X10: 1020 | Y10: 1021
A11: 46029 | B11: marciliodiassc | C11: 2 | D11: 0 | E11: =IF(C11="","",IF(C11>D11,3,IF(C11=D11,1,0))) -> 3 | F11: =IF(C11="","",IF(C11>D11,1,0)) -> 1 | G11: =IF(C11="","",IF(C11=D11,1,0)) -> 0 | H11: =IF(C11="","",IF(C11<D11,1,0)) -> 0 | I11: =IF(D11=0,1,0) -> 1 | J11: criciumasc | K11: =C11 -> 2 | L11: =D11 -> 0 | M11: =IF(D11="","",IF(D11>C11,3,IF(D11=C11,1,0))) -> 0 | N11: =IF(D11="","",IF(D11>C11,1,0)) -> 0 | O11: =IF(D11="","",IF(D11=C11,1,0)) -> 0 | P11: =IF(D11="","",IF(D11<C11,1,0)) -> 1 | Q11: =IF(K11=0,1,0) -> 0 | R11: sc1 | S11: =C11 -> 2 | T11: =D11 -> 0 | U11: 1024 | V11: 1025
A12: 46029 | B12: joinvillesc | C12: 2 | D12: 3 | E12: =IF(C12="","",IF(C12>D12,3,IF(C12=D12,1,0))) -> 0 | F12: =IF(C12="","",IF(C12>D12,1,0)) -> 0 | G12: =IF(C12="","",IF(C12=D12,1,0)) -> 0 | H12: =IF(C12="","",IF(C12<D12,1,0)) -> 1 | I12: =IF(D12=0,1,0) -> 0 | J12: figueirensesc | K12: =C12 -> 2 | L12: =D12 -> 3 | M12: =IF(D12="","",IF(D12>C12,3,IF(D12=C12,1,0))) -> 3 | N12: =IF(D12="","",IF(D12>C12,1,0)) -> 1 | O12: =IF(D12="","",IF(D12=C12,1,0)) -> 0 | P12: =IF(D12="","",IF(D12<C12,1,0)) -> 0 | Q12: =IF(K12=0,1,0) -> 0 | R12: sc1 | S12: =C12 -> 2 | T12: =D12 -> 3 | U12: 1026 | V12: 1027 | W12: 1028 | X12: 1029 | Y12: 1030
A13: 46029 | B13: avaisc | C13: 2 | D13: 1 | E13: =IF(C13="","",IF(C13>D13,3,IF(C13=D13,1,0))) -> 3 | F13: =IF(C13="","",IF(C13>D13,1,0)) -> 1 | G13: =IF(C13="","",IF(C13=D13,1,0)) -> 0 | H13: =IF(C13="","",IF(C13<D13,1,0)) -> 0 | I13: =IF(D13=0,1,0) -> 0 | J13: barrasc | K13: =C13 -> 2 | L13: =D13 -> 1 | M13: =IF(D13="","",IF(D13>C13,3,IF(D13=C13,1,0))) -> 0 | N13: =IF(D13="","",IF(D13>C13,1,0)) -> 0 | O13: =IF(D13="","",IF(D13=C13,1,0)) -> 0 | P13: =IF(D13="","",IF(D13<C13,1,0)) -> 1 | Q13: =IF(K13=0,1,0) -> 0 | R13: sc1 | S13: =C13 -> 2 | T13: =D13 -> 1 | U13: 1031 | V13: 1032 | W13: 1033
A14: 46029 | B14: vitoriaes | C14: 5 | D14: 1 | E14: =IF(C14="","",IF(C14>D14,3,IF(C14=D14,1,0))) -> 3 | F14: =IF(C14="","",IF(C14>D14,1,0)) -> 1 | G14: =IF(C14="","",IF(C14=D14,1,0)) -> 0 | H14: =IF(C14="","",IF(C14<D14,1,0)) -> 0 | I14: =IF(D14=0,1,0) -> 0 | J14: riobrancoes | K14: =C14 -> 5 | L14: =D14 -> 1 | M14: =IF(D14="","",IF(D14>C14,3,IF(D14=C14,1,0))) -> 0 | N14: =IF(D14="","",IF(D14>C14,1,0)) -> 0 | O14: =IF(D14="","",IF(D14=C14,1,0)) -> 0 | P14: =IF(D14="","",IF(D14<C14,1,0)) -> 1 | Q14: =IF(K14=0,1,0) -> 0 | R14: sces | S14: =C14 -> 5 | T14: =D14 -> 1 | U14: 1034 | V14: 1034 | W14: 1035 | X14: 1036 | Y14: 1036 | Z14: 1037
A15: 46030 | B15: iguatuce | C15: 2 | D15: 0 | E15: =IF(C15="","",IF(C15>D15,3,IF(C15=D15,1,0))) -> 3 | F15: =IF(C15="","",IF(C15>D15,1,0)) -> 1 | G15: =IF(C15="","",IF(C15=D15,1,0)) -> 0 | H15: =IF(C15="","",IF(C15<D15,1,0)) -> 0 | I15: =IF(D15=0,1,0) -> 1 | J15: maranguapece | K15: =C15 -> 2 | L15: =D15 -> 0 | M15: =IF(D15="","",IF(D15>C15,3,IF(D15=C15,1,0))) -> 0 | N15: =IF(D15="","",IF(D15>C15,1,0)) -> 0 | O15: =IF(D15="","",IF(D15=C15,1,0)) -> 0 | P15: =IF(D15="","",IF(D15<C15,1,0)) -> 1 | Q15: =IF(K15=0,1,0) -> 0 | R15: ce1 | S15: =C15 -> 2 | T15: =D15 -> 0 | U15: 1041 | V15: 1042
A16: 46030 | B16: cascavelpr | C16: 0 | D16: 0 | E16: =IF(C16="","",IF(C16>D16,3,IF(C16=D16,1,0))) -> 1 | F16: =IF(C16="","",IF(C16>D16,1,0)) -> 0 | G16: =IF(C16="","",IF(C16=D16,1,0)) -> 1 | H16: =IF(C16="","",IF(C16<D16,1,0)) -> 0 | I16: =IF(D16=0,1,0) -> 1 | J16: azurizpr | K16: =C16 -> 0 | L16: =D16 -> 0 | M16: =IF(D16="","",IF(D16>C16,3,IF(D16=C16,1,0))) -> 1 | N16: =IF(D16="","",IF(D16>C16,1,0)) -> 0 | O16: =IF(D16="","",IF(D16=C16,1,0)) -> 1 | P16: =IF(D16="","",IF(D16<C16,1,0)) -> 0 | Q16: =IF(K16=0,1,0) -> 1 | R16: pr1 | S16: =C16 -> 0 | T16: =D16 -> 0
A17: 46030 | B17: andrauspr | C17: 1 | D17: 2 | E17: =IF(C17="","",IF(C17>D17,3,IF(C17=D17,1,0))) -> 0 | F17: =IF(C17="","",IF(C17>D17,1,0)) -> 0 | G17: =IF(C17="","",IF(C17=D17,1,0)) -> 0 | H17: =IF(C17="","",IF(C17<D17,1,0)) -> 1 | I17: =IF(D17=0,1,0) -> 0 | J17: athleticopr | K17: =C17 -> 1 | L17: =D17 -> 2 | M17: =IF(D17="","",IF(D17>C17,3,IF(D17=C17,1,0))) -> 3 | N17: =IF(D17="","",IF(D17>C17,1,0)) -> 1 | O17: =IF(D17="","",IF(D17=C17,1,0)) -> 0 | P17: =IF(D17="","",IF(D17<C17,1,0)) -> 0 | Q17: =IF(K17=0,1,0) -> 0 | R17: pr1 | S17: =C17 -> 1 | T17: =D17 -> 2 | U17: 1038 | V17: 1039 | W17: 1040
A18: 46030 | B18: carlosrenauxsc | C18: 0 | D18: 1 | E18: =IF(C18="","",IF(C18>D18,3,IF(C18=D18,1,0))) -> 0 | F18: =IF(C18="","",IF(C18>D18,1,0)) -> 0 | G18: =IF(C18="","",IF(C18=D18,1,0)) -> 0 | H18: =IF(C18="","",IF(C18<D18,1,0)) -> 1 | I18: =IF(D18=0,1,0) -> 0 | J18: concordiasc | K18: =C18 -> 0 | L18: =D18 -> 1 | M18: =IF(D18="","",IF(D18>C18,3,IF(D18=C18,1,0))) -> 3 | N18: =IF(D18="","",IF(D18>C18,1,0)) -> 1 | O18: =IF(D18="","",IF(D18=C18,1,0)) -> 0 | P18: =IF(D18="","",IF(D18<C18,1,0)) -> 0 | Q18: =IF(K18=0,1,0) -> 1 | R18: sc1 | S18: =C18 -> 0 | T18: =D18 -> 1 | U18: 1043
A19: 46031 | B19: retrope | C19: 4 | D19: 0 | E19: =IF(C19="","",IF(C19>D19,3,IF(C19=D19,1,0))) -> 3 | F19: =IF(C19="","",IF(C19>D19,1,0)) -> 1 | G19: =IF(C19="","",IF(C19=D19,1,0)) -> 0 | H19: =IF(C19="","",IF(C19<D19,1,0)) -> 0 | I19: =IF(D19=0,1,0) -> 1 | J19: vitoriape | K19: =C19 -> 4 | L19: =D19 -> 0 | M19: =IF(D19="","",IF(D19>C19,3,IF(D19=C19,1,0))) -> 0 | N19: =IF(D19="","",IF(D19>C19,1,0)) -> 0 | O19: =IF(D19="","",IF(D19=C19,1,0)) -> 0 | P19: =IF(D19="","",IF(D19<C19,1,0)) -> 1 | Q19: =IF(K19=0,1,0) -> 0 | R19: pe1 | S19: =C19 -> 4 | T19: =D19 -> 0 | U19: 1044 | V19: 1045 | W19: 1046 | X19: 1047
A20: 46031 | B20: nauticope | C20: 2 | D20: 0 | E20: =IF(C20="","",IF(C20>D20,3,IF(C20=D20,1,0))) -> 3 | F20: =IF(C20="","",IF(C20>D20,1,0)) -> 1 | G20: =IF(C20="","",IF(C20=D20,1,0)) -> 0 | H20: =IF(C20="","",IF(C20<D20,1,0)) -> 0 | I20: =IF(D20=0,1,0) -> 1 | J20: maguarype | K20: =C20 -> 2 | L20: =D20 -> 0 | M20: =IF(D20="","",IF(D20>C20,3,IF(D20=C20,1,0))) -> 0 | N20: =IF(D20="","",IF(D20>C20,1,0)) -> 0 | O20: =IF(D20="","",IF(D20=C20,1,0)) -> 0 | P20: =IF(D20="","",IF(D20<C20,1,0)) -> 1 | Q20: =IF(K20=0,1,0) -> 0 | R20: pe1 | S20: =C20 -> 2 | T20: =D20 -> 0 | U20: 1048 | V20: 1048
A21: 46031 | B21: osascosp | C21: 0 | D21: 0 | E21: =IF(C21="","",IF(C21>D21,3,IF(C21=D21,1,0))) -> 1 | F21: =IF(C21="","",IF(C21>D21,1,0)) -> 0 | G21: =IF(C21="","",IF(C21=D21,1,0)) -> 1 | H21: =IF(C21="","",IF(C21<D21,1,0)) -> 0 | I21: =IF(D21=0,1,0) -> 1 | J21: ferroviariasp | K21: =C21 -> 0 | L21: =D21 -> 0 | M21: =IF(D21="","",IF(D21>C21,3,IF(D21=C21,1,0))) -> 1 | N21: =IF(D21="","",IF(D21>C21,1,0)) -> 0 | O21: =IF(D21="","",IF(D21=C21,1,0)) -> 1 | P21: =IF(D21="","",IF(D21<C21,1,0)) -> 0 | Q21: =IF(K21=0,1,0) -> 1 | R21: sp2 | S21: =C21 -> 0 | T21: =D21 -> 0
A22: 46032 | B22: crbal | C22: 1 | D22: 0 | E22: =IF(C22="","",IF(C22>D22,3,IF(C22=D22,1,0))) -> 3 | F22: =IF(C22="","",IF(C22>D22,1,0)) -> 1 | G22: =IF(C22="","",IF(C22=D22,1,0)) -> 0 | H22: =IF(C22="","",IF(C22<D22,1,0)) -> 0 | I22: =IF(D22=0,1,0) -> 1 | J22: cseal | K22: =C22 -> 1 | L22: =D22 -> 0 | M22: =IF(D22="","",IF(D22>C22,3,IF(D22=C22,1,0))) -> 0 | N22: =IF(D22="","",IF(D22>C22,1,0)) -> 0 | O22: =IF(D22="","",IF(D22=C22,1,0)) -> 0 | P22: =IF(D22="","",IF(D22<C22,1,0)) -> 1 | Q22: =IF(K22=0,1,0) -> 0 | R22: al1 | S22: =C22 -> 1 | T22: =D22 -> 0 | U22: 1093
A23: 46032 | B23: penedenseal | C23: 1 | D23: 0 | E23: =IF(C23="","",IF(C23>D23,3,IF(C23=D23,1,0))) -> 3 | F23: =IF(C23="","",IF(C23>D23,1,0)) -> 1 | G23: =IF(C23="","",IF(C23=D23,1,0)) -> 0 | H23: =IF(C23="","",IF(C23<D23,1,0)) -> 0 | I23: =IF(D23=0,1,0) -> 1 | J23: cruzeiroal | K23: =C23 -> 1 | L23: =D23 -> 0 | M23: =IF(D23="","",IF(D23>C23,3,IF(D23=C23,1,0))) -> 0 | N23: =IF(D23="","",IF(D23>C23,1,0)) -> 0 | O23: =IF(D23="","",IF(D23=C23,1,0)) -> 0 | P23: =IF(D23="","",IF(D23<C23,1,0)) -> 1 | Q23: =IF(K23=0,1,0) -> 0 | R23: al1 | S23: =C23 -> 1 | T23: =D23 -> 0 | U23: 1094
A24: 46032 | B24: asaal | C24: 0 | D24: 0 | E24: =IF(C24="","",IF(C24>D24,3,IF(C24=D24,1,0))) -> 1 | F24: =IF(C24="","",IF(C24>D24,1,0)) -> 0 | G24: =IF(C24="","",IF(C24=D24,1,0)) -> 1 | H24: =IF(C24="","",IF(C24<D24,1,0)) -> 0 | I24: =IF(D24=0,1,0) -> 1 | J24: muricial | K24: =C24 -> 0 | L24: =D24 -> 0 | M24: =IF(D24="","",IF(D24>C24,3,IF(D24=C24,1,0))) -> 1 | N24: =IF(D24="","",IF(D24>C24,1,0)) -> 0 | O24: =IF(D24="","",IF(D24=C24,1,0)) -> 1 | P24: =IF(D24="","",IF(D24<C24,1,0)) -> 0 | Q24: =IF(K24=0,1,0) -> 1 | R24: al1 | S24: =C24 -> 0 | T24: =D24 -> 0
A25: 46032 | B25: amazonasam | C25: 3 | D25: 0 | E25: =IF(C25="","",IF(C25>D25,3,IF(C25=D25,1,0))) -> 3 | F25: =IF(C25="","",IF(C25>D25,1,0)) -> 1 | G25: =IF(C25="","",IF(C25=D25,1,0)) -> 0 | H25: =IF(C25="","",IF(C25<D25,1,0)) -> 0 | I25: =IF(D25=0,1,0) -> 1 | J25: saoraimundoam | K25: =C25 -> 3 | L25: =D25 -> 0 | M25: =IF(D25="","",IF(D25>C25,3,IF(D25=C25,1,0))) -> 0 | N25: =IF(D25="","",IF(D25>C25,1,0)) -> 0 | O25: =IF(D25="","",IF(D25=C25,1,0)) -> 0 | P25: =IF(D25="","",IF(D25<C25,1,0)) -> 1 | Q25: =IF(K25=0,1,0) -> 0 | R25: am1 | S25: =C25 -> 3 | T25: =D25 -> 0 | U25: 1107 | V25: 1108 | W25: 1109
A26: 46032 | B26: vitoriaba | C26: 0 | D26: 0 | E26: =IF(C26="","",IF(C26>D26,3,IF(C26=D26,1,0))) -> 1 | F26: =IF(C26="","",IF(C26>D26,1,0)) -> 0 | G26: =IF(C26="","",IF(C26=D26,1,0)) -> 1 | H26: =IF(C26="","",IF(C26<D26,1,0)) -> 0 | I26: =IF(D26=0,1,0) -> 1 | J26: atleticoba | K26: =C26 -> 0 | L26: =D26 -> 0 | M26: =IF(D26="","",IF(D26>C26,3,IF(D26=C26,1,0))) -> 1 | N26: =IF(D26="","",IF(D26>C26,1,0)) -> 0 | O26: =IF(D26="","",IF(D26=C26,1,0)) -> 1 | P26: =IF(D26="","",IF(D26<C26,1,0)) -> 0 | Q26: =IF(K26=0,1,0) -> 1 | R26: ba1 | S26: =C26 -> 0 | T26: =D26 -> 0
A27: 46032 | B27: portoba | C27: 3 | D27: 2 | E27: =IF(C27="","",IF(C27>D27,3,IF(C27=D27,1,0))) -> 3 | F27: =IF(C27="","",IF(C27>D27,1,0)) -> 1 | G27: =IF(C27="","",IF(C27=D27,1,0)) -> 0 | H27: =IF(C27="","",IF(C27<D27,1,0)) -> 0 | I27: =IF(D27=0,1,0) -> 0 | J27: jacuipenseba | K27: =C27 -> 3 | L27: =D27 -> 2 | M27: =IF(D27="","",IF(D27>C27,3,IF(D27=C27,1,0))) -> 0 | N27: =IF(D27="","",IF(D27>C27,1,0)) -> 0 | O27: =IF(D27="","",IF(D27=C27,1,0)) -> 0 | P27: =IF(D27="","",IF(D27<C27,1,0)) -> 1 | Q27: =IF(K27=0,1,0) -> 0 | R27: ba1 | S27: =C27 -> 3 | T27: =D27 -> 2 | U27: 1084 | V27: 1085 | W27: 1086 | X27: 1087 | Y27: 1088
A28: 46032 | B28: florestace | C28: 0 | D28: 1 | E28: =IF(C28="","",IF(C28>D28,3,IF(C28=D28,1,0))) -> 0 | F28: =IF(C28="","",IF(C28>D28,1,0)) -> 0 | G28: =IF(C28="","",IF(C28=D28,1,0)) -> 0 | H28: =IF(C28="","",IF(C28<D28,1,0)) -> 1 | I28: =IF(D28=0,1,0) -> 0 | J28: cearace | K28: =C28 -> 0 | L28: =D28 -> 1 | M28: =IF(D28="","",IF(D28>C28,3,IF(D28=C28,1,0))) -> 3 | N28: =IF(D28="","",IF(D28>C28,1,0)) -> 1 | O28: =IF(D28="","",IF(D28=C28,1,0)) -> 0 | P28: =IF(D28="","",IF(D28<C28,1,0)) -> 0 | Q28: =IF(K28=0,1,0) -> 1 | R28: ce1 | S28: =C28 -> 0 | T28: =D28 -> 1 | U28: 1075
A29: 46032 | B29: quixadace | C29: 1 | D29: 0 | E29: =IF(C29="","",IF(C29>D29,3,IF(C29=D29,1,0))) -> 3 | F29: =IF(C29="","",IF(C29>D29,1,0)) -> 1 | G29: =IF(C29="","",IF(C29=D29,1,0)) -> 0 | H29: =IF(C29="","",IF(C29<D29,1,0)) -> 0 | I29: =IF(D29=0,1,0) -> 1 | J29: maracanace | K29: =C29 -> 1 | L29: =D29 -> 0 | M29: =IF(D29="","",IF(D29>C29,3,IF(D29=C29,1,0))) -> 0 | N29: =IF(D29="","",IF(D29>C29,1,0)) -> 0 | O29: =IF(D29="","",IF(D29=C29,1,0)) -> 0 | P29: =IF(D29="","",IF(D29<C29,1,0)) -> 1 | Q29: =IF(K29=0,1,0) -> 0 | R29: ce1 | S29: =C29 -> 1 | T29: =D29 -> 0 | U29: 9999
A30: 46032 | B30: paranoadf | C30: 0 | D30: 1 | E30: =IF(C30="","",IF(C30>D30,3,IF(C30=D30,1,0))) -> 0 | F30: =IF(C30="","",IF(C30>D30,1,0)) -> 0 | G30: =IF(C30="","",IF(C30=D30,1,0)) -> 0 | H30: =IF(C30="","",IF(C30<D30,1,0)) -> 1 | I30: =IF(D30=0,1,0) -> 0 | J30: arucdf | K30: =C30 -> 0 | L30: =D30 -> 1 | M30: =IF(D30="","",IF(D30>C30,3,IF(D30=C30,1,0))) -> 3 | N30: =IF(D30="","",IF(D30>C30,1,0)) -> 1 | O30: =IF(D30="","",IF(D30=C30,1,0)) -> 0 | P30: =IF(D30="","",IF(D30<C30,1,0)) -> 0 | Q30: =IF(K30=0,1,0) -> 1 | R30: df1 | S30: =C30 -> 0 | T30: =D30 -> 1 | U30: 1121
A31: 46032 | B31: brasiiliensedf | C31: 4 | D31: 0 | E31: =IF(C31="","",IF(C31>D31,3,IF(C31=D31,1,0))) -> 3 | F31: =IF(C31="","",IF(C31>D31,1,0)) -> 1 | G31: =IF(C31="","",IF(C31=D31,1,0)) -> 0 | H31: =IF(C31="","",IF(C31<D31,1,0)) -> 0 | I31: =IF(D31=0,1,0) -> 1 | J31: brasiliadf | K31: =C31 -> 4 | L31: =D31 -> 0 | M31: =IF(D31="","",IF(D31>C31,3,IF(D31=C31,1,0))) -> 0 | N31: =IF(D31="","",IF(D31>C31,1,0)) -> 0 | O31: =IF(D31="","",IF(D31=C31,1,0)) -> 0 | P31: =IF(D31="","",IF(D31<C31,1,0)) -> 1 | Q31: =IF(K31=0,1,0) -> 0 | R31: df1 | S31: =C31 -> 4 | T31: =D31 -> 0 | U31: 1122 | V31: 1123 | W31: 1124 | X31: 1125
A32: 46032 | B32: ceilandiadf | C32: 1 | D32: 1 | E32: =IF(C32="","",IF(C32>D32,3,IF(C32=D32,1,0))) -> 1 | F32: =IF(C32="","",IF(C32>D32,1,0)) -> 0 | G32: =IF(C32="","",IF(C32=D32,1,0)) -> 1 | H32: =IF(C32="","",IF(C32<D32,1,0)) -> 0 | I32: =IF(D32=0,1,0) -> 0 | J32: sobradinhodf | K32: =C32 -> 1 | L32: =D32 -> 1 | M32: =IF(D32="","",IF(D32>C32,3,IF(D32=C32,1,0))) -> 1 | N32: =IF(D32="","",IF(D32>C32,1,0)) -> 0 | O32: =IF(D32="","",IF(D32=C32,1,0)) -> 1 | P32: =IF(D32="","",IF(D32<C32,1,0)) -> 0 | Q32: =IF(K32=0,1,0) -> 0 | R32: df1 | S32: =C32 -> 1 | T32: =D32 -> 1 | U32: 1126 | V32: 1127
A33: 46032 | B33: gamadf | C33: 1 | D33: 0 | E33: =IF(C33="","",IF(C33>D33,3,IF(C33=D33,1,0))) -> 3 | F33: =IF(C33="","",IF(C33>D33,1,0)) -> 1 | G33: =IF(C33="","",IF(C33=D33,1,0)) -> 0 | H33: =IF(C33="","",IF(C33<D33,1,0)) -> 0 | I33: =IF(D33=0,1,0) -> 1 | J33: realbrasiliadf | K33: =C33 -> 1 | L33: =D33 -> 0 | M33: =IF(D33="","",IF(D33>C33,3,IF(D33=C33,1,0))) -> 0 | N33: =IF(D33="","",IF(D33>C33,1,0)) -> 0 | O33: =IF(D33="","",IF(D33=C33,1,0)) -> 0 | P33: =IF(D33="","",IF(D33<C33,1,0)) -> 1 | Q33: =IF(K33=0,1,0) -> 0 | R33: df1 | S33: =C33 -> 1 | T33: =D33 -> 0 | U33: 1128
A34: 46032 | B34: jataiensego | C34: 1 | D34: 1 | E34: =IF(C34="","",IF(C34>D34,3,IF(C34=D34,1,0))) -> 1 | F34: =IF(C34="","",IF(C34>D34,1,0)) -> 0 | G34: =IF(C34="","",IF(C34=D34,1,0)) -> 1 | H34: =IF(C34="","",IF(C34<D34,1,0)) -> 0 | I34: =IF(D34=0,1,0) -> 0 | J34: cracgo | K34: =C34 -> 1 | L34: =D34 -> 1 | M34: =IF(D34="","",IF(D34>C34,3,IF(D34=C34,1,0))) -> 1 | N34: =IF(D34="","",IF(D34>C34,1,0)) -> 0 | O34: =IF(D34="","",IF(D34=C34,1,0)) -> 1 | P34: =IF(D34="","",IF(D34<C34,1,0)) -> 0 | Q34: =IF(K34=0,1,0) -> 0 | R34: go1 | S34: =C34 -> 1 | T34: =D34 -> 1 | U34: 1076 | V34: 1077
A35: 46032 | B35: atleticogo | C35: 2 | D35: 0 | E35: =IF(C35="","",IF(C35>D35,3,IF(C35=D35,1,0))) -> 3 | F35: =IF(C35="","",IF(C35>D35,1,0)) -> 1 | G35: =IF(C35="","",IF(C35=D35,1,0)) -> 0 | H35: =IF(C35="","",IF(C35<D35,1,0)) -> 0 | I35: =IF(D35=0,1,0) -> 1 | J35: anapolisgo | K35: =C35 -> 2 | L35: =D35 -> 0 | M35: =IF(D35="","",IF(D35>C35,3,IF(D35=C35,1,0))) -> 0 | N35: =IF(D35="","",IF(D35>C35,1,0)) -> 0 | O35: =IF(D35="","",IF(D35=C35,1,0)) -> 0 | P35: =IF(D35="","",IF(D35<C35,1,0)) -> 1 | Q35: =IF(K35=0,1,0) -> 0 | R35: go1 | S35: =C35 -> 2 | T35: =D35 -> 0 | U35: 1078 | V35: 1079 | W35: 1080
A36: 46032 | B36: abecatgo | C36: 1 | D36: 2 | E36: =IF(C36="","",IF(C36>D36,3,IF(C36=D36,1,0))) -> 0 | F36: =IF(C36="","",IF(C36>D36,1,0)) -> 0 | G36: =IF(C36="","",IF(C36=D36,1,0)) -> 0 | H36: =IF(C36="","",IF(C36<D36,1,0)) -> 1 | I36: =IF(D36=0,1,0) -> 0 | J36: vilanovago | K36: =C36 -> 1 | L36: =D36 -> 2 | M36: =IF(D36="","",IF(D36>C36,3,IF(D36=C36,1,0))) -> 3 | N36: =IF(D36="","",IF(D36>C36,1,0)) -> 1 | O36: =IF(D36="","",IF(D36=C36,1,0)) -> 0 | P36: =IF(D36="","",IF(D36<C36,1,0)) -> 0 | Q36: =IF(K36=0,1,0) -> 0 | R36: go1 | S36: =C36 -> 1 | T36: =D36 -> 2 | U36: 1081 | V36: 1082
A37: 46032 | B37: imperatrizma | C37: 1 | D37: 1 | E37: =IF(C37="","",IF(C37>D37,3,IF(C37=D37,1,0))) -> 1 | F37: =IF(C37="","",IF(C37>D37,1,0)) -> 0 | G37: =IF(C37="","",IF(C37=D37,1,0)) -> 1 | H37: =IF(C37="","",IF(C37<D37,1,0)) -> 0 | I37: =IF(D37=0,1,0) -> 0 | J37: sampaiocorreama | K37: =C37 -> 1 | L37: =D37 -> 1 | M37: =IF(D37="","",IF(D37>C37,3,IF(D37=C37,1,0))) -> 1 | N37: =IF(D37="","",IF(D37>C37,1,0)) -> 0 | O37: =IF(D37="","",IF(D37=C37,1,0)) -> 1 | P37: =IF(D37="","",IF(D37<C37,1,0)) -> 0 | Q37: =IF(K37=0,1,0) -> 0 | R37: ma1 | S37: =C37 -> 1 | T37: =D37 -> 1 | U37: 1105 | V37: 1106
A38: 46032 | B38: uberlandiamg | C38: 0 | D38: 0 | E38: =IF(C38="","",IF(C38>D38,3,IF(C38=D38,1,0))) -> 1 | F38: =IF(C38="","",IF(C38>D38,1,0)) -> 0 | G38: =IF(C38="","",IF(C38=D38,1,0)) -> 1 | H38: =IF(C38="","",IF(C38<D38,1,0)) -> 0 | I38: =IF(D38=0,1,0) -> 1 | J38: tombensemg | K38: =C38 -> 0 | L38: =D38 -> 0 | M38: =IF(D38="","",IF(D38>C38,3,IF(D38=C38,1,0))) -> 1 | N38: =IF(D38="","",IF(D38>C38,1,0)) -> 0 | O38: =IF(D38="","",IF(D38=C38,1,0)) -> 1 | P38: =IF(D38="","",IF(D38<C38,1,0)) -> 0 | Q38: =IF(K38=0,1,0) -> 1 | R38: mg1 | S38: =C38 -> 0 | T38: =D38 -> 0
A39: 46032 | B39: cruzeiromg | C39: 1 | D39: 2 | E39: =IF(C39="","",IF(C39>D39,3,IF(C39=D39,1,0))) -> 0 | F39: =IF(C39="","",IF(C39>D39,1,0)) -> 0 | G39: =IF(C39="","",IF(C39=D39,1,0)) -> 0 | H39: =IF(C39="","",IF(C39<D39,1,0)) -> 1 | I39: =IF(D39=0,1,0) -> 0 | J39: pousoalegremg | K39: =C39 -> 1 | L39: =D39 -> 2 | M39: =IF(D39="","",IF(D39>C39,3,IF(D39=C39,1,0))) -> 3 | N39: =IF(D39="","",IF(D39>C39,1,0)) -> 1 | O39: =IF(D39="","",IF(D39=C39,1,0)) -> 0 | P39: =IF(D39="","",IF(D39<C39,1,0)) -> 0 | Q39: =IF(K39=0,1,0) -> 0 | R39: mg1 | S39: =C39 -> 1 | T39: =D39 -> 2 | U39: 1066 | V39: 1067 | W39: 1068
A40: 46032 | B40: itabiritomg | C40: 0 | D40: 1 | E40: =IF(C40="","",IF(C40>D40,3,IF(C40=D40,1,0))) -> 0 | F40: =IF(C40="","",IF(C40>D40,1,0)) -> 0 | G40: =IF(C40="","",IF(C40=D40,1,0)) -> 0 | H40: =IF(C40="","",IF(C40<D40,1,0)) -> 1 | I40: =IF(D40=0,1,0) -> 0 | J40: democratagvmg | K40: =C40 -> 0 | L40: =D40 -> 1 | M40: =IF(D40="","",IF(D40>C40,3,IF(D40=C40,1,0))) -> 3 | N40: =IF(D40="","",IF(D40>C40,1,0)) -> 1 | O40: =IF(D40="","",IF(D40=C40,1,0)) -> 0 | P40: =IF(D40="","",IF(D40<C40,1,0)) -> 0 | Q40: =IF(K40=0,1,0) -> 1 | R40: mg1 | S40: =C40 -> 0 | T40: =D40 -> 1 | U40: 1069
A41: 46032 | B41: urtmg | C41: 0 | D41: 0 | E41: =IF(C41="","",IF(C41>D41,3,IF(C41=D41,1,0))) -> 1 | F41: =IF(C41="","",IF(C41>D41,1,0)) -> 0 | G41: =IF(C41="","",IF(C41=D41,1,0)) -> 1 | H41: =IF(C41="","",IF(C41<D41,1,0)) -> 0 | I41: =IF(D41=0,1,0) -> 1 | J41: northmg | K41: =C41 -> 0 | L41: =D41 -> 0 | M41: =IF(D41="","",IF(D41>C41,3,IF(D41=C41,1,0))) -> 1 | N41: =IF(D41="","",IF(D41>C41,1,0)) -> 0 | O41: =IF(D41="","",IF(D41=C41,1,0)) -> 1 | P41: =IF(D41="","",IF(D41<C41,1,0)) -> 0 | Q41: =IF(K41=0,1,0) -> 1 | R41: mg1 | S41: =C41 -> 0 | T41: =D41 -> 0
A42: 46032 | B42: novamutummt | C42: 1 | D42: 1 | E42: =IF(C42="","",IF(C42>D42,3,IF(C42=D42,1,0))) -> 1 | F42: =IF(C42="","",IF(C42>D42,1,0)) -> 0 | G42: =IF(C42="","",IF(C42=D42,1,0)) -> 1 | H42: =IF(C42="","",IF(C42<D42,1,0)) -> 0 | I42: =IF(D42=0,1,0) -> 0 | J42: sportsinopmt | K42: =C42 -> 1 | L42: =D42 -> 1 | M42: =IF(D42="","",IF(D42>C42,3,IF(D42=C42,1,0))) -> 1 | N42: =IF(D42="","",IF(D42>C42,1,0)) -> 0 | O42: =IF(D42="","",IF(D42=C42,1,0)) -> 1 | P42: =IF(D42="","",IF(D42<C42,1,0)) -> 0 | Q42: =IF(K42=0,1,0) -> 0 | R42: mt1 | S42: =C42 -> 1 | T42: =D42 -> 1 | U42: 1095 | V42: 1096
A43: 46032 | B43: primaveramt | C43: 0 | D43: 0 | E43: =IF(C43="","",IF(C43>D43,3,IF(C43=D43,1,0))) -> 1 | F43: =IF(C43="","",IF(C43>D43,1,0)) -> 0 | G43: =IF(C43="","",IF(C43=D43,1,0)) -> 1 | H43: =IF(C43="","",IF(C43<D43,1,0)) -> 0 | I43: =IF(D43=0,1,0) -> 1 | J43: chapadamt | K43: =C43 -> 0 | L43: =D43 -> 0 | M43: =IF(D43="","",IF(D43>C43,3,IF(D43=C43,1,0))) -> 1 | N43: =IF(D43="","",IF(D43>C43,1,0)) -> 0 | O43: =IF(D43="","",IF(D43=C43,1,0)) -> 1 | P43: =IF(D43="","",IF(D43<C43,1,0)) -> 0 | Q43: =IF(K43=0,1,0) -> 1 | R43: mt1 | S43: =C43 -> 0 | T43: =D43 -> 0
A44: 46032 | B44: mixtomt | C44: 0 | D44: 1 | E44: =IF(C44="","",IF(C44>D44,3,IF(C44=D44,1,0))) -> 0 | F44: =IF(C44="","",IF(C44>D44,1,0)) -> 0 | G44: =IF(C44="","",IF(C44=D44,1,0)) -> 0 | H44: =IF(C44="","",IF(C44<D44,1,0)) -> 1 | I44: =IF(D44=0,1,0) -> 0 | J44: uniaomt | K44: =C44 -> 0 | L44: =D44 -> 1 | M44: =IF(D44="","",IF(D44>C44,3,IF(D44=C44,1,0))) -> 3 | N44: =IF(D44="","",IF(D44>C44,1,0)) -> 1 | O44: =IF(D44="","",IF(D44=C44,1,0)) -> 0 | P44: =IF(D44="","",IF(D44<C44,1,0)) -> 0 | Q44: =IF(K44=0,1,0) -> 1 | R44: mt1 | S44: =C44 -> 0 | T44: =D44 -> 1 | U44: 1311
A45: 46032 | B45: luverdensemt | C45: 1 | D45: 0 | E45: =IF(C45="","",IF(C45>D45,3,IF(C45=D45,1,0))) -> 3 | F45: =IF(C45="","",IF(C45>D45,1,0)) -> 1 | G45: =IF(C45="","",IF(C45=D45,1,0)) -> 0 | H45: =IF(C45="","",IF(C45<D45,1,0)) -> 0 | I45: =IF(D45=0,1,0) -> 1 | J45: cuiabamt | K45: =C45 -> 1 | L45: =D45 -> 0 | M45: =IF(D45="","",IF(D45>C45,3,IF(D45=C45,1,0))) -> 0 | N45: =IF(D45="","",IF(D45>C45,1,0)) -> 0 | O45: =IF(D45="","",IF(D45=C45,1,0)) -> 0 | P45: =IF(D45="","",IF(D45<C45,1,0)) -> 1 | Q45: =IF(K45=0,1,0) -> 0 | R45: mt1 | S45: =C45 -> 1 | T45: =D45 -> 0 | U45: 1100
A46: 46032 | B46: operariomt | C46: 2 | D46: 0 | E46: =IF(C46="","",IF(C46>D46,3,IF(C46=D46,1,0))) -> 3 | F46: =IF(C46="","",IF(C46>D46,1,0)) -> 1 | G46: =IF(C46="","",IF(C46=D46,1,0)) -> 0 | H46: =IF(C46="","",IF(C46<D46,1,0)) -> 0 | I46: =IF(D46=0,1,0) -> 1 | J46: varzeagrandemt | K46: =C46 -> 2 | L46: =D46 -> 0 | M46: =IF(D46="","",IF(D46>C46,3,IF(D46=C46,1,0))) -> 0 | N46: =IF(D46="","",IF(D46>C46,1,0)) -> 0 | O46: =IF(D46="","",IF(D46=C46,1,0)) -> 0 | P46: =IF(D46="","",IF(D46<C46,1,0)) -> 1 | Q46: =IF(K46=0,1,0) -> 0 | R46: mt1 | S46: =C46 -> 2 | T46: =D46 -> 0 | U46: 1097 | V46: 1098
A47: 46032 | B47: jaguarpe | C47: 2 | D47: 2 | E47: =IF(C47="","",IF(C47>D47,3,IF(C47=D47,1,0))) -> 1 | F47: =IF(C47="","",IF(C47>D47,1,0)) -> 0 | G47: =IF(C47="","",IF(C47=D47,1,0)) -> 1 | H47: =IF(C47="","",IF(C47<D47,1,0)) -> 0 | I47: =IF(D47=0,1,0) -> 0 | J47: sportpe | K47: =C47 -> 2 | L47: =D47 -> 2 | M47: =IF(D47="","",IF(D47>C47,3,IF(D47=C47,1,0))) -> 1 | N47: =IF(D47="","",IF(D47>C47,1,0)) -> 0 | O47: =IF(D47="","",IF(D47=C47,1,0)) -> 1 | P47: =IF(D47="","",IF(D47<C47,1,0)) -> 0 | Q47: =IF(K47=0,1,0) -> 0 | R47: pe1 | S47: =C47 -> 2 | T47: =D47 -> 2 | U47: 1089 | V47: 1090 | W47: 1091 | X47: 1092
A48: 46032 | B48: oeirensepi | C48: 1 | D48: 2 | E48: =IF(C48="","",IF(C48>D48,3,IF(C48=D48,1,0))) -> 0 | F48: =IF(C48="","",IF(C48>D48,1,0)) -> 0 | G48: =IF(C48="","",IF(C48=D48,1,0)) -> 0 | H48: =IF(C48="","",IF(C48<D48,1,0)) -> 1 | I48: =IF(D48=0,1,0) -> 0 | J48: fluminensepi | K48: =C48 -> 1 | L48: =D48 -> 2 | M48: =IF(D48="","",IF(D48>C48,3,IF(D48=C48,1,0))) -> 3 | N48: =IF(D48="","",IF(D48>C48,1,0)) -> 1 | O48: =IF(D48="","",IF(D48=C48,1,0)) -> 0 | P48: =IF(D48="","",IF(D48<C48,1,0)) -> 0 | Q48: =IF(K48=0,1,0) -> 0 | R48: pi1 | S48: =C48 -> 1 | T48: =D48 -> 2 | U48: 1117 | V48: 9999 | W48: 1119
A49: 46032 | B49: piauipi | C49: 0 | D49: 1 | E49: =IF(C49="","",IF(C49>D49,3,IF(C49=D49,1,0))) -> 0 | F49: =IF(C49="","",IF(C49>D49,1,0)) -> 0 | G49: =IF(C49="","",IF(C49=D49,1,0)) -> 0 | H49: =IF(C49="","",IF(C49<D49,1,0)) -> 1 | I49: =IF(D49=0,1,0) -> 0 | J49: altospi | K49: =C49 -> 0 | L49: =D49 -> 1 | M49: =IF(D49="","",IF(D49>C49,3,IF(D49=C49,1,0))) -> 3 | N49: =IF(D49="","",IF(D49>C49,1,0)) -> 1 | O49: =IF(D49="","",IF(D49=C49,1,0)) -> 0 | P49: =IF(D49="","",IF(D49<C49,1,0)) -> 0 | Q49: =IF(K49=0,1,0) -> 1 | R49: pi1 | S49: =C49 -> 0 | T49: =D49 -> 1 | U49: 1120
A50: 46032 | B50: operariopr | C50: 1 | D50: 1 | E50: =IF(C50="","",IF(C50>D50,3,IF(C50=D50,1,0))) -> 1 | F50: =IF(C50="","",IF(C50>D50,1,0)) -> 0 | G50: =IF(C50="","",IF(C50=D50,1,0)) -> 1 | H50: =IF(C50="","",IF(C50<D50,1,0)) -> 0 | I50: =IF(D50=0,1,0) -> 0 | J50: maringapr | K50: =C50 -> 1 | L50: =D50 -> 1 | M50: =IF(D50="","",IF(D50>C50,3,IF(D50=C50,1,0))) -> 1 | N50: =IF(D50="","",IF(D50>C50,1,0)) -> 0 | O50: =IF(D50="","",IF(D50=C50,1,0)) -> 1 | P50: =IF(D50="","",IF(D50<C50,1,0)) -> 0 | Q50: =IF(K50=0,1,0) -> 0 | R50: pr1 | S50: =C50 -> 1 | T50: =D50 -> 1 | U50: 1070 | V50: 1071
A51: 46032 | B51: coritibapr | C51: 2 | D51: 2 | E51: =IF(C51="","",IF(C51>D51,3,IF(C51=D51,1,0))) -> 1 | F51: =IF(C51="","",IF(C51>D51,1,0)) -> 0 | G51: =IF(C51="","",IF(C51=D51,1,0)) -> 1 | H51: =IF(C51="","",IF(C51<D51,1,0)) -> 0 | I51: =IF(D51=0,1,0) -> 0 | J51: londrinapr | K51: =C51 -> 2 | L51: =D51 -> 2 | M51: =IF(D51="","",IF(D51>C51,3,IF(D51=C51,1,0))) -> 1 | N51: =IF(D51="","",IF(D51>C51,1,0)) -> 0 | O51: =IF(D51="","",IF(D51=C51,1,0)) -> 1 | P51: =IF(D51="","",IF(D51<C51,1,0)) -> 0 | Q51: =IF(K51=0,1,0) -> 0 | R51: pr1 | S51: =C51 -> 2 | T51: =D51 -> 2 | U51: 1072 | V51: 1073 | W51: 1010 | X51: 1074
A52: 46032 | B52: americarn | C52: 4 | D52: 1 | E52: =IF(C52="","",IF(C52>D52,3,IF(C52=D52,1,0))) -> 3 | F52: =IF(C52="","",IF(C52>D52,1,0)) -> 1 | G52: =IF(C52="","",IF(C52=D52,1,0)) -> 0 | H52: =IF(C52="","",IF(C52<D52,1,0)) -> 0 | I52: =IF(D52=0,1,0) -> 0 | J52: potyguarrn | K52: =C52 -> 4 | L52: =D52 -> 1 | M52: =IF(D52="","",IF(D52>C52,3,IF(D52=C52,1,0))) -> 0 | N52: =IF(D52="","",IF(D52>C52,1,0)) -> 0 | O52: =IF(D52="","",IF(D52=C52,1,0)) -> 0 | P52: =IF(D52="","",IF(D52<C52,1,0)) -> 1 | Q52: =IF(K52=0,1,0) -> 0 | R52: rn1 | S52: =C52 -> 4 | T52: =D52 -> 1 | U52: 1101 | V52: 1102 | W52: 1103 | X52: 1104 | Y52: 9999
A53: 46032 | B53: juventuders | C53: 1 | D53: 1 | E53: =IF(C53="","",IF(C53>D53,3,IF(C53=D53,1,0))) -> 1 | F53: =IF(C53="","",IF(C53>D53,1,0)) -> 0 | G53: =IF(C53="","",IF(C53=D53,1,0)) -> 1 | H53: =IF(C53="","",IF(C53<D53,1,0)) -> 0 | I53: =IF(D53=0,1,0) -> 0 | J53: ypirangars | K53: =C53 -> 1 | L53: =D53 -> 1 | M53: =IF(D53="","",IF(D53>C53,3,IF(D53=C53,1,0))) -> 1 | N53: =IF(D53="","",IF(D53>C53,1,0)) -> 0 | O53: =IF(D53="","",IF(D53=C53,1,0)) -> 1 | P53: =IF(D53="","",IF(D53<C53,1,0)) -> 0 | Q53: =IF(K53=0,1,0) -> 0 | R53: rs1 | S53: =C53 -> 1 | T53: =D53 -> 1 | U53: 1058 | V53: 1059
A54: 46032 | B54: guaranyrs | C54: 1 | D54: 1 | E54: =IF(C54="","",IF(C54>D54,3,IF(C54=D54,1,0))) -> 1 | F54: =IF(C54="","",IF(C54>D54,1,0)) -> 0 | G54: =IF(C54="","",IF(C54=D54,1,0)) -> 1 | H54: =IF(C54="","",IF(C54<D54,1,0)) -> 0 | I54: =IF(D54=0,1,0) -> 0 | J54: monsoonrs | K54: =C54 -> 1 | L54: =D54 -> 1 | M54: =IF(D54="","",IF(D54>C54,3,IF(D54=C54,1,0))) -> 1 | N54: =IF(D54="","",IF(D54>C54,1,0)) -> 0 | O54: =IF(D54="","",IF(D54=C54,1,0)) -> 1 | P54: =IF(D54="","",IF(D54<C54,1,0)) -> 0 | Q54: =IF(K54=0,1,0) -> 0 | R54: rs1 | S54: =C54 -> 1 | T54: =D54 -> 1 | U54: 1060 | V54: 1061
A55: 46032 | B55: avenidars | C55: 0 | D55: 4 | E55: =IF(C55="","",IF(C55>D55,3,IF(C55=D55,1,0))) -> 0 | F55: =IF(C55="","",IF(C55>D55,1,0)) -> 0 | G55: =IF(C55="","",IF(C55=D55,1,0)) -> 0 | H55: =IF(C55="","",IF(C55<D55,1,0)) -> 1 | I55: =IF(D55=0,1,0) -> 0 | J55: gremiors | K55: =C55 -> 0 | L55: =D55 -> 4 | M55: =IF(D55="","",IF(D55>C55,3,IF(D55=C55,1,0))) -> 3 | N55: =IF(D55="","",IF(D55>C55,1,0)) -> 1 | O55: =IF(D55="","",IF(D55=C55,1,0)) -> 0 | P55: =IF(D55="","",IF(D55<C55,1,0)) -> 0 | Q55: =IF(K55=0,1,0) -> 1 | R55: rs1 | S55: =C55 -> 0 | T55: =D55 -> 4 | U55: 1062 | V55: 1063 | W55: 1064 | X55: 1065
A56: 46032 | B56: figueirensesc | C56: 1 | D56: 0 | E56: =IF(C56="","",IF(C56>D56,3,IF(C56=D56,1,0))) -> 3 | F56: =IF(C56="","",IF(C56>D56,1,0)) -> 1 | G56: =IF(C56="","",IF(C56=D56,1,0)) -> 0 | H56: =IF(C56="","",IF(C56<D56,1,0)) -> 0 | I56: =IF(D56=0,1,0) -> 1 | J56: marciliodiassc | K56: =C56 -> 1 | L56: =D56 -> 0 | M56: =IF(D56="","",IF(D56>C56,3,IF(D56=C56,1,0))) -> 0 | N56: =IF(D56="","",IF(D56>C56,1,0)) -> 0 | O56: =IF(D56="","",IF(D56=C56,1,0)) -> 0 | P56: =IF(D56="","",IF(D56<C56,1,0)) -> 1 | Q56: =IF(K56=0,1,0) -> 0 | R56: sc1 | S56: =C56 -> 1 | T56: =D56 -> 0 | U56: 1029
A57: 46032 | B57: barrasc | C57: 1 | D57: 0 | E57: =IF(C57="","",IF(C57>D57,3,IF(C57=D57,1,0))) -> 3 | F57: =IF(C57="","",IF(C57>D57,1,0)) -> 1 | G57: =IF(C57="","",IF(C57=D57,1,0)) -> 0 | H57: =IF(C57="","",IF(C57<D57,1,0)) -> 0 | I57: =IF(D57=0,1,0) -> 1 | J57: joinvillesc | K57: =C57 -> 1 | L57: =D57 -> 0 | M57: =IF(D57="","",IF(D57>C57,3,IF(D57=C57,1,0))) -> 0 | N57: =IF(D57="","",IF(D57>C57,1,0)) -> 0 | O57: =IF(D57="","",IF(D57=C57,1,0)) -> 0 | P57: =IF(D57="","",IF(D57<C57,1,0)) -> 1 | Q57: =IF(K57=0,1,0) -> 0 | R57: sc1 | S57: =C57 -> 1 | T57: =D57 -> 0 | U57: 1083
A58: 46032 | B58: desportivaaracajuse | C58: 0 | D58: 3 | E58: =IF(C58="","",IF(C58>D58,3,IF(C58=D58,1,0))) -> 0 | F58: =IF(C58="","",IF(C58>D58,1,0)) -> 0 | G58: =IF(C58="","",IF(C58=D58,1,0)) -> 0 | H58: =IF(C58="","",IF(C58<D58,1,0)) -> 1 | I58: =IF(D58=0,1,0) -> 0 | J58: confiancase | K58: =C58 -> 0 | L58: =D58 -> 3 | M58: =IF(D58="","",IF(D58>C58,3,IF(D58=C58,1,0))) -> 3 | N58: =IF(D58="","",IF(D58>C58,1,0)) -> 1 | O58: =IF(D58="","",IF(D58=C58,1,0)) -> 0 | P58: =IF(D58="","",IF(D58<C58,1,0)) -> 0 | Q58: =IF(K58=0,1,0) -> 1 | R58: se1 | S58: =C58 -> 0 | T58: =D58 -> 3 | U58: 1110 | V58: 1111 | W58: 1112
A59: 46032 | B59: lagartose | C59: 2 | D59: 2 | E59: =IF(C59="","",IF(C59>D59,3,IF(C59=D59,1,0))) -> 1 | F59: =IF(C59="","",IF(C59>D59,1,0)) -> 0 | G59: =IF(C59="","",IF(C59=D59,1,0)) -> 1 | H59: =IF(C59="","",IF(C59<D59,1,0)) -> 0 | I59: =IF(D59=0,1,0) -> 0 | J59: falconse | K59: =C59 -> 2 | L59: =D59 -> 2 | M59: =IF(D59="","",IF(D59>C59,3,IF(D59=C59,1,0))) -> 1 | N59: =IF(D59="","",IF(D59>C59,1,0)) -> 0 | O59: =IF(D59="","",IF(D59=C59,1,0)) -> 1 | P59: =IF(D59="","",IF(D59<C59,1,0)) -> 0 | Q59: =IF(K59=0,1,0) -> 0 | R59: se1 | S59: =C59 -> 2 | T59: =D59 -> 2 | U59: 1113 | V59: 1114 | W59: 1115 | X59: 1116
A60: 46032 | B60: saobernardosp | C60: 4 | D60: 0 | E60: =IF(C60="","",IF(C60>D60,3,IF(C60=D60,1,0))) -> 3 | F60: =IF(C60="","",IF(C60>D60,1,0)) -> 1 | G60: =IF(C60="","",IF(C60=D60,1,0)) -> 0 | H60: =IF(C60="","",IF(C60<D60,1,0)) -> 0 | I60: =IF(D60=0,1,0) -> 1 | J60: capivarianosp | K60: =C60 -> 4 | L60: =D60 -> 0 | M60: =IF(D60="","",IF(D60>C60,3,IF(D60=C60,1,0))) -> 0 | N60: =IF(D60="","",IF(D60>C60,1,0)) -> 0 | O60: =IF(D60="","",IF(D60=C60,1,0)) -> 0 | P60: =IF(D60="","",IF(D60<C60,1,0)) -> 1 | Q60: =IF(K60=0,1,0) -> 0 | R60: sp1 | S60: =C60 -> 4 | T60: =D60 -> 0 | U60: 1049 | V60: 1049 | W60: 1050 | X60: 1051
A61: 46032 | B61: santossp | C61: 2 | D61: 1 | E61: =IF(C61="","",IF(C61>D61,3,IF(C61=D61,1,0))) -> 3 | F61: =IF(C61="","",IF(C61>D61,1,0)) -> 1 | G61: =IF(C61="","",IF(C61=D61,1,0)) -> 0 | H61: =IF(C61="","",IF(C61<D61,1,0)) -> 0 | I61: =IF(D61=0,1,0) -> 0 | J61: novorizontinosp | K61: =C61 -> 2 | L61: =D61 -> 1 | M61: =IF(D61="","",IF(D61>C61,3,IF(D61=C61,1,0))) -> 0 | N61: =IF(D61="","",IF(D61>C61,1,0)) -> 0 | O61: =IF(D61="","",IF(D61=C61,1,0)) -> 0 | P61: =IF(D61="","",IF(D61<C61,1,0)) -> 1 | Q61: =IF(K61=0,1,0) -> 0 | R61: sp1 | S61: =C61 -> 2 | T61: =D61 -> 1 | U61: 1052 | V61: 1053 | W61: 1054
A62: 46032 | B62: guaranisp | C62: 1 | D62: 1 | E62: =IF(C62="","",IF(C62>D62,3,IF(C62=D62,1,0))) -> 1 | F62: =IF(C62="","",IF(C62>D62,1,0)) -> 0 | G62: =IF(C62="","",IF(C62=D62,1,0)) -> 1 | H62: =IF(C62="","",IF(C62<D62,1,0)) -> 0 | I62: =IF(D62=0,1,0) -> 0 | J62: primaverasp | K62: =C62 -> 1 | L62: =D62 -> 1 | M62: =IF(D62="","",IF(D62>C62,3,IF(D62=C62,1,0))) -> 1 | N62: =IF(D62="","",IF(D62>C62,1,0)) -> 0 | O62: =IF(D62="","",IF(D62=C62,1,0)) -> 1 | P62: =IF(D62="","",IF(D62<C62,1,0)) -> 0 | Q62: =IF(K62=0,1,0) -> 0 | R62: sp1 | S62: =C62 -> 1 | T62: =D62 -> 1 | U62: 1055 | V62: 1056
A63: 46032 | B63: portuguesasp | C63: 0 | D63: 1 | E63: =IF(C63="","",IF(C63>D63,3,IF(C63=D63,1,0))) -> 0 | F63: =IF(C63="","",IF(C63>D63,1,0)) -> 0 | G63: =IF(C63="","",IF(C63=D63,1,0)) -> 0 | H63: =IF(C63="","",IF(C63<D63,1,0)) -> 1 | I63: =IF(D63=0,1,0) -> 0 | J63: palmeirassp | K63: =C63 -> 0 | L63: =D63 -> 1 | M63: =IF(D63="","",IF(D63>C63,3,IF(D63=C63,1,0))) -> 3 | N63: =IF(D63="","",IF(D63>C63,1,0)) -> 1 | O63: =IF(D63="","",IF(D63=C63,1,0)) -> 0 | P63: =IF(D63="","",IF(D63<C63,1,0)) -> 0 | Q63: =IF(K63=0,1,0) -> 1 | R63: sp1 | S63: =C63 -> 0 | T63: =D63 -> 1 | U63: 1057
A64: 46032 | B64: votuporanguensesp | C64: 1 | D64: 0 | E64: =IF(C64="","",IF(C64>D64,3,IF(C64=D64,1,0))) -> 3 | F64: =IF(C64="","",IF(C64>D64,1,0)) -> 1 | G64: =IF(C64="","",IF(C64=D64,1,0)) -> 0 | H64: =IF(C64="","",IF(C64<D64,1,0)) -> 0 | I64: =IF(D64=0,1,0) -> 1 | J64: aguasantasp | K64: =C64 -> 1 | L64: =D64 -> 0 | M64: =IF(D64="","",IF(D64>C64,3,IF(D64=C64,1,0))) -> 0 | N64: =IF(D64="","",IF(D64>C64,1,0)) -> 0 | O64: =IF(D64="","",IF(D64=C64,1,0)) -> 0 | P64: =IF(D64="","",IF(D64<C64,1,0)) -> 1 | Q64: =IF(K64=0,1,0) -> 0 | R64: sp2 | S64: =C64 -> 1 | T64: =D64 -> 0 | U64: 1129
A65: 46032 | B65: gremioprudentesp | C65: 1 | D65: 1 | E65: =IF(C65="","",IF(C65>D65,3,IF(C65=D65,1,0))) -> 1 | F65: =IF(C65="","",IF(C65>D65,1,0)) -> 0 | G65: =IF(C65="","",IF(C65=D65,1,0)) -> 1 | H65: =IF(C65="","",IF(C65<D65,1,0)) -> 0 | I65: =IF(D65=0,1,0) -> 0 | J65: ituanosp | K65: =C65 -> 1 | L65: =D65 -> 1 | M65: =IF(D65="","",IF(D65>C65,3,IF(D65=C65,1,0))) -> 1 | N65: =IF(D65="","",IF(D65>C65,1,0)) -> 0 | O65: =IF(D65="","",IF(D65=C65,1,0)) -> 1 | P65: =IF(D65="","",IF(D65<C65,1,0)) -> 0 | Q65: =IF(K65=0,1,0) -> 0 | R65: sp2 | S65: =C65 -> 1 | T65: =D65 -> 1 | U65: 1130 | V65: 1131
A66: 46032 | B66: sertaozinhosp | C66: 0 | D66: 0 | E66: =IF(C66="","",IF(C66>D66,3,IF(C66=D66,1,0))) -> 1 | F66: =IF(C66="","",IF(C66>D66,1,0)) -> 0 | G66: =IF(C66="","",IF(C66=D66,1,0)) -> 1 | H66: =IF(C66="","",IF(C66<D66,1,0)) -> 0 | I66: =IF(D66=0,1,0) -> 1 | J66: taubatesp | K66: =C66 -> 0 | L66: =D66 -> 0 | M66: =IF(D66="","",IF(D66>C66,3,IF(D66=C66,1,0))) -> 1 | N66: =IF(D66="","",IF(D66>C66,1,0)) -> 0 | O66: =IF(D66="","",IF(D66=C66,1,0)) -> 1 | P66: =IF(D66="","",IF(D66<C66,1,0)) -> 0 | Q66: =IF(K66=0,1,0) -> 1 | R66: sp2 | S66: =C66 -> 0 | T66: =D66 -> 0
A67: 46033 | B67: csaal | C67: 3 | D67: 0 | E67: =IF(C67="","",IF(C67>D67,3,IF(C67=D67,1,0))) -> 3 | F67: =IF(C67="","",IF(C67>D67,1,0)) -> 1 | G67: =IF(C67="","",IF(C67=D67,1,0)) -> 0 | H67: =IF(C67="","",IF(C67<D67,1,0)) -> 0 | I67: =IF(D67=0,1,0) -> 1 | J67: coruripeal | K67: =C67 -> 3 | L67: =D67 -> 0 | M67: =IF(D67="","",IF(D67>C67,3,IF(D67=C67,1,0))) -> 0 | N67: =IF(D67="","",IF(D67>C67,1,0)) -> 0 | O67: =IF(D67="","",IF(D67=C67,1,0)) -> 0 | P67: =IF(D67="","",IF(D67<C67,1,0)) -> 1 | Q67: =IF(K67=0,1,0) -> 0 | R67: al1 | S67: =C67 -> 3 | T67: =D67 -> 0 | U67: 1178 | V67: 1179 | W67: 1180
A68: 46033 | B68: nacionalam | C68: 3 | D68: 0 | E68: =IF(C68="","",IF(C68>D68,3,IF(C68=D68,1,0))) -> 3 | F68: =IF(C68="","",IF(C68>D68,1,0)) -> 1 | G68: =IF(C68="","",IF(C68=D68,1,0)) -> 0 | H68: =IF(C68="","",IF(C68<D68,1,0)) -> 0 | I68: =IF(D68=0,1,0) -> 1 | J68: itacoatiaraam | K68: =C68 -> 3 | L68: =D68 -> 0 | M68: =IF(D68="","",IF(D68>C68,3,IF(D68=C68,1,0))) -> 0 | N68: =IF(D68="","",IF(D68>C68,1,0)) -> 0 | O68: =IF(D68="","",IF(D68=C68,1,0)) -> 0 | P68: =IF(D68="","",IF(D68<C68,1,0)) -> 1 | Q68: =IF(K68=0,1,0) -> 0 | R68: am1 | S68: =C68 -> 3 | T68: =D68 -> 0 | U68: 1188 | V68: 1189 | W68: 1190
A69: 46033 | B69: manauaraam | C69: 1 | D69: 0 | E69: =IF(C69="","",IF(C69>D69,3,IF(C69=D69,1,0))) -> 3 | F69: =IF(C69="","",IF(C69>D69,1,0)) -> 1 | G69: =IF(C69="","",IF(C69=D69,1,0)) -> 0 | H69: =IF(C69="","",IF(C69<D69,1,0)) -> 0 | I69: =IF(D69=0,1,0) -> 1 | J69: princesaam | K69: =C69 -> 1 | L69: =D69 -> 0 | M69: =IF(D69="","",IF(D69>C69,3,IF(D69=C69,1,0))) -> 0 | N69: =IF(D69="","",IF(D69>C69,1,0)) -> 0 | O69: =IF(D69="","",IF(D69=C69,1,0)) -> 0 | P69: =IF(D69="","",IF(D69<C69,1,0)) -> 1 | Q69: =IF(K69=0,1,0) -> 0 | R69: am1 | S69: =C69 -> 1 | T69: =D69 -> 0 | U69: 1191
A70: 46033 | B70: bahiaba | C70: 4 | D70: 2 | E70: =IF(C70="","",IF(C70>D70,3,IF(C70=D70,1,0))) -> 3 | F70: =IF(C70="","",IF(C70>D70,1,0)) -> 1 | G70: =IF(C70="","",IF(C70=D70,1,0)) -> 0 | H70: =IF(C70="","",IF(C70<D70,1,0)) -> 0 | I70: =IF(D70=0,1,0) -> 0 | J70: jequieba | K70: =C70 -> 4 | L70: =D70 -> 2 | M70: =IF(D70="","",IF(D70>C70,3,IF(D70=C70,1,0))) -> 0 | N70: =IF(D70="","",IF(D70>C70,1,0)) -> 0 | O70: =IF(D70="","",IF(D70=C70,1,0)) -> 0 | P70: =IF(D70="","",IF(D70<C70,1,0)) -> 1 | Q70: =IF(K70=0,1,0) -> 0 | R70: ba1 | S70: =C70 -> 4 | T70: =D70 -> 2 | U70: 1168 | V70: 1169 | W70: 1169 | X70: 1170 | Y70: 1171 | Z70: 1172
A71: 46033 | B71: juazeirenseba | C71: 0 | D71: 0 | E71: =IF(C71="","",IF(C71>D71,3,IF(C71=D71,1,0))) -> 1 | F71: =IF(C71="","",IF(C71>D71,1,0)) -> 0 | G71: =IF(C71="","",IF(C71=D71,1,0)) -> 1 | H71: =IF(C71="","",IF(C71<D71,1,0)) -> 0 | I71: =IF(D71=0,1,0) -> 1 | J71: bahiadefeiraba | K71: =C71 -> 0 | L71: =D71 -> 0 | M71: =IF(D71="","",IF(D71>C71,3,IF(D71=C71,1,0))) -> 1 | N71: =IF(D71="","",IF(D71>C71,1,0)) -> 0 | O71: =IF(D71="","",IF(D71=C71,1,0)) -> 1 | P71: =IF(D71="","",IF(D71<C71,1,0)) -> 0 | Q71: =IF(K71=0,1,0) -> 1 | R71: ba1 | S71: =C71 -> 0 | T71: =D71 -> 0
A72: 46033 | B72: barcelonaba | C72: 2 | D72: 0 | E72: =IF(C72="","",IF(C72>D72,3,IF(C72=D72,1,0))) -> 3 | F72: =IF(C72="","",IF(C72>D72,1,0)) -> 1 | G72: =IF(C72="","",IF(C72=D72,1,0)) -> 0 | H72: =IF(C72="","",IF(C72<D72,1,0)) -> 0 | I72: =IF(D72=0,1,0) -> 1 | J72: galiciaba | K72: =C72 -> 2 | L72: =D72 -> 0 | M72: =IF(D72="","",IF(D72>C72,3,IF(D72=C72,1,0))) -> 0 | N72: =IF(D72="","",IF(D72>C72,1,0)) -> 0 | O72: =IF(D72="","",IF(D72=C72,1,0)) -> 0 | P72: =IF(D72="","",IF(D72<C72,1,0)) -> 1 | Q72: =IF(K72=0,1,0) -> 0 | R72: ba1 | S72: =C72 -> 2 | T72: =D72 -> 0 | U72: 1173 | V72: 1174
A73: 46033 | B73: maranguapece | C73: 1 | D73: 0 | E73: =IF(C73="","",IF(C73>D73,3,IF(C73=D73,1,0))) -> 3 | F73: =IF(C73="","",IF(C73>D73,1,0)) -> 1 | G73: =IF(C73="","",IF(C73=D73,1,0)) -> 0 | H73: =IF(C73="","",IF(C73<D73,1,0)) -> 0 | I73: =IF(D73=0,1,0) -> 1 | J73: tirolce | K73: =C73 -> 1 | L73: =D73 -> 0 | M73: =IF(D73="","",IF(D73>C73,3,IF(D73=C73,1,0))) -> 0 | N73: =IF(D73="","",IF(D73>C73,1,0)) -> 0 | O73: =IF(D73="","",IF(D73=C73,1,0)) -> 0 | P73: =IF(D73="","",IF(D73<C73,1,0)) -> 1 | Q73: =IF(K73=0,1,0) -> 0 | R73: ce1 | S73: =C73 -> 1 | T73: =D73 -> 0 | U73: 1156
A74: 46033 | B74: ferroviarioce | C74: 0 | D74: 0 | E74: =IF(C74="","",IF(C74>D74,3,IF(C74=D74,1,0))) -> 1 | F74: =IF(C74="","",IF(C74>D74,1,0)) -> 0 | G74: =IF(C74="","",IF(C74=D74,1,0)) -> 1 | H74: =IF(C74="","",IF(C74<D74,1,0)) -> 0 | I74: =IF(D74=0,1,0) -> 1 | J74: fortalezace | K74: =C74 -> 0 | L74: =D74 -> 0 | M74: =IF(D74="","",IF(D74>C74,3,IF(D74=C74,1,0))) -> 1 | N74: =IF(D74="","",IF(D74>C74,1,0)) -> 0 | O74: =IF(D74="","",IF(D74=C74,1,0)) -> 1 | P74: =IF(D74="","",IF(D74<C74,1,0)) -> 0 | Q74: =IF(K74=0,1,0) -> 1 | R74: ce1 | S74: =C74 -> 0 | T74: =D74 -> 0
A75: 46033 | B75: capitaldf | C75: 2 | D75: 2 | E75: =IF(C75="","",IF(C75>D75,3,IF(C75=D75,1,0))) -> 1 | F75: =IF(C75="","",IF(C75>D75,1,0)) -> 0 | G75: =IF(C75="","",IF(C75=D75,1,0)) -> 1 | H75: =IF(C75="","",IF(C75<D75,1,0)) -> 0 | I75: =IF(D75=0,1,0) -> 0 | J75: samambaiadf | K75: =C75 -> 2 | L75: =D75 -> 2 | M75: =IF(D75="","",IF(D75>C75,3,IF(D75=C75,1,0))) -> 1 | N75: =IF(D75="","",IF(D75>C75,1,0)) -> 0 | O75: =IF(D75="","",IF(D75=C75,1,0)) -> 1 | P75: =IF(D75="","",IF(D75<C75,1,0)) -> 0 | Q75: =IF(K75=0,1,0) -> 0 | R75: df1 | S75: =C75 -> 2 | T75: =D75 -> 2 | U75: 1208 | V75: 1209 | W75: 2655 | X75: 2434
A76: 46033 | B76: centrooestego | C76: 0 | D76: 0 | E76: =IF(C76="","",IF(C76>D76,3,IF(C76=D76,1,0))) -> 1 | F76: =IF(C76="","",IF(C76>D76,1,0)) -> 0 | G76: =IF(C76="","",IF(C76=D76,1,0)) -> 1 | H76: =IF(C76="","",IF(C76<D76,1,0)) -> 0 | I76: =IF(D76=0,1,0) -> 1 | J76: aparecidensego | K76: =C76 -> 0 | L76: =D76 -> 0 | M76: =IF(D76="","",IF(D76>C76,3,IF(D76=C76,1,0))) -> 1 | N76: =IF(D76="","",IF(D76>C76,1,0)) -> 0 | O76: =IF(D76="","",IF(D76=C76,1,0)) -> 1 | P76: =IF(D76="","",IF(D76<C76,1,0)) -> 0 | Q76: =IF(K76=0,1,0) -> 1 | R76: go1 | S76: =C76 -> 0 | T76: =D76 -> 0
A77: 46033 | B77: goiasgo | C77: 4 | D77: 0 | E77: =IF(C77="","",IF(C77>D77,3,IF(C77=D77,1,0))) -> 3 | F77: =IF(C77="","",IF(C77>D77,1,0)) -> 1 | G77: =IF(C77="","",IF(C77=D77,1,0)) -> 0 | H77: =IF(C77="","",IF(C77<D77,1,0)) -> 0 | I77: =IF(D77=0,1,0) -> 1 | J77: goiatubago | K77: =C77 -> 4 | L77: =D77 -> 0 | M77: =IF(D77="","",IF(D77>C77,3,IF(D77=C77,1,0))) -> 0 | N77: =IF(D77="","",IF(D77>C77,1,0)) -> 0 | O77: =IF(D77="","",IF(D77=C77,1,0)) -> 0 | P77: =IF(D77="","",IF(D77<C77,1,0)) -> 1 | Q77: =IF(K77=0,1,0) -> 0 | R77: go1 | S77: =C77 -> 4 | T77: =D77 -> 0 | U77: 1157 | V77: 1158 | W77: 1159 | X77: 1160
A78: 46033 | B78: anapolinago | C78: 1 | D78: 0 | E78: =IF(C78="","",IF(C78>D78,3,IF(C78=D78,1,0))) -> 3 | F78: =IF(C78="","",IF(C78>D78,1,0)) -> 1 | G78: =IF(C78="","",IF(C78=D78,1,0)) -> 0 | H78: =IF(C78="","",IF(C78<D78,1,0)) -> 0 | I78: =IF(D78=0,1,0) -> 1 | J78: inhumasgo | K78: =C78 -> 1 | L78: =D78 -> 0 | M78: =IF(D78="","",IF(D78>C78,3,IF(D78=C78,1,0))) -> 0 | N78: =IF(D78="","",IF(D78>C78,1,0)) -> 0 | O78: =IF(D78="","",IF(D78=C78,1,0)) -> 0 | P78: =IF(D78="","",IF(D78<C78,1,0)) -> 1 | Q78: =IF(K78=0,1,0) -> 0 | R78: go1 | S78: =C78 -> 1 | T78: =D78 -> 0 | U78: 1161
A79: 46033 | B79: tuntumma | C79: 0 | D79: 2 | E79: =IF(C79="","",IF(C79>D79,3,IF(C79=D79,1,0))) -> 0 | F79: =IF(C79="","",IF(C79>D79,1,0)) -> 0 | G79: =IF(C79="","",IF(C79=D79,1,0)) -> 0 | H79: =IF(C79="","",IF(C79<D79,1,0)) -> 1 | I79: =IF(D79=0,1,0) -> 0 | J79: luminensema | K79: =C79 -> 0 | L79: =D79 -> 2 | M79: =IF(D79="","",IF(D79>C79,3,IF(D79=C79,1,0))) -> 3 | N79: =IF(D79="","",IF(D79>C79,1,0)) -> 1 | O79: =IF(D79="","",IF(D79=C79,1,0)) -> 0 | P79: =IF(D79="","",IF(D79<C79,1,0)) -> 0 | Q79: =IF(K79=0,1,0) -> 1 | R79: ma1 | S79: =C79 -> 0 | T79: =D79 -> 2 | U79: 1184 | V79: 1185
A80: 46033 | B80: maranhaoma | C80: 1 | D80: 1 | E80: =IF(C80="","",IF(C80>D80,3,IF(C80=D80,1,0))) -> 1 | F80: =IF(C80="","",IF(C80>D80,1,0)) -> 0 | G80: =IF(C80="","",IF(C80=D80,1,0)) -> 1 | H80: =IF(C80="","",IF(C80<D80,1,0)) -> 0 | I80: =IF(D80=0,1,0) -> 0 | J80: motoclubma | K80: =C80 -> 1 | L80: =D80 -> 1 | M80: =IF(D80="","",IF(D80>C80,3,IF(D80=C80,1,0))) -> 1 | N80: =IF(D80="","",IF(D80>C80,1,0)) -> 0 | O80: =IF(D80="","",IF(D80=C80,1,0)) -> 1 | P80: =IF(D80="","",IF(D80<C80,1,0)) -> 0 | Q80: =IF(K80=0,1,0) -> 0 | R80: ma1 | S80: =C80 -> 1 | T80: =D80 -> 1 | U80: 1186 | V80: 1187
A81: 46033 | B81: iapema | C81: 1 | D81: 0 | E81: =IF(C81="","",IF(C81>D81,3,IF(C81=D81,1,0))) -> 3 | F81: =IF(C81="","",IF(C81>D81,1,0)) -> 1 | G81: =IF(C81="","",IF(C81=D81,1,0)) -> 0 | H81: =IF(C81="","",IF(C81<D81,1,0)) -> 0 | I81: =IF(D81=0,1,0) -> 1 | J81: itzsportma | K81: =C81 -> 1 | L81: =D81 -> 0 | M81: =IF(D81="","",IF(D81>C81,3,IF(D81=C81,1,0))) -> 0 | N81: =IF(D81="","",IF(D81>C81,1,0)) -> 0 | O81: =IF(D81="","",IF(D81=C81,1,0)) -> 0 | P81: =IF(D81="","",IF(D81<C81,1,0)) -> 1 | Q81: =IF(K81=0,1,0) -> 0 | R81: ma1 | S81: =C81 -> 1 | T81: =D81 -> 0 | U81: 9999
A82: 46033 | B82: atleticomg | C82: 1 | D82: 1 | E82: =IF(C82="","",IF(C82>D82,3,IF(C82=D82,1,0))) -> 1 | F82: =IF(C82="","",IF(C82>D82,1,0)) -> 0 | G82: =IF(C82="","",IF(C82=D82,1,0)) -> 1 | H82: =IF(C82="","",IF(C82<D82,1,0)) -> 0 | I82: =IF(D82=0,1,0) -> 0 | J82: betimmg | K82: =C82 -> 1 | L82: =D82 -> 1 | M82: =IF(D82="","",IF(D82>C82,3,IF(D82=C82,1,0))) -> 1 | N82: =IF(D82="","",IF(D82>C82,1,0)) -> 0 | O82: =IF(D82="","",IF(D82=C82,1,0)) -> 1 | P82: =IF(D82="","",IF(D82<C82,1,0)) -> 0 | Q82: =IF(K82=0,1,0) -> 0 | R82: mg1 | S82: =C82 -> 1 | T82: =D82 -> 1 | U82: 1145 | V82: 1146
A83: 46033 | B83: americamg | C83: 3 | D83: 0 | E83: =IF(C83="","",IF(C83>D83,3,IF(C83=D83,1,0))) -> 3 | F83: =IF(C83="","",IF(C83>D83,1,0)) -> 1 | G83: =IF(C83="","",IF(C83=D83,1,0)) -> 0 | H83: =IF(C83="","",IF(C83<D83,1,0)) -> 0 | I83: =IF(D83=0,1,0) -> 1 | J83: athleticmg | K83: =C83 -> 3 | L83: =D83 -> 0 | M83: =IF(D83="","",IF(D83>C83,3,IF(D83=C83,1,0))) -> 0 | N83: =IF(D83="","",IF(D83>C83,1,0)) -> 0 | O83: =IF(D83="","",IF(D83=C83,1,0)) -> 0 | P83: =IF(D83="","",IF(D83<C83,1,0)) -> 1 | Q83: =IF(K83=0,1,0) -> 0 | R83: mg1 | S83: =C83 -> 3 | T83: =D83 -> 0 | U83: 1147 | V83: 1148 | W83: 1149
A84: 46033 | B84: santacruzpe | C84: 3 | D84: 0 | E84: =IF(C84="","",IF(C84>D84,3,IF(C84=D84,1,0))) -> 3 | F84: =IF(C84="","",IF(C84>D84,1,0)) -> 1 | G84: =IF(C84="","",IF(C84=D84,1,0)) -> 0 | H84: =IF(C84="","",IF(C84<D84,1,0)) -> 0 | I84: =IF(D84=0,1,0) -> 1 | J84: decisaope | K84: =C84 -> 3 | L84: =D84 -> 0 | M84: =IF(D84="","",IF(D84>C84,3,IF(D84=C84,1,0))) -> 0 | N84: =IF(D84="","",IF(D84>C84,1,0)) -> 0 | O84: =IF(D84="","",IF(D84=C84,1,0)) -> 0 | P84: =IF(D84="","",IF(D84<C84,1,0)) -> 1 | Q84: =IF(K84=0,1,0) -> 0 | R84: pe1 | S84: =C84 -> 3 | T84: =D84 -> 0 | U84: 1175 | V84: 1176 | W84: 9999
A85: 46033 | B85: parnahybapi | C85: 2 | D85: 2 | E85: =IF(C85="","",IF(C85>D85,3,IF(C85=D85,1,0))) -> 1 | F85: =IF(C85="","",IF(C85>D85,1,0)) -> 0 | G85: =IF(C85="","",IF(C85=D85,1,0)) -> 1 | H85: =IF(C85="","",IF(C85<D85,1,0)) -> 0 | I85: =IF(D85=0,1,0) -> 0 | J85: atleticopi | K85: =C85 -> 2 | L85: =D85 -> 2 | M85: =IF(D85="","",IF(D85>C85,3,IF(D85=C85,1,0))) -> 1 | N85: =IF(D85="","",IF(D85>C85,1,0)) -> 0 | O85: =IF(D85="","",IF(D85=C85,1,0)) -> 1 | P85: =IF(D85="","",IF(D85<C85,1,0)) -> 0 | Q85: =IF(K85=0,1,0) -> 0 | R85: pi1 | S85: =C85 -> 2 | T85: =D85 -> 2 | U85: 1201 | V85: 1202 | W85: 1203 | X85: 1204
A86: 46033 | B86: corisabbapi | C86: 1 | D86: 2 | E86: =IF(C86="","",IF(C86>D86,3,IF(C86=D86,1,0))) -> 0 | F86: =IF(C86="","",IF(C86>D86,1,0)) -> 0 | G86: =IF(C86="","",IF(C86=D86,1,0)) -> 0 | H86: =IF(C86="","",IF(C86<D86,1,0)) -> 1 | I86: =IF(D86=0,1,0) -> 0 | J86: teresinapi | K86: =C86 -> 1 | L86: =D86 -> 2 | M86: =IF(D86="","",IF(D86>C86,3,IF(D86=C86,1,0))) -> 3 | N86: =IF(D86="","",IF(D86>C86,1,0)) -> 1 | O86: =IF(D86="","",IF(D86=C86,1,0)) -> 0 | P86: =IF(D86="","",IF(D86<C86,1,0)) -> 0 | Q86: =IF(K86=0,1,0) -> 0 | R86: pi1 | S86: =C86 -> 1 | T86: =D86 -> 2 | U86: 1205 | V86: 1206 | W86: 1207
A87: 46033 | B87: fozdoiguacupr | C87: 1 | D87: 1 | E87: =IF(C87="","",IF(C87>D87,3,IF(C87=D87,1,0))) -> 1 | F87: =IF(C87="","",IF(C87>D87,1,0)) -> 0 | G87: =IF(C87="","",IF(C87=D87,1,0)) -> 1 | H87: =IF(C87="","",IF(C87<D87,1,0)) -> 0 | I87: =IF(D87=0,1,0) -> 0 | J87: azurizpr | K87: =C87 -> 1 | L87: =D87 -> 1 | M87: =IF(D87="","",IF(D87>C87,3,IF(D87=C87,1,0))) -> 1 | N87: =IF(D87="","",IF(D87>C87,1,0)) -> 0 | O87: =IF(D87="","",IF(D87=C87,1,0)) -> 1 | P87: =IF(D87="","",IF(D87<C87,1,0)) -> 0 | Q87: =IF(K87=0,1,0) -> 0 | R87: pr1 | S87: =C87 -> 1 | T87: =D87 -> 1 | U87: 1020 | V87: 1150
A88: 46033 | B88: andrauspr | C88: 2 | D88: 0 | E88: =IF(C88="","",IF(C88>D88,3,IF(C88=D88,1,0))) -> 3 | F88: =IF(C88="","",IF(C88>D88,1,0)) -> 1 | G88: =IF(C88="","",IF(C88=D88,1,0)) -> 0 | H88: =IF(C88="","",IF(C88<D88,1,0)) -> 0 | I88: =IF(D88=0,1,0) -> 1 | J88: saojoseensepr | K88: =C88 -> 2 | L88: =D88 -> 0 | M88: =IF(D88="","",IF(D88>C88,3,IF(D88=C88,1,0))) -> 0 | N88: =IF(D88="","",IF(D88>C88,1,0)) -> 0 | O88: =IF(D88="","",IF(D88=C88,1,0)) -> 0 | P88: =IF(D88="","",IF(D88<C88,1,0)) -> 1 | Q88: =IF(K88=0,1,0) -> 0 | R88: pr1 | S88: =C88 -> 2 | T88: =D88 -> 0 | U88: 1151 | V88: 1152
A89: 46033 | B89: cianortepr | C89: 1 | D89: 1 | E89: =IF(C89="","",IF(C89>D89,3,IF(C89=D89,1,0))) -> 1 | F89: =IF(C89="","",IF(C89>D89,1,0)) -> 0 | G89: =IF(C89="","",IF(C89=D89,1,0)) -> 1 | H89: =IF(C89="","",IF(C89<D89,1,0)) -> 0 | I89: =IF(D89=0,1,0) -> 0 | J89: athleticopr | K89: =C89 -> 1 | L89: =D89 -> 1 | M89: =IF(D89="","",IF(D89>C89,3,IF(D89=C89,1,0))) -> 1 | N89: =IF(D89="","",IF(D89>C89,1,0)) -> 0 | O89: =IF(D89="","",IF(D89=C89,1,0)) -> 1 | P89: =IF(D89="","",IF(D89<C89,1,0)) -> 0 | Q89: =IF(K89=0,1,0) -> 0 | R89: pr1 | S89: =C89 -> 1 | T89: =D89 -> 1 | U89: 1153 | V89: 1154
A90: 46033 | B90: galomaringapr | C90: 0 | D90: 1 | E90: =IF(C90="","",IF(C90>D90,3,IF(C90=D90,1,0))) -> 0 | F90: =IF(C90="","",IF(C90>D90,1,0)) -> 0 | G90: =IF(C90="","",IF(C90=D90,1,0)) -> 0 | H90: =IF(C90="","",IF(C90<D90,1,0)) -> 1 | I90: =IF(D90=0,1,0) -> 0 | J90: cascavelpr | K90: =C90 -> 0 | L90: =D90 -> 1 | M90: =IF(D90="","",IF(D90>C90,3,IF(D90=C90,1,0))) -> 3 | N90: =IF(D90="","",IF(D90>C90,1,0)) -> 1 | O90: =IF(D90="","",IF(D90=C90,1,0)) -> 0 | P90: =IF(D90="","",IF(D90<C90,1,0)) -> 0 | Q90: =IF(K90=0,1,0) -> 1 | R90: pr1 | S90: =C90 -> 0 | T90: =D90 -> 1 | U90: 1155
A91: 46033 | B91: flamengorj | C91: 1 | D91: 1 | E91: =IF(C91="","",IF(C91>D91,3,IF(C91=D91,1,0))) -> 1 | F91: =IF(C91="","",IF(C91>D91,1,0)) -> 0 | G91: =IF(C91="","",IF(C91=D91,1,0)) -> 1 | H91: =IF(C91="","",IF(C91<D91,1,0)) -> 0 | I91: =IF(D91=0,1,0) -> 0 | J91: portuguesarj | K91: =C91 -> 1 | L91: =D91 -> 1 | M91: =IF(D91="","",IF(D91>C91,3,IF(D91=C91,1,0))) -> 1 | N91: =IF(D91="","",IF(D91>C91,1,0)) -> 0 | O91: =IF(D91="","",IF(D91=C91,1,0)) -> 1 | P91: =IF(D91="","",IF(D91<C91,1,0)) -> 0 | Q91: =IF(K91=0,1,0) -> 0 | R91: rj1 | S91: =C91 -> 1 | T91: =D91 -> 1 | U91: 1139 | V91: 1140
A92: 46033 | B92: globorn | C92: 0 | D92: 1 | E92: =IF(C92="","",IF(C92>D92,3,IF(C92=D92,1,0))) -> 0 | F92: =IF(C92="","",IF(C92>D92,1,0)) -> 0 | G92: =IF(C92="","",IF(C92=D92,1,0)) -> 0 | H92: =IF(C92="","",IF(C92<D92,1,0)) -> 1 | I92: =IF(D92=0,1,0) -> 0 | J92: qfcrn | K92: =C92 -> 0 | L92: =D92 -> 1 | M92: =IF(D92="","",IF(D92>C92,3,IF(D92=C92,1,0))) -> 3 | N92: =IF(D92="","",IF(D92>C92,1,0)) -> 1 | O92: =IF(D92="","",IF(D92=C92,1,0)) -> 0 | P92: =IF(D92="","",IF(D92<C92,1,0)) -> 0 | Q92: =IF(K92=0,1,0) -> 1 | R92: rn1 | S92: =C92 -> 0 | T92: =D92 -> 1 | U92: 9999
A93: 46033 | B93: santacruzrn | C93: 0 | D93: 1 | E93: =IF(C93="","",IF(C93>D93,3,IF(C93=D93,1,0))) -> 0 | F93: =IF(C93="","",IF(C93>D93,1,0)) -> 0 | G93: =IF(C93="","",IF(C93=D93,1,0)) -> 0 | H93: =IF(C93="","",IF(C93<D93,1,0)) -> 1 | I93: =IF(D93=0,1,0) -> 0 | J93: potiguarrn | K93: =C93 -> 0 | L93: =D93 -> 1 | M93: =IF(D93="","",IF(D93>C93,3,IF(D93=C93,1,0))) -> 3 | N93: =IF(D93="","",IF(D93>C93,1,0)) -> 1 | O93: =IF(D93="","",IF(D93=C93,1,0)) -> 0 | P93: =IF(D93="","",IF(D93<C93,1,0)) -> 0 | Q93: =IF(K93=0,1,0) -> 1 | R93: rn1 | S93: =C93 -> 0 | T93: =D93 -> 1 | U93: 1181
A94: 46033 | B94: abcrn | C94: 2 | D94: 0 | E94: =IF(C94="","",IF(C94>D94,3,IF(C94=D94,1,0))) -> 3 | F94: =IF(C94="","",IF(C94>D94,1,0)) -> 1 | G94: =IF(C94="","",IF(C94=D94,1,0)) -> 0 | H94: =IF(C94="","",IF(C94<D94,1,0)) -> 0 | I94: =IF(D94=0,1,0) -> 1 | J94: lagunarn | K94: =C94 -> 2 | L94: =D94 -> 0 | M94: =IF(D94="","",IF(D94>C94,3,IF(D94=C94,1,0))) -> 0 | N94: =IF(D94="","",IF(D94>C94,1,0)) -> 0 | O94: =IF(D94="","",IF(D94=C94,1,0)) -> 0 | P94: =IF(D94="","",IF(D94<C94,1,0)) -> 1 | Q94: =IF(K94=0,1,0) -> 0 | R94: rn1 | S94: =C94 -> 2 | T94: =D94 -> 0 | U94: 1183 | V94: 2466
A95: 46033 | B95: saoluizrs | C95: 1 | D95: 1 | E95: =IF(C95="","",IF(C95>D95,3,IF(C95=D95,1,0))) -> 1 | F95: =IF(C95="","",IF(C95>D95,1,0)) -> 0 | G95: =IF(C95="","",IF(C95=D95,1,0)) -> 1 | H95: =IF(C95="","",IF(C95<D95,1,0)) -> 0 | I95: =IF(D95=0,1,0) -> 0 | J95: caxiasrs | K95: =C95 -> 1 | L95: =D95 -> 1 | M95: =IF(D95="","",IF(D95>C95,3,IF(D95=C95,1,0))) -> 1 | N95: =IF(D95="","",IF(D95>C95,1,0)) -> 0 | O95: =IF(D95="","",IF(D95=C95,1,0)) -> 1 | P95: =IF(D95="","",IF(D95<C95,1,0)) -> 0 | Q95: =IF(K95=0,1,0) -> 0 | R95: rs1 | S95: =C95 -> 1 | T95: =D95 -> 1 | U95: 1141 | V95: 1142
A96: 46033 | B96: internacionalrs | C96: 2 | D96: 1 | E96: =IF(C96="","",IF(C96>D96,3,IF(C96=D96,1,0))) -> 3 | F96: =IF(C96="","",IF(C96>D96,1,0)) -> 1 | G96: =IF(C96="","",IF(C96=D96,1,0)) -> 0 | H96: =IF(C96="","",IF(C96<D96,1,0)) -> 0 | I96: =IF(D96=0,1,0) -> 0 | J96: novohamburgors | K96: =C96 -> 2 | L96: =D96 -> 1 | M96: =IF(D96="","",IF(D96>C96,3,IF(D96=C96,1,0))) -> 0 | N96: =IF(D96="","",IF(D96>C96,1,0)) -> 0 | O96: =IF(D96="","",IF(D96=C96,1,0)) -> 0 | P96: =IF(D96="","",IF(D96<C96,1,0)) -> 1 | Q96: =IF(K96=0,1,0) -> 0 | R96: rs1 | S96: =C96 -> 2 | T96: =D96 -> 1 | U96: 9999 | V96: 1143 | W96: 1144
A97: 46033 | B97: saojosers | C97: 0 | D97: 0 | E97: =IF(C97="","",IF(C97>D97,3,IF(C97=D97,1,0))) -> 1 | F97: =IF(C97="","",IF(C97>D97,1,0)) -> 0 | G97: =IF(C97="","",IF(C97=D97,1,0)) -> 1 | H97: =IF(C97="","",IF(C97<D97,1,0)) -> 0 | I97: =IF(D97=0,1,0) -> 1 | J97: intersmrs | K97: =C97 -> 0 | L97: =D97 -> 0 | M97: =IF(D97="","",IF(D97>C97,3,IF(D97=C97,1,0))) -> 1 | N97: =IF(D97="","",IF(D97>C97,1,0)) -> 0 | O97: =IF(D97="","",IF(D97=C97,1,0)) -> 1 | P97: =IF(D97="","",IF(D97<C97,1,0)) -> 0 | Q97: =IF(K97=0,1,0) -> 1 | R97: rs1 | S97: =C97 -> 0 | T97: =D97 -> 0
A98: 46033 | B98: concordiasc | C98: 0 | D98: 0 | E98: =IF(C98="","",IF(C98>D98,3,IF(C98=D98,1,0))) -> 1 | F98: =IF(C98="","",IF(C98>D98,1,0)) -> 0 | G98: =IF(C98="","",IF(C98=D98,1,0)) -> 1 | H98: =IF(C98="","",IF(C98<D98,1,0)) -> 0 | I98: =IF(D98=0,1,0) -> 1 | J98: santacatarinasc | K98: =C98 -> 0 | L98: =D98 -> 0 | M98: =IF(D98="","",IF(D98>C98,3,IF(D98=C98,1,0))) -> 1 | N98: =IF(D98="","",IF(D98>C98,1,0)) -> 0 | O98: =IF(D98="","",IF(D98=C98,1,0)) -> 1 | P98: =IF(D98="","",IF(D98<C98,1,0)) -> 0 | Q98: =IF(K98=0,1,0) -> 1 | R98: sc1 | S98: =C98 -> 0 | T98: =D98 -> 0
A99: 46033 | B99: camboriusc | C99: 2 | D99: 0 | E99: =IF(C99="","",IF(C99>D99,3,IF(C99=D99,1,0))) -> 3 | F99: =IF(C99="","",IF(C99>D99,1,0)) -> 1 | G99: =IF(C99="","",IF(C99=D99,1,0)) -> 0 | H99: =IF(C99="","",IF(C99<D99,1,0)) -> 0 | I99: =IF(D99=0,1,0) -> 1 | J99: chapecoensesc | K99: =C99 -> 2 | L99: =D99 -> 0 | M99: =IF(D99="","",IF(D99>C99,3,IF(D99=C99,1,0))) -> 0 | N99: =IF(D99="","",IF(D99>C99,1,0)) -> 0 | O99: =IF(D99="","",IF(D99=C99,1,0)) -> 0 | P99: =IF(D99="","",IF(D99<C99,1,0)) -> 1 | Q99: =IF(K99=0,1,0) -> 0 | R99: sc1 | S99: =C99 -> 2 | T99: =D99 -> 0 | U99: 1162 | V99: 1163
A100: 46033 | B100: criciumasc | C100: 2 | D100: 1 | E100: =IF(C100="","",IF(C100>D100,3,IF(C100=D100,1,0))) -> 3 | F100: =IF(C100="","",IF(C100>D100,1,0)) -> 1 | G100: =IF(C100="","",IF(C100=D100,1,0)) -> 0 | H100: =IF(C100="","",IF(C100<D100,1,0)) -> 0 | I100: =IF(D100=0,1,0) -> 0 | J100: avaisc | K100: =C100 -> 2 | L100: =D100 -> 1 | M100: =IF(D100="","",IF(D100>C100,3,IF(D100=C100,1,0))) -> 0 | N100: =IF(D100="","",IF(D100>C100,1,0)) -> 0 | O100: =IF(D100="","",IF(D100=C100,1,0)) -> 0 | P100: =IF(D100="","",IF(D100<C100,1,0)) -> 1 | Q100: =IF(K100=0,1,0) -> 0 | R100: sc1 | S100: =C100 -> 2 | T100: =D100 -> 1 | U100: 9999 | V100: 1165 | W100: 1166
...

Sheet ART
A1: POS | B1: COD | C1: JOGADOR | D1: CLUBE | E1: NOME_COMPLETO | F1: NASCIMENTO | G1: NACIONALIDADE | H1: GOLS | I1: JOGOS | J1: OBSERVAÇÕES
A2: 1 | B2: 1837 | C2: Alex Choco | D2: operarioms | E2: Alex Honorio Junior | F2: 37084 | G2: brasil | H2: =COUNTIF(CAL!U:AF,B2) -> 16 | I2: 16 | J2: 15 bataguassums
A3: 2 | B3: 1304 | C3: Alex Bruno | D3: asaal | E3: Alex Bruno da Costa Lima | F3: 36167 | G3: brasil | H3: =COUNTIF(CAL!U:AF,B3) -> 13 | I3: 17
A4: 3 | B4: 1829 | C4: Vanilson | D4: gasrr | E4: Vanilson de Lima Silva | F4: 33111 | G4: brasil | H4: =COUNTIF(CAL!U:AF,B4) -> 12 | I4: 14
A5: 4 | B5: 1418 | C5: Carlos Vinicius | D5: gremiors | E5: Carlos Vinicius Alves Morais | F5: 34783 | G5: brasil | H5: =COUNTIF(CAL!U:AF,B5) -> 12 | I5: 21
A6: 5 | B6: 1623 | C6: Calleri | D6: saopaulosp | E6: Jonathan Calleri | F6: 34235 | G6: argentina | H6: =COUNTIF(CAL!U:AF,B6) -> 11 | I6: 19
A7: 6 | B7: 1733 | C7: Anselmo Ramon | D7: goiasgo | E7: Anselmo Ramon Alves Herculano | F7: 32317 | G7: brasil | H7: =COUNTIF(CAL!U:AF,B7) -> 11 | I7: 20
A8: 7 | B8: 1128 | C8: Felipe Clemente | D8: gamadf | E8: Luiz Felipe Clemente de Almeida | F8: 36328 | G8: brasil | H8: =COUNTIF(CAL!U:AF,B8) -> 10 | I8: 15
A9: 8 | B9: 1382 | C9: Mikael | D9: crbal | E9: Mikael Filipe Viana de Sousa | F9: 36308 | G9: brasil | H9: =COUNTIF(CAL!U:AF,B9) -> 10 | I9: 18
A10: 9 | B10: 1695 | C10: Mano | D10: guaporero | E10: Antonio Luis dos Santos | F10: 32312 | G10: brasil | H10: =COUNTIF(CAL!U:AF,B10) -> 10 | I10: 22
A11: 10 | B11: 1639 | C11: Ronaldo Tavares | D11: athleticmg | E11: Ronaldo Rodrigues Tavares | F11: 35633 | G11: portugal | H11: =COUNTIF(CAL!U:AF,B11) -> 9 | I11: 12
A12: 11 | B12: 1421 | C12: Kaio Jorge | D12: cruzeiromg | E12: Kaio Jorge Pinto Ramos | F12: 37280 | G12: brasil | H12: =COUNTIF(CAL!U:AF,B12) -> 9 | I12: 13
A13: 12 | B13: 1851 | C13: Lucas Lima | D13: mariliasp | E13: Lucas de Lima Maximo | F13: 35439 | G13: brasil | H13: =COUNTIF(CAL!U:AF,B13) -> 9 | I13: 13
A14: 13 | B14: 1249 | C14: Gabriel Taliari | D14: remopa | E14: Gabriel Pereira Taliari | F14: 35533 | G14: brasil | H14: =COUNTIF(CAL!U:AF,B14) -> 9 | I14: 16 | J14: 6 juventuders
A15: 14 | B15: 1079 | C15: Dellatorre | D15: vilanovago | E15: Guilherme Augusto Alves Dellatorre | F15: 33725 | G15: brasil | H15: =COUNTIF(CAL!U:AF,B15) -> 9 | I15: 17
A16: 15 | B16: 2217 | C16: Juan Palacios | D16: nacionalpr | E16: Juan Diego Palacios Ricardo | F16: 35767 | G16: colombia | H16: =COUNTIF(CAL!U:AF,B16) -> 9 | I16: 17 | J16: 8 jiparanaro
A17: 16 | B17: 1268 | C17: Bruno Santos | D17: londrinapr | E17: Bruno Santos de Oliveira | F17: 35387 | G17: brasil | H17: =COUNTIF(CAL!U:AF,B17) -> 9 | I17: 18
A18: 17 | B18: 1345 | C18: Luketa | D18: sertaozinhosp | E18: Lucas Henrique Luciano | F18: 36225 | G18: brasil | H18: =COUNTIF(CAL!U:AF,B18) -> 9 | I18: 18
A19: 18 | B19: 2373 | C19: Pedro | D19: flamengorj | E19: Pedro Guilherme Abreu dos Santos | F19: 35601 | G19: brasil | H19: =COUNTIF(CAL!U:AF,B19) -> 9 | I19: 18
A20: 19 | B20: 1411 | C20: Flaco Lopez | D20: palmeirassp | E20: Jose Manuel Alberto Lopez | F20: 36866 | G20: argentina | H20: =COUNTIF(CAL!U:AF,B20) -> 9 | I20: 20
A21: 20 | B21: 1048 | C21: Paulo Sérgio | D21: nauticope | E21: Paulo Sergio Luiz de Souza | F21: 32670 | G21: brasil | H21: =COUNTIF(CAL!U:AF,B21) -> 8 | I21: 10
A22: 21 | B22: 1909 | C22: Italo | D22: paysandupa | E22: Italo de Carvalho Rocha Lima | F22: 35376 | G22: brasil | H22: =COUNTIF(CAL!U:AF,B22) -> 8 | I22: 13
A23: 22 | B23: 1339 | C23: Macario | D23: brusquesc | E23: Matheus Moraes Macario de Souza | F23: 36967 | G23: brasil | H23: =COUNTIF(CAL!U:AF,B23) -> 8 | I23: 14 | J23: 8 taubatesp
A24: 23 | B24: 2005 | C24: Wanderson Gotinha | D24: tremap | E24: Wanderson Pinheiro Diniz | F24: 35304 | G24: brasil | H24: =COUNTIF(CAL!U:AF,B24) -> 8 | I24: 14 | J24: 2 motoclubma
A25: 24 | B25: 1036 | C25: Gustavo Tonoli | D25: vitoriaes | E25: Gustavo Rodrigues Tonoli | F25: 35690 | G25: brasil | H25: =COUNTIF(CAL!U:AF,B25) -> 8 | I25: 15
A26: 25 | B26: 1341 | C26: Juninho | D26: paysandupa | E26: José Romualdo Pedro Junior | F26: 38153 | G26: brasil | H26: =COUNTIF(CAL!U:AF,B26) -> 8 | I26: 15 | J26: 7 osascosp
A27: 26 | B27: 1182 | C27: Robson | D27: novorizontinosp | E27: Robson dos Santos Fernandes | F27: 33388 | G27: brasil | H27: =COUNTIF(CAL!U:AF,B27) -> 8 | I27: 17
A28: 27 | B28: 1982 | C28: Rafael Carioca | D28: saoraimundorr | E28: Rafael William Ribeiro Mendonça | F28: 36071 | G28: brasil | H28: =COUNTIF(CAL!U:AF,B28) -> 7 | I28: 8
A29: 28 | B29: 1171 | C29: Tiago Recife | D29: jequieba | E29: Tiago Souza de Lima | F29: 33656 | G29: brasil | H29: =COUNTIF(CAL!U:AF,B29) -> 7 | I29: 9
A30: 29 | B30: 1019 | C30: Lucas Alves | D30: figueirensesc | E30: Lucas Alves | F30: 37367 | G30: brasil | H30: =COUNTIF(CAL!U:AF,B30) -> 7 | I30: 11 | J30: 5 fozdoiguacupr
A31: 30 | B31: 2434 | C31: Vitor Xavier | D31: samambaiadf | E31: Vitor Xavier de Campos Humeni | F31: 34420 | G31: brasil | H31: =COUNTIF(CAL!U:AF,B31) -> 7 | I31: 11
A32: 31 | B32: 1014 | C32: Edison Negueba | D32: maringapr | E32: Edson Gustódio dos Santos | F32: 36823 | G32: brasil | H32: =COUNTIF(CAL!U:AF,B32) -> 7 | I32: 12
A33: 32 | B33: 2119 | C33: Everton Heleno | D33: sousapb | E33: Everton Heleno dos Santos | F33: 33202 | G33: brasil | H33: =COUNTIF(CAL!U:AF,B33) -> 7 | I33: 13 | J33: 5 campinensepb
A34: 33 | B34: 1052 | C34: Gabriel Barbosa | D34: santossp | E34: Gabriel Barbosa Almeida | F34: 35307 | G34: brasil | H34: =COUNTIF(CAL!U:AF,B34) -> 7 | I34: 13
A35: 34 | B35: 2736 | C35: Kaua Giancler | D35: taquaritingasp | E35: Kaua Giancler Machado da Silva | F35: 38051 | G35: brasil | H35: =COUNTIF(CAL!U:AF,B35) -> 7 | I35: 13
A36: 35 | B36: 2234 | C36: Matheus Lagoa | D36: anapolisgo | E36: Matheus Vinicius da Silva | F36: 35137 | G36: brasil | H36: =COUNTIF(CAL!U:AF,B36) -> 7 | I36: 13
A37: 36 | B37: 1317 | C37: Paulinho | D37: americarn | E37: Paulo Cesar de Oliveira | F37: 33805 | G37: brasil | H37: =COUNTIF(CAL!U:AF,B37) -> 7 | I37: 13 | J37: 7 qfcrn
A38: 37 | B38: 1408 | C38: Rene | D38: portuguesasp | E38: Carlos Rene de Sousa Ferreira | F38: 37901 | G38: brasil | H38: =COUNTIF(CAL!U:AF,B38) -> 7 | I38: 13
A39: 38 | B39: 1357 | C39: Carlão | D39: novorizontinosp | E39: Carlos Henrique de Moura Brito | F39: 33788 | G39: brasil | H39: =COUNTIF(CAL!U:AF,B39) -> 7 | I39: 14 | J39: 4 noroestesp
A40: 39 | B40: 2055 | C40: Daniel Cruz | D40: uniaobarbarensesp | E40: Daniel Paulo da Cruz | F40: 33027 | G40: brasil | H40: =COUNTIF(CAL!U:AF,B40) -> 7 | I40: 14
A41: 40 | B41: 1403 | C41: Patrick | D41: serraes | E41: Patrick Leonardo Carneiro da Silva | F41: 33108 | G41: brasil | H41: =COUNTIF(CAL!U:AF,B41) -> 7 | I41: 15
A42: 41 | B42: 1343 | C42: Paulo Marcelo | D42: xvdepiracicabasp | E42: Paulo Marcelo Souza Alves | F42: 34900 | G42: brasil | H42: =COUNTIF(CAL!U:AF,B42) -> 7 | I42: 15
A43: 42 | B43: 1130 | C43: Everton Kanela | D43: itabaianase | E43: Everton Silva Amaro | F43: 35076 | G43: brasil | H43: =COUNTIF(CAL!U:AF,B43) -> 7 | I43: 16 | J43: 7 gremioprudentesp
A44: 43 | B44: 3217 | C44: Rian Santana | D44: csaal | E44: Rian Bonfim de Santana | F44: 36914 | G44: brasil | H44: =COUNTIF(CAL!U:AF,B44) -> 7 | I44: 16
A45: 44 | B45: 2230 | C45: Yohan Marcellus | D45: portuguesasantistasp | E45: Yohan Marcellus Nogueira Miranda | F45: 36641 | G45: brasil | H45: =COUNTIF(CAL!U:AF,B45) -> 7 | I45: 16
A46: 45 | B46: 3034 | C46: Marcos Papa | D46: riopretosp | E46: Marcos Henrique da Silva Santos | F46: 36621 | G46: brasil | H46: =COUNTIF(CAL!U:AF,B46) -> 7 | I46: 17
A47: 46 | B47: 1244 | C47: John Kennedy | D47: fluminenserj | E47: John Kennedy Batista de Souza | F47: 37394 | G47: brasil | H47: =COUNTIF(CAL!U:AF,B47) -> 7 | I47: 19
A48: 47 | B48: 1188 | C48: Rafa Marcos | D48: nacionalam | E48: Rafael Silva Marcos | F48: 36289 | G48: brasil | H48: =COUNTIF(CAL!U:AF,B48) -> 6 | I48: 7
A49: 48 | B49: 2442 | C49: Eric Santos | D49: gasrr | E49: Eric Santos do Rosario | F49: 36579 | G49: brasil | H49: =COUNTIF(CAL!U:AF,B49) -> 6 | I49: 8
A50: 49 | B50: 1236 | C50: Gabriel Poveda | D50: remopa | E50: Gabriel Buscariol Poveda | F50: 35983 | G50: brasil | H50: =COUNTIF(CAL!U:AF,B50) -> 6 | I50: 8 | J50: 5 primaverasp
A51: 50 | B51: 3130 | C51: Iury Castilho | D51: sportpe | E51: Iury Lirio Freitas de Castilho | F51: 34948 | G51: brasil | H51: =COUNTIF(CAL!U:AF,B51) -> 6 | I51: 8
B52: 1484 | C52: Leozinho | D52: vascoac | E52: Leonardo Santos Bezerra da Silva | F52: 37379 | G52: brasil | H52: =COUNTIF(CAL!U:AF,B52) -> 6 | I52: 8
B53: 1940 | C53: Manoel | D53: atleticopi | E53: Manoel Cristiano Ribeiro Lemes | F53: 32540 | G53: brasil | H53: =COUNTIF(CAL!U:AF,B53) -> 6 | I53: 9
B54: 1826 | C54: Romarinho | D54: monteroraimarr | E54: Francisco Romario da Silva Lima | F54: 33040 | G54: brasil | H54: =COUNTIF(CAL!U:AF,B54) -> 6 | I54: 9
B55: 1271 | C55: Vina | D55: cearace | E55: Vinicius Goes Barbosa de Souza | F55: 33343 | G55: brasil | H55: =COUNTIF(CAL!U:AF,B55) -> 6 | I55: 9
B56: 1836 | C56: Vitor Ramos | D56: aguianegrams | E56: Vitor Ramos | F56: 35828 | G56: brasil | H56: =COUNTIF(CAL!U:AF,B56) -> 6 | I56: 9
B57: 1006 | C57: Alex Gonçalves | D57: santacatarinasc | E57: Alex Gonçalves dos Santos | F57: 33013 | G57: brasil | H57: =COUNTIF(CAL!U:AF,B57) -> 6 | I57: 10
B58: 3397 | C58: Jonathan Chula | D58: oratorioap | E58: Jonathan Maciel dos Anjjos | F58: 33937 | G58: brasil | H58: =COUNTIF(CAL!U:AF,B58) -> 6 | I58: 10
B59: 2556 | C59: Lohan | D59: portuguesarj | E59: Lohan dos Santos Freire | F59: 34962 | G59: brasil | H59: =COUNTIF(CAL!U:AF,B59) -> 6 | I59: 10
B60: 2452 | C60: Magno | D60: tremap | E60: Magno dos Santos Ribeiro | F60: 34272 | G60: brasil | H60: =COUNTIF(CAL!U:AF,B60) -> 6 | I60: 10
B61: 1247 | C61: Patryck Ferreira | D61: madureirarj | E61: Patryck Magalhaes Ferreira | F61: 36043 | G61: brasil | H61: =COUNTIF(CAL!U:AF,B61) -> 6 | I61: 10 | J61: 6 bangurj
B62: 1406 | C62: Romulo | D62: novorizontinosp | E62: Romulo Azevedo Simao | F62: 37171 | G62: brasil | H62: =COUNTIF(CAL!U:AF,B62) -> 6 | I62: 10
B63: 2241 | C63: Viveros | D63: athleticopr | E63: Kevin Stiven Viveros Rodallega | F63: 36642 | G63: colombia | H63: =COUNTIF(CAL!U:AF,B63) -> 6 | I63: 10
B64: 2328 | C64: Luizinho | D64: douradosms | E64: Luis Fernando Santos Silva | F64: 37046 | G64: brasil | H64: =COUNTIF(CAL!U:AF,B64) -> 6 | I64: 11
B65: 2153 | C65: Michael Paulista | D65: saojosesp | E65: Michael da Silva Alves | F65: 34465 | G65: brasil | H65: =COUNTIF(CAL!U:AF,B65) -> 6 | I65: 11
B66: 1598 | C66: Nicolas | D66: criciumasc | E66: Nicolas Godinho Johann | F66: 36437 | G66: brasil | H66: =COUNTIF(CAL!U:AF,B66) -> 6 | I66: 11
B67: 1354 | C67: Clessione | D67: saojosesp | E67: Clessione Santos Silva | F67: 34500 | G67: brasil | H67: =COUNTIF(CAL!U:AF,B67) -> 6 | I67: 12
B68: 1229 | C68: Di Maria | D68: mixtomt | E68: Jeferson Carvalho da Silva | F68: 36183 | G68: brasil | H68: =COUNTIF(CAL!U:AF,B68) -> 6 | I68: 12
B69: 2080 | C69: Fabinho | D69: monsoonrs | E69: Fabio Henrique Silva de Souza | F69: 34785 | G69: brasil | H69: =COUNTIF(CAL!U:AF,B69) -> 6 | I69: 12
B70: 1787 | C70: Gabriel Rosseto | D70: pousoalegremg | E70: Gabriel Barcelos Rossetto | F70: 36734 | G70: brasil | H70: =COUNTIF(CAL!U:AF,B70) -> 6 | I70: 12 | J70: 5 northmg
B71: 2135 | C71: JP Bardales | D71: xvdejausp | E71: João Pedro Bardales da Silva | F71: 36374 | G71: brasil | H71: =COUNTIF(CAL!U:AF,B71) -> 6 | I71: 12 | J71: 1 primaveramt / 4 santacruzac
B72: 1344 | C72: Prado | D72: sertaozinhosp | E72: Matheus Vinicius do Prado | F72: 36744 | G72: brasil | H72: =COUNTIF(CAL!U:AF,B72) -> 6 | I72: 12
B73: 1662 | C73: Renato Kayser | D73: vitoriaba | E73: Renato Kayzer de Souza | F73: 35112 | G73: brasil | H73: =COUNTIF(CAL!U:AF,B73) -> 6 | I73: 12
B74: 1234 | C74: Tiago Moura | D74: desportivaes | E74: Tiago Cardoso Moura | F74: 34215 | G74: brasil | H74: =COUNTIF(CAL!U:AF,B74) -> 6 | I74: 12
B75: 1632 | C75: Wellisson | D75: blumenausc | E75: Welisson Almeida Nunes | F75: 35255 | G75: brasil | H75: =COUNTIF(CAL!U:AF,B75) -> 6 | I75: 12 | J75: 6 avenidars
B76: 2057 | C76: Danilo | D76: botafogorj | E76: Danilo dos Santos de Oliveira | F76: 37010 | G76: brasil | H76: =COUNTIF(CAL!U:AF,B76) -> 6 | I76: 13
B77: 1795 | C77: Emerson | D77: abecatgo | E77: Emerson Eduardo dos Santos Machado | F77: 36529 | G77: brasil | H77: =COUNTIF(CAL!U:AF,B77) -> 6 | I77: 13
B78: 1561 | C78: Emerson Carioca | D78: sampaiocorreama | E78: Emerson Oliveira de Almeida | F78: 35040 | G78: brasil | H78: =COUNTIF(CAL!U:AF,B78) -> 6 | I78: 13
B79: 1986 | C79: Romario | D79: juventussp | E79: Romario Simoes de Oliveira Santos | F79: 36313 | G79: brasil | H79: =COUNTIF(CAL!U:AF,B79) -> 6 | I79: 13 | J79: 4 itabiritomg
B80: 2611 | C80: Caiuby | D80: saocaetanosp | E80: Caiuby Francisco da Silva | F80: 32338 | G80: brasil | H80: =COUNTIF(CAL!U:AF,B80) -> 6 | I80: 14
B81: 1190 | C81: Hernane Brocador | D81: nacionalam | E81: Hernane Vidas de Souza | F81: 31510 | G81: brasil | H81: =COUNTIF(CAL!U:AF,B81) -> 6 | I81: 14
B82: 1361 | C82: Leo Rafael | D82: novaiguacurj | E82: Leonardo Rafael dos Santos | F82: 37006 | G82: brasil | H82: =COUNTIF(CAL!U:AF,B82) -> 6 | I82: 14
B83: 1616 | C83: Willian Jose | D83: bahiaba | E83: Willian Jose da Silva | F83: 33565 | G83: brasil | H83: =COUNTIF(CAL!U:AF,B83) -> 6 | I83: 14
B84: 1371 | C84: Borre | D84: internacionalrs | E84: Rafael Santos Borre Amaury | F84: 34957 | G84: colombia | H84: =COUNTIF(CAL!U:AF,B84) -> 6 | I84: 15
B85: 2239 | C85: David Ribeiro | D85: xvdepiracicabasp | E85: David Ribeiro Pereira | F85: 35908 | G85: brasil | H85: =COUNTIF(CAL!U:AF,B85) -> 6 | I85: 15
B86: 1722 | C86: Everaldo | D86: bahiaba | E86: Everaldo Stum | F86: 33424 | G86: brasil | H86: =COUNTIF(CAL!U:AF,B86) -> 6 | I86: 15 | J86: 2 fluminenserj
B87: 1473 | C87: Kaua Maranhao | D87: piauipi | E87: Kauan Almeida da Costa | F87: 37988 | G87: brasil | H87: =COUNTIF(CAL!U:AF,B87) -> 6 | I87: 15
B88: 1037 | C88: Breno Melo | D88: riobrancoes | E88: Breno Ruan Melo Almeida | F88: 38469 | G88: brasil | H88: =COUNTIF(CAL!U:AF,B88) -> 6 | I88: 16
B89: 1502 | C89: Elkin Munoz | D89: juventussp | E89: Elkin Israel Munoz Calderon | F89: 38532 | G89: equador | H89: =COUNTIF(CAL!U:AF,B89) -> 6 | I89: 16
B90: 1492 | C90: Luan Viana | D90: portovelhoro | E90: Luan Viana Patrocinio | F90: 35078 | G90: brasil | H90: =COUNTIF(CAL!U:AF,B90) -> 6 | I90: 16 | J90: 2 cracgo
B91: 2365 | C91: Romarinho | D91: voltaredondarj | E91: João Pedro Rodrigues da Silva Pereira | F91: 35245 | G91: brasil | H91: =COUNTIF(CAL!U:AF,B91) -> 6 | I91: 16 | J91: 5 taubatesp
B92: 1956 | C92: Vitor Roque | D92: palmeirassp | E92: Vitor Hugo Roque Ferreira | F92: 38411 | G92: brasil | H92: =COUNTIF(CAL!U:AF,B92) -> 6 | I92: 16
B93: 1545 | C93: Douglas Baggio | D93: crbal | E93: Douglas Baggio de Oliveira Costa | F93: 34732 | G93: brasil | H93: =COUNTIF(CAL!U:AF,B93) -> 6 | I93: 19
B94: 2896 | C94: Aleilson | D94: independenteap | E94: Aleilson de Souza Rabelo | F94: 31118 | G94: brasil | H94: =COUNTIF(CAL!U:AF,B94) -> 5 | I94: 3
B95: 1222 | C95: Leo Bahia | D95: manausam | E95: Francisco Eliomar Rodrigues | F95: 33377 | G95: brasil | H95: =COUNTIF(CAL!U:AF,B95) -> 5 | I95: 3
B96: 2297 | C96: Lucas Santos | D96: zumbial | E96: Lucas dos Santos Lima | F96: 38429 | G96: brasil | H96: =COUNTIF(CAL!U:AF,B96) -> 5 | I96: 3
B97: 1635 | C97: Gabriel Moyses | D97: athleticmg | E97: Gabriel da Silva Moyses | F97: 37483 | G97: brasil | H97: =COUNTIF(CAL!U:AF,B97) -> 5 | I97: 5 | J97: 5 urtmg
B98: 2337 | C98: Thauan França | D98: itapirensesp | E98: Thauan Facundini França | F98: 33053 | G98: brasil | H98: =COUNTIF(CAL!U:AF,B98) -> 5 | I98: 5
B99: 2987 | C99: Adriel | D99: santosap | E99: Adriel Henrique Sousa Bastos | F99: 38074 | G99: brasil | H99: =COUNTIF(CAL!U:AF,B99) -> 5 | I99: 6
B100: 1453 | C100: Igor Bahia | D100: abcrn | E100: Igor Ruan Sousa dos Santos | F100: 34025 | G100: brasil | H100: =COUNTIF(CAL!U:AF,B100) -> 5 | I100: 6
...

Sheet CLA
B1: EQUIPE | C1: TIME | D1: PTS | E1: J | F1: V | G1: E | H1: D | I1: APROVEITAMENTO | J1: GOL | K1: GL | L1: SALDO | M1: MG | N1: MD | O1: CL_SH | P1: INV | Q1: VIT | R1: EMP | S1: DIVISÃO NACIONAL | T1: CIDADE | U1: UF
A2: 1 | B2: gamadf | C2: Gama-DF | D2: =SUMIF(CAL!B:E,B2,CAL!E:E)+SUMIF(CAL!J:M,B2,CAL!M:M) -> 44 | E2: =COUNTIF(CAL!B:J,B2) -> 18 | F2: =SUMIF(CAL!B:F,B2,CAL!F:F)+SUMIF(CAL!J:N,B2,CAL!N:N) -> 13 | G2: =SUMIF(CAL!B:F,B2,CAL!G:G)+SUMIF(CAL!J:N,B2,CAL!O:O) -> 5 | H2: =SUMIF(CAL!B:F,B2,CAL!H:H)+SUMIF(CAL!J:N,B2,CAL!P:P) -> 0 | I2: =IF(E2=0,0,(D2/(E2*3))) -> 0.81481481 | J2: =SUMIF(CAL!B:C,B2,CAL!C:C)+SUMIF(CAL!J:J,B2,CAL!D:D) -> 28 | K2: =SUMIF(CAL!B:D,B2,CAL!D:D)+SUMIF(CAL!J:L,B2,CAL!K:K) -> 9 | L2: =J2-K2 -> 19 | M2: =IF(E2=0,0,(J2/E2)) -> 1.5555556 | N2: =IF(E2=0,0,(K2/E2)) -> 0.5 | O2: =SUMIF(CAL!B:I,B2,CAL!I:I)+SUMIF(CAL!J:Q,B2,CAL!Q:Q) -> 10 | P2: =Q2+R2 -> 22 | Q2: 14 | R2: 8 | S2: D | T2: Parnahyba | U2: PI
A3: 2 | B3: goiasgo | C3: Goiás-GO | D3: =SUMIF(CAL!B:E,B3,CAL!E:E)+SUMIF(CAL!J:M,B3,CAL!M:M) -> 44 | E3: =COUNTIF(CAL!B:J,B3) -> 20 | F3: =SUMIF(CAL!B:F,B3,CAL!F:F)+SUMIF(CAL!J:N,B3,CAL!N:N) -> 12 | G3: =SUMIF(CAL!B:F,B3,CAL!G:G)+SUMIF(CAL!J:N,B3,CAL!O:O) -> 8 | H3: =SUMIF(CAL!B:F,B3,CAL!H:H)+SUMIF(CAL!J:N,B3,CAL!P:P) -> 0 | I3: =IF(E3=0,0,(D3/(E3*3))) -> 0.73333333 | J3: =SUMIF(CAL!B:C,B3,CAL!C:C)+SUMIF(CAL!J:J,B3,CAL!D:D) -> 36 | K3: =SUMIF(CAL!B:D,B3,CAL!D:D)+SUMIF(CAL!J:L,B3,CAL!K:K) -> 11 | L3: =J3-K3 -> 25 | M3: =IF(E3=0,0,(J3/E3)) -> 1.8 | N3: =IF(E3=0,0,(K3/E3)) -> 0.55 | O3: =SUMIF(CAL!B:I,B3,CAL!I:I)+SUMIF(CAL!J:Q,B3,CAL!Q:Q) -> 12 | P3: =Q3+R3 -> 20 | Q3: 12 | R3: 8 | S3: D | T3: Natal | U3: RN
A4: 3 | B4: operariopr | C4: Operário-PR | D4: =SUMIF(CAL!B:E,B4,CAL!E:E)+SUMIF(CAL!J:M,B4,CAL!M:M) -> 36 | E4: =COUNTIF(CAL!B:J,B4) -> 21 | F4: =SUMIF(CAL!B:F,B4,CAL!F:F)+SUMIF(CAL!J:N,B4,CAL!N:N) -> 9 | G4: =SUMIF(CAL!B:F,B4,CAL!G:G)+SUMIF(CAL!J:N,B4,CAL!O:O) -> 9 | H4: =SUMIF(CAL!B:F,B4,CAL!H:H)+SUMIF(CAL!J:N,B4,CAL!P:P) -> 3 | I4: =IF(E4=0,0,(D4/(E4*3))) -> 0.57142857 | J4: =SUMIF(CAL!B:C,B4,CAL!C:C)+SUMIF(CAL!J:J,B4,CAL!D:D) -> 21 | K4: =SUMIF(CAL!B:D,B4,CAL!D:D)+SUMIF(CAL!J:L,B4,CAL!K:K) -> 13 | L4: =J4-K4 -> 8 | M4: =IF(E4=0,0,(J4/E4)) -> 1 | N4: =IF(E4=0,0,(K4/E4)) -> 0.61904762 | O4: =SUMIF(CAL!B:I,B4,CAL!I:I)+SUMIF(CAL!J:Q,B4,CAL!Q:Q) -> 12 | P4: =Q4+R4 -> 17 | Q4: 9 | R4: 8 | S4: D | T4: Rio de Janeiro | U4: RJ
A5: 4 | B5: nacionalam | C5: Nacional-AM | D5: =SUMIF(CAL!B:E,B5,CAL!E:E)+SUMIF(CAL!J:M,B5,CAL!M:M) -> 38 | E5: =COUNTIF(CAL!B:J,B5) -> 18 | F5: =SUMIF(CAL!B:F,B5,CAL!F:F)+SUMIF(CAL!J:N,B5,CAL!N:N) -> 11 | G5: =SUMIF(CAL!B:F,B5,CAL!G:G)+SUMIF(CAL!J:N,B5,CAL!O:O) -> 5 | H5: =SUMIF(CAL!B:F,B5,CAL!H:H)+SUMIF(CAL!J:N,B5,CAL!P:P) -> 2 | I5: =IF(E5=0,0,(D5/(E5*3))) -> 0.7037037 | J5: =SUMIF(CAL!B:C,B5,CAL!C:C)+SUMIF(CAL!J:J,B5,CAL!D:D) -> 30 | K5: =SUMIF(CAL!B:D,B5,CAL!D:D)+SUMIF(CAL!J:L,B5,CAL!K:K) -> 11 | L5: =J5-K5 -> 19 | M5: =IF(E5=0,0,(J5/E5)) -> 1.6666667 | N5: =IF(E5=0,0,(K5/E5)) -> 0.61111111 | O5: =SUMIF(CAL!B:I,B5,CAL!I:I)+SUMIF(CAL!J:Q,B5,CAL!Q:Q) -> 11 | P5: =Q5+R5 -> 9 | Q5: 7 | R5: 2 | S5: D | T5: Serra Branca | U5: PB
A6: 5 | B6: Manausam | C6: Manaus-AM | D6: =SUMIF(CAL!B:E,B6,CAL!E:E)+SUMIF(CAL!J:M,B6,CAL!M:M) -> 22 | E6: =COUNTIF(CAL!B:J,B6) -> 12 | F6: =SUMIF(CAL!B:F,B6,CAL!F:F)+SUMIF(CAL!J:N,B6,CAL!N:N) -> 6 | G6: =SUMIF(CAL!B:F,B6,CAL!G:G)+SUMIF(CAL!J:N,B6,CAL!O:O) -> 4 | H6: =SUMIF(CAL!B:F,B6,CAL!H:H)+SUMIF(CAL!J:N,B6,CAL!P:P) -> 2 | I6: =IF(E6=0,0,(D6/(E6*3))) -> 0.61111111 | J6: =SUMIF(CAL!B:C,B6,CAL!C:C)+SUMIF(CAL!J:J,B6,CAL!D:D) -> 13 | K6: =SUMIF(CAL!B:D,B6,CAL!D:D)+SUMIF(CAL!J:L,B6,CAL!K:K) -> 6 | L6: =J6-K6 -> 7 | M6: =IF(E6=0,0,(J6/E6)) -> 1.0833333 | N6: =IF(E6=0,0,(K6/E6)) -> 0.5 | O6: =SUMIF(CAL!B:I,B6,CAL!I:I)+SUMIF(CAL!J:Q,B6,CAL!Q:Q) -> 7 | P6: =Q6+R6 -> 8 | Q6: 4 | R6: 4 | S6: D | T6: Sertania | U6: PE
A7: 6 | B7: athleticmg | C7: Athletic-MG | D7: =SUMIF(CAL!B:E,B7,CAL!E:E)+SUMIF(CAL!J:M,B7,CAL!M:M) -> 19 | E7: =COUNTIF(CAL!B:J,B7) -> 14 | F7: =SUMIF(CAL!B:F,B7,CAL!F:F)+SUMIF(CAL!J:N,B7,CAL!N:N) -> 4 | G7: =SUMIF(CAL!B:F,B7,CAL!G:G)+SUMIF(CAL!J:N,B7,CAL!O:O) -> 7 | H7: =SUMIF(CAL!B:F,B7,CAL!H:H)+SUMIF(CAL!J:N,B7,CAL!P:P) -> 3 | I7: =IF(E7=0,0,(D7/(E7*3))) -> 0.45238095 | J7: =SUMIF(CAL!B:C,B7,CAL!C:C)+SUMIF(CAL!J:J,B7,CAL!D:D) -> 17 | K7: =SUMIF(CAL!B:D,B7,CAL!D:D)+SUMIF(CAL!J:L,B7,CAL!K:K) -> 18 | L7: =J7-K7 -> -1 | M7: =IF(E7=0,0,(J7/E7)) -> 1.2142857 | N7: =IF(E7=0,0,(K7/E7)) -> 1.2857143 | O7: =SUMIF(CAL!B:I,B7,CAL!I:I)+SUMIF(CAL!J:Q,B7,CAL!Q:Q) -> 2 | P7: =Q7+R7 -> 8 | Q7: 3 | R7: 5 | S7: D | T7: Aracaju | U7: SE
A8: 7 | B8: operariomt | C8: CEOV Operário-MT | D8: =SUMIF(CAL!B:E,B8,CAL!E:E)+SUMIF(CAL!J:M,B8,CAL!M:M) -> 21 | E8: =COUNTIF(CAL!B:J,B8) -> 14 | F8: =SUMIF(CAL!B:F,B8,CAL!F:F)+SUMIF(CAL!J:N,B8,CAL!N:N) -> 5 | G8: =SUMIF(CAL!B:F,B8,CAL!G:G)+SUMIF(CAL!J:N,B8,CAL!O:O) -> 6 | H8: =SUMIF(CAL!B:F,B8,CAL!H:H)+SUMIF(CAL!J:N,B8,CAL!P:P) -> 3 | I8: =IF(E8=0,0,(D8/(E8*3))) -> 0.5 | J8: =SUMIF(CAL!B:C,B8,CAL!C:C)+SUMIF(CAL!J:J,B8,CAL!D:D) -> 17 | K8: =SUMIF(CAL!B:D,B8,CAL!D:D)+SUMIF(CAL!J:L,B8,CAL!K:K) -> 16 | L8: =J8-K8 -> 1 | M8: =IF(E8=0,0,(J8/E8)) -> 1.2142857 | N8: =IF(E8=0,0,(K8/E8)) -> 1.1428571 | O8: =SUMIF(CAL!B:I,B8,CAL!I:I)+SUMIF(CAL!J:Q,B8,CAL!Q:Q) -> 4 | P8: =Q8+R8 -> 8 | Q8: 2 | R8: 6 | S8: C | T8: Manaus | U8: AM
A9: 8 | B9: palmeirassp | C9: Palmeiras-SP | D9: =SUMIF(CAL!B:E,B9,CAL!E:E)+SUMIF(CAL!J:M,B9,CAL!M:M) -> 54 | E9: =COUNTIF(CAL!B:J,B9) -> 23 | F9: =SUMIF(CAL!B:F,B9,CAL!F:F)+SUMIF(CAL!J:N,B9,CAL!N:N) -> 17 | G9: =SUMIF(CAL!B:F,B9,CAL!G:G)+SUMIF(CAL!J:N,B9,CAL!O:O) -> 3 | H9: =SUMIF(CAL!B:F,B9,CAL!H:H)+SUMIF(CAL!J:N,B9,CAL!P:P) -> 3 | I9: =IF(E9=0,0,(D9/(E9*3))) -> 0.7826087 | J9: =SUMIF(CAL!B:C,B9,CAL!C:C)+SUMIF(CAL!J:J,B9,CAL!D:D) -> 39 | K9: =SUMIF(CAL!B:D,B9,CAL!D:D)+SUMIF(CAL!J:L,B9,CAL!K:K) -> 20 | L9: =J9-K9 -> 19 | M9: =IF(E9=0,0,(J9/E9)) -> 1.6956522 | N9: =IF(E9=0,0,(K9/E9)) -> 0.86956522 | O9: =SUMIF(CAL!B:I,B9,CAL!I:I)+SUMIF(CAL!J:Q,B9,CAL!Q:Q) -> 8 | P9: =Q9+R9 -> 6 | Q9: 5 | R9: 1 | S9: D | T9: Aparecida de Goiânia | U9: GO
A10: 9 | B10: sportpe | C10: Sport-PE | D10: =SUMIF(CAL!B:E,B10,CAL!E:E)+SUMIF(CAL!J:M,B10,CAL!M:M) -> 40 | E10: =COUNTIF(CAL!B:J,B10) -> 20 | F10: =SUMIF(CAL!B:F,B10,CAL!F:F)+SUMIF(CAL!J:N,B10,CAL!N:N) -> 11 | G10: =SUMIF(CAL!B:F,B10,CAL!G:G)+SUMIF(CAL!J:N,B10,CAL!O:O) -> 7 | H10: =SUMIF(CAL!B:F,B10,CAL!H:H)+SUMIF(CAL!J:N,B10,CAL!P:P) -> 2 | I10: =IF(E10=0,0,(D10/(E10*3))) -> 0.66666667 | J10: =SUMIF(CAL!B:C,B10,CAL!C:C)+SUMIF(CAL!J:J,B10,CAL!D:D) -> 36 | K10: =SUMIF(CAL!B:D,B10,CAL!D:D)+SUMIF(CAL!J:L,B10,CAL!K:K) -> 20 | L10: =J10-K10 -> 16 | M10: =IF(E10=0,0,(J10/E10)) -> 1.8 | N10: =IF(E10=0,0,(K10/E10)) -> 1 | O10: =SUMIF(CAL!B:I,B10,CAL!I:I)+SUMIF(CAL!J:Q,B10,CAL!Q:Q) -> 9 | P10: =Q10+R10 -> 6 | Q10: 4 | R10: 2 | S10: D | T10: Boa Vista | U10: RR
A11: 10 | B11: csaal | C11: CSA-AL | D11: =SUMIF(CAL!B:E,B11,CAL!E:E)+SUMIF(CAL!J:M,B11,CAL!M:M) -> 35 | E11: =COUNTIF(CAL!B:J,B11) -> 17 | F11: =SUMIF(CAL!B:F,B11,CAL!F:F)+SUMIF(CAL!J:N,B11,CAL!N:N) -> 11 | G11: =SUMIF(CAL!B:F,B11,CAL!G:G)+SUMIF(CAL!J:N,B11,CAL!O:O) -> 2 | H11: =SUMIF(CAL!B:F,B11,CAL!H:H)+SUMIF(CAL!J:N,B11,CAL!P:P) -> 4 | I11: =IF(E11=0,0,(D11/(E11*3))) -> 0.68627451 | J11: =SUMIF(CAL!B:C,B11,CAL!C:C)+SUMIF(CAL!J:J,B11,CAL!D:D) -> 32 | K11: =SUMIF(CAL!B:D,B11,CAL!D:D)+SUMIF(CAL!J:L,B11,CAL!K:K) -> 11 | L11: =J11-K11 -> 21 | M11: =IF(E11=0,0,(J11/E11)) -> 1.8823529 | N11: =IF(E11=0,0,(K11/E11)) -> 0.64705882 | O11: =SUMIF(CAL!B:I,B11,CAL!I:I)+SUMIF(CAL!J:Q,B11,CAL!Q:Q) -> 10 | P11: =Q11+R11 -> 5 | Q11: 5 | R11: 0 | S11: D | T11: Sousa | U11: PB
A12: 11 | B12: sergipese | C12: Sergipe-SE | D12: =SUMIF(CAL!B:E,B12,CAL!E:E)+SUMIF(CAL!J:M,B12,CAL!M:M) -> 27 | E12: =COUNTIF(CAL!B:J,B12) -> 14 | F12: =SUMIF(CAL!B:F,B12,CAL!F:F)+SUMIF(CAL!J:N,B12,CAL!N:N) -> 7 | G12: =SUMIF(CAL!B:F,B12,CAL!G:G)+SUMIF(CAL!J:N,B12,CAL!O:O) -> 6 | H12: =SUMIF(CAL!B:F,B12,CAL!H:H)+SUMIF(CAL!J:N,B12,CAL!P:P) -> 1 | I12: =IF(E12=0,0,(D12/(E12*3))) -> 0.64285714 | J12: =SUMIF(CAL!B:C,B12,CAL!C:C)+SUMIF(CAL!J:J,B12,CAL!D:D) -> 18 | K12: =SUMIF(CAL!B:D,B12,CAL!D:D)+SUMIF(CAL!J:L,B12,CAL!K:K) -> 10 | L12: =J12-K12 -> 8 | M12: =IF(E12=0,0,(J12/E12)) -> 1.2857143 | N12: =IF(E12=0,0,(K12/E12)) -> 0.71428571 | O12: =SUMIF(CAL!B:I,B12,CAL!I:I)+SUMIF(CAL!J:Q,B12,CAL!Q:Q) -> 5 | P12: =Q12+R12 -> 5 | Q12: 1 | R12: 4 | S12: B | T12: Caxias do Sul | U12: RS
A13: 12 | B13: portovelhoro | C13: Porto Velho-RO | D13: =SUMIF(CAL!B:E,B13,CAL!E:E)+SUMIF(CAL!J:M,B13,CAL!M:M) -> 40 | E13: =COUNTIF(CAL!B:J,B13) -> 20 | F13: =SUMIF(CAL!B:F,B13,CAL!F:F)+SUMIF(CAL!J:N,B13,CAL!N:N) -> 12 | G13: =SUMIF(CAL!B:F,B13,CAL!G:G)+SUMIF(CAL!J:N,B13,CAL!O:O) -> 4 | H13: =SUMIF(CAL!B:F,B13,CAL!H:H)+SUMIF(CAL!J:N,B13,CAL!P:P) -> 4 | I13: =IF(E13=0,0,(D13/(E13*3))) -> 0.66666667 | J13: =SUMIF(CAL!B:C,B13,CAL!C:C)+SUMIF(CAL!J:J,B13,CAL!D:D) -> 38 | K13: =SUMIF(CAL!B:D,B13,CAL!D:D)+SUMIF(CAL!J:L,B13,CAL!K:K) -> 18 | L13: =J13-K13 -> 20 | M13: =IF(E13=0,0,(J13/E13)) -> 1.9 | N13: =IF(E13=0,0,(K13/E13)) -> 0.9 | O13: =SUMIF(CAL!B:I,B13,CAL!I:I)+SUMIF(CAL!J:Q,B13,CAL!Q:Q) -> 6 | P13: =Q13+R13 -> 4 | Q13: 4 | R13: 0 | S13: C | T13: João Pessoa | U13: PB
... A157: 156 | B157: vitoriaes | C157: Vitória-ES | D157: =SUMIF(CAL!B:E,B157,CAL!E:E)+SUMIF(CAL!J:M,B157,CAL!M:M) -> 30 | E157: =COUNTIF(CAL!B:J,B157) -> 15 | F157: =SUMIF(CAL!B:F,B157,CAL!F:F)+SUMIF(CAL!J:N,B157,CAL!N:N) -> 9 | G157: =SUMIF(CAL!B:F,B157,CAL!G:G)+SUMIF(CAL!J:N,B157,CAL!O:O) -> 3 | H157: =SUMIF(CAL!B:F,B157,CAL!H:H)+SUMIF(CAL!J:N,B157,CAL!P:P) -> 3 | I157: =IF(E157=0,0,(D157/(E157*3))) -> 0.66666667 | J157: =SUMIF(CAL!B:C,B157,CAL!C:C)+SUMIF(CAL!J:J,B157,CAL!D:D) -> 29 | K157: =SUMIF(CAL!B:D,B157,CAL!D:D)+SUMIF(CAL!J:L,B157,CAL!K:K) -> 13 | L157: =J157-K157 -> 16 | M157: =IF(E157=0,0,(J157/E157)) -> 1.9333333 | N157: =IF(E157=0,0,(K157/E157)) -> 0.86666667 | O157: =SUMIF(CAL!B:I,B157,CAL!I:I)+SUMIF(CAL!J:Q,B157,CAL!Q:Q) -> 7 | P157: =Q157+R157 -> 0 | Q157: 0 | R157: 0 | S157: D | T157: Tocantinópolis | U157: TO
A158: 157 | B158: adesgac | C158: ADESG-AC | D158: =SUMIF(CAL!B:E,B158,CAL!E:E)+SUMIF(CAL!J:M,B158,CAL!M:M) -> 5 | E158: =COUNTIF(CAL!B:J,B158) -> 7 | F158: =SUMIF(CAL!B:F,B158,CAL!F:F)+SUMIF(CAL!J:N,B158,CAL!N:N) -> 1 | G158: =SUMIF(CAL!B:F,B158,CAL!G:G)+SUMIF(CAL!J:N,B158,CAL!O:O) -> 2 | H158: =SUMIF(CAL!B:F,B158,CAL!H:H)+SUMIF(CAL!J:N,B158,CAL!P:P) -> 4 | I158: =IF(E158=0,0,(D158/(E158*3))) -> 0.23809524 | J158: =SUMIF(CAL!B:C,B158,CAL!C:C)+SUMIF(CAL!J:J,B158,CAL!D:D) -> 7 | K158: =SUMIF(CAL!B:D,B158,CAL!D:D)+SUMIF(CAL!J:L,B158,CAL!K:K) -> 12 | L158: =J158-K158 -> -5 | M158: =IF(E158=0,0,(J158/E158)) -> 1 | N158: =IF(E158=0,0,(K158/E158)) -> 1.7142857 | O158: =SUMIF(CAL!B:I,B158,CAL!I:I)+SUMIF(CAL!J:Q,B158,CAL!Q:Q) -> 1 | T158: Senador Guiomard | U158: AC
A159: 158 | B159: aguianegrams | C159: Águia Negra-MS | D159: =SUMIF(CAL!B:E,B159,CAL!E:E)+SUMIF(CAL!J:M,B159,CAL!M:M) -> 6 | E159: =COUNTIF(CAL!B:J,B159) -> 8 | F159: =SUMIF(CAL!B:F,B159,CAL!F:F)+SUMIF(CAL!J:N,B159,CAL!N:N) -> 1 | G159: =SUMIF(CAL!B:F,B159,CAL!G:G)+SUMIF(CAL!J:N,B159,CAL!O:O) -> 3 | H159: =SUMIF(CAL!B:F,B159,CAL!H:H)+SUMIF(CAL!J:N,B159,CAL!P:P) -> 4 | I159: =IF(E159=0,0,(D159/(E159*3))) -> 0.25 | J159: =SUMIF(CAL!B:C,B159,CAL!C:C)+SUMIF(CAL!J:J,B159,CAL!D:D) -> 8 | K159: =SUMIF(CAL!B:D,B159,CAL!D:D)+SUMIF(CAL!J:L,B159,CAL!K:K) -> 12 | L159: =J159-K159 -> -4 | M159: =IF(E159=0,0,(J159/E159)) -> 1 | N159: =IF(E159=0,0,(K159/E159)) -> 1.5 | O159: =SUMIF(CAL!B:I,B159,CAL!I:I)+SUMIF(CAL!J:Q,B159,CAL!Q:Q) -> 0 | T159: Rio Brilhante | U159: MS
A160: 159 | B160: amazoniapa | C160: Amazonia-PA | D160: =SUMIF(CAL!B:E,B160,CAL!E:E)+SUMIF(CAL!J:M,B160,CAL!M:M) -> 6 | E160: =COUNTIF(CAL!B:J,B160) -> 6 | F160: =SUMIF(CAL!B:F,B160,CAL!F:F)+SUMIF(CAL!J:N,B160,CAL!N:N) -> 1 | G160: =SUMIF(CAL!B:F,B160,CAL!G:G)+SUMIF(CAL!J:N,B160,CAL!O:O) -> 3 | H160: =SUMIF(CAL!B:F,B160,CAL!H:H)+SUMIF(CAL!J:N,B160,CAL!P:P) -> 2 | I160: =IF(E160=0,0,(D160/(E160*3))) -> 0.33333333 | J160: =SUMIF(CAL!B:C,B160,CAL!C:C)+SUMIF(CAL!J:J,B160,CAL!D:D) -> 7 | K160: =SUMIF(CAL!B:D,B160,CAL!D:D)+SUMIF(CAL!J:L,B160,CAL!K:K) -> 11 | L160: =J160-K160 -> -4 | M160: =IF(E160=0,0,(J160/E160)) -> 1.1666667 | N160: =IF(E160=0,0,(K160/E160)) -> 1.8333333 | O160: =SUMIF(CAL!B:I,B160,CAL!I:I)+SUMIF(CAL!J:Q,B160,CAL!Q:Q) -> 1 | T160: Santarem | U160: PA
A161: 160 | B161: americase | C161: América de Propriá-SE | D161: =SUMIF(CAL!B:E,B161,CAL!E:E)+SUMIF(CAL!J:M,B161,CAL!M:M) -> 18 | E161: =COUNTIF(CAL!B:J,B161) -> 14 | F161: =SUMIF(CAL!B:F,B161,CAL!F:F)+SUMIF(CAL!J:N,B161,CAL!N:N) -> 3 | G161: =SUMIF(CAL!B:F,B161,CAL!G:G)+SUMIF(CAL!J:N,B161,CAL!O:O) -> 9 | H161: =SUMIF(CAL!B:F,B161,CAL!H:H)+SUMIF(CAL!J:N,B161,CAL!P:P) -> 2 | I161: =IF(E161=0,0,(D161/(E161*3))) -> 0.42857143 | J161: =SUMIF(CAL!B:C,B161,CAL!C:C)+SUMIF(CAL!J:J,B161,CAL!D:D) -> 14 | K161: =SUMIF(CAL!B:D,B161,CAL!D:D)+SUMIF(CAL!J:L,B161,CAL!K:K) -> 12 | L161: =J161-K161 -> 2 | M161: =IF(E161=0,0,(J161/E161)) -> 1 | N161: =IF(E161=0,0,(K161/E161)) -> 0.85714286 | O161: =SUMIF(CAL!B:I,B161,CAL!I:I)+SUMIF(CAL!J:Q,B161,CAL!Q:Q) -> 6 | T161: Propria | U161: SE
A162: 161 | B162: anapolinago | C162: Anapolina-GO | D162: =SUMIF(CAL!B:E,B162,CAL!E:E)+SUMIF(CAL!J:M,B162,CAL!M:M) -> 18 | E162: =COUNTIF(CAL!B:J,B162) -> 12 | F162: =SUMIF(CAL!B:F,B162,CAL!F:F)+SUMIF(CAL!J:N,B162,CAL!N:N) -> 5 | G162: =SUMIF(CAL!B:F,B162,CAL!G:G)+SUMIF(CAL!J:N,B162,CAL!O:O) -> 3 | H162: =SUMIF(CAL!B:F,B162,CAL!H:H)+SUMIF(CAL!J:N,B162,CAL!P:P) -> 4 | I162: =IF(E162=0,0,(D162/(E162*3))) -> 0.5 | J162: =SUMIF(CAL!B:C,B162,CAL!C:C)+SUMIF(CAL!J:J,B162,CAL!D:D) -> 15 | K162: =SUMIF(CAL!B:D,B162,CAL!D:D)+SUMIF(CAL!J:L,B162,CAL!K:K) -> 16 | L162: =J162-K162 -> -1 | M162: =IF(E162=0,0,(J162/E162)) -> 1.25 | N162: =IF(E162=0,0,(K162/E162)) -> 1.3333333 | O162: =SUMIF(CAL!B:I,B162,CAL!I:I)+SUMIF(CAL!J:Q,B162,CAL!Q:Q) -> 3 | T162: Anapolis | U162: GO
A163: 162 | B163: andrauspr | C163: Andraus-PR | D163: =SUMIF(CAL!B:E,B163,CAL!E:E)+SUMIF(CAL!J:M,B163,CAL!M:M) -> 4 | E163: =COUNTIF(CAL!B:J,B163) -> 8 | F163: =SUMIF(CAL!B:F,B163,CAL!F:F)+SUMIF(CAL!J:N,B163,CAL!N:N) -> 1 | G163: =SUMIF(CAL!B:F,B163,CAL!G:G)+SUMIF(CAL!J:N,B163,CAL!O:O) -> 1 | H163: =SUMIF(CAL!B:F,B163,CAL!H:H)+SUMIF(CAL!J:N,B163,CAL!P:P) -> 6 | I163: =IF(E163=0,0,(D163/(E163*3))) -> 0.16666667 | J163: =SUMIF(CAL!B:C,B163,CAL!C:C)+SUMIF(CAL!J:J,B163,CAL!D:D) -> 7 | K163: =SUMIF(CAL!B:D,B163,CAL!D:D)+SUMIF(CAL!J:L,B163,CAL!K:K) -> 16 | L163: =J163-K163 -> -9 | M163: =IF(E163=0,0,(J163/E163)) -> 0.875 | N163: =IF(E163=0,0,(K163/E163)) -> 2 | O163: =SUMIF(CAL!B:I,B163,CAL!I:I)+SUMIF(CAL!J:Q,B163,CAL!Q:Q) -> 1 | T163: Campo Largo | U163: PR
A164: 163 | B164: aquidauanams | C164: Aquidauana-MS | D164: =SUMIF(CAL!B:E,B164,CAL!E:E)+SUMIF(CAL!J:M,B164,CAL!M:M) -> 7 | E164: =COUNTIF(CAL!B:J,B164) -> 8 | F164: =SUMIF(CAL!B:F,B164,CAL!F:F)+SUMIF(CAL!J:N,B164,CAL!N:N) -> 1 | G164: =SUMIF(CAL!B:F,B164,CAL!G:G)+SUMIF(CAL!J:N,B164,CAL!O:O) -> 4 | H164: =SUMIF(CAL!B:F,B164,CAL!H:H)+SUMIF(CAL!J:N,B164,CAL!P:P) -> 3 | I164: =IF(E164=0,0,(D164/(E164*3))) -> 0.29166667 | J164: =SUMIF(CAL!B:C,B164,CAL!C:C)+SUMIF(CAL!J:J,B164,CAL!D:D) -> 10 | K164: =SUMIF(CAL!B:D,B164,CAL!D:D)+SUMIF(CAL!J:L,B164,CAL!K:K) -> 13 | L164: =J164-K164 -> -3 | M164: =IF(E164=0,0,(J164/E164)) -> 1.25 | N164: =IF(E164=0,0,(K164/E164)) -> 1.625 | O164: =SUMIF(CAL!B:I,B164,CAL!I:I)+SUMIF(CAL!J:Q,B164,CAL!Q:Q) -> 0 | T164: Aquidauana | U164: MS
A165: 164 | B165: aracatubasp | C165: Araçatuba-SP | D165: =SUMIF(CAL!B:E,B165,CAL!E:E)+SUMIF(CAL!J:M,B165,CAL!M:M) -> 5 | E165: =COUNTIF(CAL!B:J,B165) -> 15 | F165: =SUMIF(CAL!B:F,B165,CAL!F:F)+SUMIF(CAL!J:N,B165,CAL!N:N) -> 1 | G165: =SUMIF(CAL!B:F,B165,CAL!G:G)+SUMIF(CAL!J:N,B165,CAL!O:O) -> 2 | H165: =SUMIF(CAL!B:F,B165,CAL!H:H)+SUMIF(CAL!J:N,B165,CAL!P:P) -> 12 | I165: =IF(E165=0,0,(D165/(E165*3))) -> 0.11111111 | J165: =SUMIF(CAL!B:C,B165,CAL!C:C)+SUMIF(CAL!J:J,B165,CAL!D:D) -> 6 | K165: =SUMIF(CAL!B:D,B165,CAL!D:D)+SUMIF(CAL!J:L,B165,CAL!K:K) -> 37 | L165: =J165-K165 -> -31 | M165: =IF(E165=0,0,(J165/E165)) -> 0.4 | N165: =IF(E165=0,0,(K165/E165)) -> 2.4666667 | O165: =SUMIF(CAL!B:I,B165,CAL!I:I)+SUMIF(CAL!J:Q,B165,CAL!Q:Q) -> 3 | T165: Araçatuba | U165: SP
A166: 165 | B166: araucariapr | C166: Araucária-PR | D166: =SUMIF(CAL!B:E,B166,CAL!E:E)+SUMIF(CAL!J:M,B166,CAL!M:M) -> 6 | E166: =COUNTIF(CAL!B:J,B166) -> 6 | F166: =SUMIF(CAL!B:F,B166,CAL!F:F)+SUMIF(CAL!J:N,B166,CAL!N:N) -> 1 | G166: =SUMIF(CAL!B:F,B166,CAL!G:G)+SUMIF(CAL!J:N,B166,CAL!O:O) -> 3 | H166: =SUMIF(CAL!B:F,B166,CAL!H:H)+SUMIF(CAL!J:N,B166,CAL!P:P) -> 2 | I166: =IF(E166=0,0,(D166/(E166*3))) -> 0.33333333 | J166: =SUMIF(CAL!B:C,B166,CAL!C:C)+SUMIF(CAL!J:J,B166,CAL!D:D) -> 11 | K166: =SUMIF(CAL!B:D,B166,CAL!D:D)+SUMIF(CAL!J:L,B166,CAL!K:K) -> 13 | L166: =J166-K166 -> -2 | M166: =IF(E166=0,0,(J166/E166)) -> 1.8333333 | N166: =IF(E166=0,0,(K166/E166)) -> 2.1666667 | O166: =SUMIF(CAL!B:I,B166,CAL!I:I)+SUMIF(CAL!J:Q,B166,CAL!Q:Q) -> 0 | T166: Araucária | U166: PR
A167: 166 | B167: arucdf | C167: ARUC-DF | D167: =SUMIF(CAL!B:E,B167,CAL!E:E)+SUMIF(CAL!J:M,B167,CAL!M:M) -> 3 | E167: =COUNTIF(CAL!B:J,B167) -> 9 | F167: =SUMIF(CAL!B:F,B167,CAL!F:F)+SUMIF(CAL!J:N,B167,CAL!N:N) -> 1 | G167: =SUMIF(CAL!B:F,B167,CAL!G:G)+SUMIF(CAL!J:N,B167,CAL!O:O) -> 0 | H167: =SUMIF(CAL!B:F,B167,CAL!H:H)+SUMIF(CAL!J:N,B167,CAL!P:P) -> 8 | I167: =IF(E167=0,0,(D167/(E167*3))) -> 0.11111111 | J167: =SUMIF(CAL!B:C,B167,CAL!C:C)+SUMIF(CAL!J:J,B167,CAL!D:D) -> 3 | K167: =SUMIF(CAL!B:D,B167,CAL!D:D)+SUMIF(CAL!J:L,B167,CAL!K:K) -> 20 | L167: =J167-K167 -> -17 | M167: =IF(E167=0,0,(J167/E167)) -> 0.33333333 | N167: =IF(E167=0,0,(K167/E167)) -> 2.2222222 | O167: =SUMIF(CAL!B:I,B167,CAL!I:I)+SUMIF(CAL!J:Q,B167,CAL!Q:Q) -> 1 | T167: Cruzeiro | U167: DF
A168: 167 | B168: atleticopb | C168: Atlético Cajazeiras-PB | D168: =SUMIF(CAL!B:E,B168,CAL!E:E)+SUMIF(CAL!J:M,B168,CAL!M:M) -> 10 | E168: =COUNTIF(CAL!B:J,B168) -> 9 | F168: =SUMIF(CAL!B:F,B168,CAL!F:F)+SUMIF(CAL!J:N,B168,CAL!N:N) -> 3 | G168: =SUMIF(CAL!B:F,B168,CAL!G:G)+SUMIF(CAL!J:N,B168,CAL!O:O) -> 1 | H168: =SUMIF(CAL!B:F,B168,CAL!H:H)+SUMIF(CAL!J:N,B168,CAL!P:P) -> 5 | I168: =IF(E168=0,0,(D168/(E168*3))) -> 0.37037037 | J168: =SUMIF(CAL!B:C,B168,CAL!C:C)+SUMIF(CAL!J:J,B168,CAL!D:D) -> 6 | K168: =SUMIF(CAL!B:D,B168,CAL!D:D)+SUMIF(CAL!J:L,B168,CAL!K:K) -> 11 | L168: =J168-K168 -> -5 | M168: =IF(E168=0,0,(J168/E168)) -> 0.66666667 | N168: =IF(E168=0,0,(K168/E168)) -> 1.2222222 | O168: =SUMIF(CAL!B:I,B168,CAL!I:I)+SUMIF(CAL!J:Q,B168,CAL!Q:Q) -> 2 | T168: Cajazeiras | U168: PB
A169: 168 | B169: atleticopi | C169: Atlético-PI | D169: =SUMIF(CAL!B:E,B169,CAL!E:E)+SUMIF(CAL!J:M,B169,CAL!M:M) -> 21 | E169: =COUNTIF(CAL!B:J,B169) -> 11 | F169: =SUMIF(CAL!B:F,B169,CAL!F:F)+SUMIF(CAL!J:N,B169,CAL!N:N) -> 6 | G169: =SUMIF(CAL!B:F,B169,CAL!G:G)+SUMIF(CAL!J:N,B169,CAL!O:O) -> 3 | H169: =SUMIF(CAL!B:F,B169,CAL!H:H)+SUMIF(CAL!J:N,B169,CAL!P:P) -> 2 | I169: =IF(E169=0,0,(D169/(E169*3))) -> 0.63636364 | J169: =SUMIF(CAL!B:C,B169,CAL!C:C)+SUMIF(CAL!J:J,B169,CAL!D:D) -> 17 | K169: =SUMIF(CAL!B:D,B169,CAL!D:D)+SUMIF(CAL!J:L,B169,CAL!K:K) -> 7 | L169: =J169-K169 -> 10 | M169: =IF(E169=0,0,(J169/E169)) -> 1.5454545 | N169: =IF(E169=0,0,(K169/E169)) -> 0.63636364 | O169: =SUMIF(CAL!B:I,B169,CAL!I:I)+SUMIF(CAL!J:Q,B169,CAL!Q:Q) -> 5 | T169: Teresina | U169: PI
... A196: 195 | B196: catanduvasp | C196: Catanduva-SP | D196: =SUMIF(CAL!B:E,B196,CAL!E:E)+SUMIF(CAL!J:M,B196,CAL!M:M) -> 21 | E196: =COUNTIF(CAL!B:J,B196) -> 15 | F196: =SUMIF(CAL!B:F,B196,CAL!F:F)+SUMIF(CAL!J:N,B196,CAL!N:N) -> 5 | G196: =SUMIF(CAL!B:F,B196,CAL!G:G)+SUMIF(CAL!J:N,B196,CAL!O:O) -> 6 | H196: =SUMIF(CAL!B:F,B196,CAL!H:H)+SUMIF(CAL!J:N,B196,CAL!P:P) -> 4 | I196: =IF(E196=0,0,(D196/(E196*3))) -> 0.46666667 | J196: =SUMIF(CAL!B:C,B196,CAL!C:C)+SUMIF(CAL!J:J,B196,CAL!D:D) -> 16 | K196: =SUMIF(CAL!B:D,B196,CAL!D:D)+SUMIF(CAL!J:L,B196,CAL!K:K) -> 15 | L196: =J196-K196 -> 1 | M196: =IF(E196=0,0,(J196/E196)) -> 1.0666667 | N196: =IF(E196=0,0,(K196/E196)) -> 1 | O196: =SUMIF(CAL!B:I,B196,CAL!I:I)+SUMIF(CAL!J:Q,B196,CAL!Q:Q) -> 7 | T196: Catanduva | U196: SP
A197: 196 | B197: caucaiace | C197: Caucaia-CE | D197: =SUMIF(CAL!B:E,B197,CAL!E:E)+SUMIF(CAL!J:M,B197,CAL!M:M) -> 7 | E197: =COUNTIF(CAL!B:J,B197) -> 4 | F197: =SUMIF(CAL!B:F,B197,CAL!F:F)+SUMIF(CAL!J:N,B197,CAL!N:N) -> 2 | G197: =SUMIF(CAL!B:F,B197,CAL!G:G)+SUMIF(CAL!J:N,B197,CAL!O:O) -> 1 | H197: =SUMIF(CAL!B:F,B197,CAL!H:H)+SUMIF(CAL!J:N,B197,CAL!P:P) -> 1 | I197: =IF(E197=0,0,(D197/(E197*3))) -> 0.58333333 | J197: =SUMIF(CAL!B:C,B197,CAL!C:C)+SUMIF(CAL!J:J,B197,CAL!D:D) -> 6 | K197: =SUMIF(CAL!B:D,B197,CAL!D:D)+SUMIF(CAL!J:L,B197,CAL!K:K) -> 6 | L197: =J197-K197 -> 0 | M197: =IF(E197=0,0,(J197/E197)) -> 1.5 | N197: =IF(E197=0,0,(K197/E197)) -> 1.5 | O197: =SUMIF(CAL!B:I,B197,CAL!I:I)+SUMIF(CAL!J:Q,B197,CAL!Q:Q) -> 1 | U197: CE
A198: 197 | B198: centrooestego | C198: Centro Oeste-GO | D198: =SUMIF(CAL!B:E,B198,CAL!E:E)+SUMIF(CAL!J:M,B198,CAL!M:M) -> 9 | E198: =COUNTIF(CAL!B:J,B198) -> 10 | F198: =SUMIF(CAL!B:F,B198,CAL!F:F)+SUMIF(CAL!J:N,B198,CAL!N:N) -> 2 | G198: =SUMIF(CAL!B:F,B198,CAL!G:G)+SUMIF(CAL!J:N,B198,CAL!O:O) -> 3 | H198: =SUMIF(CAL!B:F,B198,CAL!H:H)+SUMIF(CAL!J:N,B198,CAL!P:P) -> 5 | I198: =IF(E198=0,0,(D198/(E198*3))) -> 0.3 | J198: =SUMIF(CAL!B:C,B198,CAL!C:C)+SUMIF(CAL!J:J,B198,CAL!D:D) -> 8 | K198: =SUMIF(CAL!B:D,B198,CAL!D:D)+SUMIF(CAL!J:L,B198,CAL!K:K) -> 21 | L198: =J198-K198 -> -13 | M198: =IF(E198=0,0,(J198/E198)) -> 0.8 | N198: =IF(E198=0,0,(K198/E198)) -> 2.1 | O198: =SUMIF(CAL!B:I,B198,CAL!I:I)+SUMIF(CAL!J:Q,B198,CAL!Q:Q) -> 2 | T198: Neropolis | U198: GO
A199: 198 | B199: chapadamt | C199: Chapada-MT | D199: =SUMIF(CAL!B:E,B199,CAL!E:E)+SUMIF(CAL!J:M,B199,CAL!M:M) -> 11 | E199: =COUNTIF(CAL!B:J,B199) -> 9 | F199: =SUMIF(CAL!B:F,B199,CAL!F:F)+SUMIF(CAL!J:N,B199,CAL!N:N) -> 3 | G199: =SUMIF(CAL!B:F,B199,CAL!G:G)+SUMIF(CAL!J:N,B199,CAL!O:O) -> 2 | H199: =SUMIF(CAL!B:F,B199,CAL!H:H)+SUMIF(CAL!J:N,B199,CAL!P:P) -> 4 | I199: =IF(E199=0,0,(D199/(E199*3))) -> 0.40740741 | J199: =SUMIF(CAL!B:C,B199,CAL!C:C)+SUMIF(CAL!J:J,B199,CAL!D:D) -> 12 | K199: =SUMIF(CAL!B:D,B199,CAL!D:D)+SUMIF(CAL!J:L,B199,CAL!K:K) -> 13 | L199: =J199-K199 -> -1 | M199: =IF(E199=0,0,(J199/E199)) -> 1.3333333 | N199: =IF(E199=0,0,(K199/E199)) -> 1.4444444 | O199: =SUMIF(CAL!B:I,B199,CAL!I:I)+SUMIF(CAL!J:Q,B199,CAL!Q:Q) -> 2 | T199: Pocone | U199: MT
A200: 199 | B200: coloradosp | C200: Colorado-SP | D200: =SUMIF(CAL!B:E,B200,CAL!E:E)+SUMIF(CAL!J:M,B200,CAL!M:M) -> 10 | E200: =COUNTIF(CAL!B:J,B200) -> 15 | F200: =SUMIF(CAL!B:F,B200,CAL!F:F)+SUMIF(CAL!J:N,B200,CAL!N:N) -> 1 | G200: =SUMIF(CAL!B:F,B200,CAL!G:G)+SUMIF(CAL!J:N,B200,CAL!O:O) -> 7 | H200: =SUMIF(CAL!B:F,B200,CAL!H:H)+SUMIF(CAL!J:N,B200,CAL!P:P) -> 7 | I200: =IF(E200=0,0,(D200/(E200*3))) -> 0.22222222 | J200: =SUMIF(CAL!B:C,B200,CAL!C:C)+SUMIF(CAL!J:J,B200,CAL!D:D) -> 6 | K200: =SUMIF(CAL!B:D,B200,CAL!D:D)+SUMIF(CAL!J:L,B200,CAL!K:K) -> 20 | L200: =J200-K200 -> -14 | M200: =IF(E200=0,0,(J200/E200)) -> 0.4 | N200: =IF(E200=0,0,(K200/E200)) -> 1.3333333 | O200: =SUMIF(CAL!B:I,B200,CAL!I:I)+SUMIF(CAL!J:Q,B200,CAL!Q:Q) -> 5 | T200: Caieiras | U200: SP
A201: 200 | B201: comercialsp | C201: Comercial-SP | D201: =SUMIF(CAL!B:E,B201,CAL!E:E)+SUMIF(CAL!J:M,B201,CAL!M:M) -> 20 | E201: =COUNTIF(CAL!B:J,B201) -> 15 | F201: =SUMIF(CAL!B:F,B201,CAL!F:F)+SUMIF(CAL!J:N,B201,CAL!N:N) -> 6 | G201: =SUMIF(CAL!B:F,B201,CAL!G:G)+SUMIF(CAL!J:N,B201,CAL!O:O) -> 2 | H201: =SUMIF(CAL!B:F,B201,CAL!H:H)+SUMIF(CAL!J:N,B201,CAL!P:P) -> 7 | I201: =IF(E201=0,0,(D201/(E201*3))) -> 0.44444444 | J201: =SUMIF(CAL!B:C,B201,CAL!C:C)+SUMIF(CAL!J:J,B201,CAL!D:D) -> 17 | K201: =SUMIF(CAL!B:D,B201,CAL!D:D)+SUMIF(CAL!J:L,B201,CAL!K:K) -> 16 | L201: =J201-K201 -> 1 | M201: =IF(E201=0,0,(J201/E201)) -> 1.1333333 | N201: =IF(E201=0,0,(K201/E201)) -> 1.0666667 | O201: =SUMIF(CAL!B:I,B201,CAL!I:I)+SUMIF(CAL!J:Q,B201,CAL!Q:Q) -> 3 | T201: Ribeirao Preto | U201: SP
A202: 201 | B202: concordiasc | C202: Concórdia-SC | D202: =SUMIF(CAL!B:E,B202,CAL!E:E)+SUMIF(CAL!J:M,B202,CAL!M:M) -> 10 | E202: =COUNTIF(CAL!B:J,B202) -> 10 | F202: =SUMIF(CAL!B:F,B202,CAL!F:F)+SUMIF(CAL!J:N,B202,CAL!N:N) -> 2 | G202: =SUMIF(CAL!B:F,B202,CAL!G:G)+SUMIF(CAL!J:N,B202,CAL!O:O) -> 4 | H202: =SUMIF(CAL!B:F,B202,CAL!H:H)+SUMIF(CAL!J:N,B202,CAL!P:P) -> 4 | I202: =IF(E202=0,0,(D202/(E202*3))) -> 0.33333333 | J202: =SUMIF(CAL!B:C,B202,CAL!C:C)+SUMIF(CAL!J:J,B202,CAL!D:D) -> 8 | K202: =SUMIF(CAL!B:D,B202,CAL!D:D)+SUMIF(CAL!J:L,B202,CAL!K:K) -> 17 | L202: =J202-K202 -> -9 | M202: =IF(E202=0,0,(J202/E202)) -> 0.8 | N202: =IF(E202=0,0,(K202/E202)) -> 1.7 | O202: =SUMIF(CAL!B:I,B202,CAL!I:I)+SUMIF(CAL!J:Q,B202,CAL!Q:Q) -> 4 | T202: Concordia | U202: SC
A203: 202 | B203: confiancapb | C203: Confiança-PB | D203: =SUMIF(CAL!B:E,B203,CAL!E:E)+SUMIF(CAL!J:M,B203,CAL!M:M) -> 8 | E203: =COUNTIF(CAL!B:J,B203) -> 9 | F203: =SUMIF(CAL!B:F,B203,CAL!F:F)+SUMIF(CAL!J:N,B203,CAL!N:N) -> 2 | G203: =SUMIF(CAL!B:F,B203,CAL!G:G)+SUMIF(CAL!J:N,B203,CAL!O:O) -> 2 | H203: =SUMIF(CAL!B:F,B203,CAL!H:H)+SUMIF(CAL!J:N,B203,CAL!P:P) -> 5 | I203: =IF(E203=0,0,(D203/(E203*3))) -> 0.2962963 | J203: =SUMIF(CAL!B:C,B203,CAL!C:C)+SUMIF(CAL!J:J,B203,CAL!D:D) -> 12 | K203: =SUMIF(CAL!B:D,B203,CAL!D:D)+SUMIF(CAL!J:L,B203,CAL!K:K) -> 17 | L203: =J203-K203 -> -5 | M203: =IF(E203=0,0,(J203/E203)) -> 1.3333333 | N203: =IF(E203=0,0,(K203/E203)) -> 1.8888889 | O203: =SUMIF(CAL!B:I,B203,CAL!I:I)+SUMIF(CAL!J:Q,B203,CAL!Q:Q) -> 1 | T203: Sape | U203: PB
A204: 203 | B204: corisabbapi | C204: Corisabba-PI | D204: =SUMIF(CAL!B:E,B204,CAL!E:E)+SUMIF(CAL!J:M,B204,CAL!M:M) -> 5 | E204: =COUNTIF(CAL!B:J,B204) -> 7 | F204: =SUMIF(CAL!B:F,B204,CAL!F:F)+SUMIF(CAL!J:N,B204,CAL!N:N) -> 1 | G204: =SUMIF(CAL!B:F,B204,CAL!G:G)+SUMIF(CAL!J:N,B204,CAL!O:O) -> 2 | H204: =SUMIF(CAL!B:F,B204,CAL!H:H)+SUMIF(CAL!J:N,B204,CAL!P:P) -> 4 | I204: =IF(E204=0,0,(D204/(E204*3))) -> 0.23809524 | J204: =SUMIF(CAL!B:C,B204,CAL!C:C)+SUMIF(CAL!J:J,B204,CAL!D:D) -> 6 | K204: =SUMIF(CAL!B:D,B204,CAL!D:D)+SUMIF(CAL!J:L,B204,CAL!K:K) -> 13 | L204: =J204-K204 -> -7 | M204: =IF(E204=0,0,(J204/E204)) -> 0.85714286 | N204: =IF(E204=0,0,(K204/E204)) -> 1.8571429 | O204: =SUMIF(CAL!B:I,B204,CAL!I:I)+SUMIF(CAL!J:Q,B204,CAL!Q:Q) -> 1 | T204: Floriano | U204: PI
A205: 204 | B205: corumbaensems | C205: Corumbaense-MS | D205: =SUMIF(CAL!B:E,B205,CAL!E:E)+SUMIF(CAL!J:M,B205,CAL!M:M) -> 17 | E205: =COUNTIF(CAL!B:J,B205) -> 13 | F205: =SUMIF(CAL!B:F,B205,CAL!F:F)+SUMIF(CAL!J:N,B205,CAL!N:N) -> 4 | G205: =SUMIF(CAL!B:F,B205,CAL!G:G)+SUMIF(CAL!J:N,B205,CAL!O:O) -> 5 | H205: =SUMIF(CAL!B:F,B205,CAL!H:H)+SUMIF(CAL!J:N,B205,CAL!P:P) -> 4 | I205: =IF(E205=0,0,(D205/(E205*3))) -> 0.43589744 | J205: =SUMIF(CAL!B:C,B205,CAL!C:C)+SUMIF(CAL!J:J,B205,CAL!D:D) -> 14 | K205: =SUMIF(CAL!B:D,B205,CAL!D:D)+SUMIF(CAL!J:L,B205,CAL!K:K) -> 11 | L205: =J205-K205 -> 3 | M205: =IF(E205=0,0,(J205/E205)) -> 1.0769231 | N205: =IF(E205=0,0,(K205/E205)) -> 0.84615385 | O205: =SUMIF(CAL!B:I,B205,CAL!I:I)+SUMIF(CAL!J:Q,B205,CAL!Q:Q) -> 5 | T205: Corumba | U205: MS
A206: 205 | B206: coruripeal | C206: Coruripe-AL | D206: =SUMIF(CAL!B:E,B206,CAL!E:E)+SUMIF(CAL!J:M,B206,CAL!M:M) -> 12 | E206: =COUNTIF(CAL!B:J,B206) -> 11 | F206: =SUMIF(CAL!B:F,B206,CAL!F:F)+SUMIF(CAL!J:N,B206,CAL!N:N) -> 3 | G206: =SUMIF(CAL!B:F,B206,CAL!G:G)+SUMIF(CAL!J:N,B206,CAL!O:O) -> 3 | H206: =SUMIF(CAL!B:F,B206,CAL!H:H)+SUMIF(CAL!J:N,B206,CAL!P:P) -> 5 | I206: =IF(E206=0,0,(D206/(E206*3))) -> 0.36363636 | J206: =SUMIF(CAL!B:C,B206,CAL!C:C)+SUMIF(CAL!J:J,B206,CAL!D:D) -> 11 | K206: =SUMIF(CAL!B:D,B206,CAL!D:D)+SUMIF(CAL!J:L,B206,CAL!K:K) -> 18 | L206: =J206-K206 -> -7 | M206: =IF(E206=0,0,(J206/E206)) -> 1 | N206: =IF(E206=0,0,(K206/E206)) -> 1.6363636 | O206: =SUMIF(CAL!B:I,B206,CAL!I:I)+SUMIF(CAL!J:Q,B206,CAL!Q:Q) -> 1 | T206: Coruripe | U206: AL
A207: 206 | B207: costaricams | C207: Costa Rica-MS | D207: =SUMIF(CAL!B:E,B207,CAL!E:E)+SUMIF(CAL!J:M,B207,CAL!M:M) -> 8 | E207: =COUNTIF(CAL!B:J,B207) -> 9 | F207: =SUMIF(CAL!B:F,B207,CAL!F:F)+SUMIF(CAL!J:N,B207,CAL!N:N) -> 1 | G207: =SUMIF(CAL!B:F,B207,CAL!G:G)+SUMIF(CAL!J:N,B207,CAL!O:O) -> 5 | H207: =SUMIF(CAL!B:F,B207,CAL!H:H)+SUMIF(CAL!J:N,B207,CAL!P:P) -> 3 | I207: =IF(E207=0,0,(D207/(E207*3))) -> 0.2962963 | J207: =SUMIF(CAL!B:C,B207,CAL!C:C)+SUMIF(CAL!J:J,B207,CAL!D:D) -> 6 | K207: =SUMIF(CAL!B:D,B207,CAL!D:D)+SUMIF(CAL!J:L,B207,CAL!K:K) -> 10 | L207: =J207-K207 -> -4 | M207: =IF(E207=0,0,(J207/E207)) -> 0.66666667 | N207: =IF(E207=0,0,(K207/E207)) -> 1.1111111 | O207: =SUMIF(CAL!B:I,B207,CAL!I:I)+SUMIF(CAL!J:Q,B207,CAL!Q:Q) -> 2 | T207: Costa Rica | U207: MS
A208: 207 | B208: crateusce | C208: Crateús-CE | D208: =SUMIF(CAL!B:E,B208,CAL!E:E)+SUMIF(CAL!J:M,B208,CAL!M:M) -> 4 | E208: =COUNTIF(CAL!B:J,B208) -> 4 | F208: =SUMIF(CAL!B:F,B208,CAL!F:F)+SUMIF(CAL!J:N,B208,CAL!N:N) -> 1 | G208: =SUMIF(CAL!B:F,B208,CAL!G:G)+SUMIF(CAL!J:N,B208,CAL!O:O) -> 1 | H208: =SUMIF(CAL!B:F,B208,CAL!H:H)+SUMIF(CAL!J:N,B208,CAL!P:P) -> 2 | I208: =IF(E208=0,0,(D208/(E208*3))) -> 0.33333333 | J208: =SUMIF(CAL!B:C,B208,CAL!C:C)+SUMIF(CAL!J:J,B208,CAL!D:D) -> 4 | K208: =SUMIF(CAL!B:D,B208,CAL!D:D)+SUMIF(CAL!J:L,B208,CAL!K:K) -> 3 | L208: =J208-K208 -> 1 | M208: =IF(E208=0,0,(J208/E208)) -> 1 | N208: =IF(E208=0,0,(K208/E208)) -> 0.75 | O208: =SUMIF(CAL!B:I,B208,CAL!I:I)+SUMIF(CAL!J:Q,B208,CAL!Q:Q) -> 1 | T208: Crateús | U208: CE
A209: 208 | B209: cratoce | C209: Crato-CE | D209: =SUMIF(CAL!B:E,B209,CAL!E:E)+SUMIF(CAL!J:M,B209,CAL!M:M) -> 8 | E209: =COUNTIF(CAL!B:J,B209) -> 4 | F209: =SUMIF(CAL!B:F,B209,CAL!F:F)+SUMIF(CAL!J:N,B209,CAL!N:N) -> 2 | G209: =SUMIF(CAL!B:F,B209,CAL!G:G)+SUMIF(CAL!J:N,B209,CAL!O:O) -> 2 | H209: =SUMIF(CAL!B:F,B209,CAL!H:H)+SUMIF(CAL!J:N,B209,CAL!P:P) -> 0 | I209: =IF(E209=0,0,(D209/(E209*3))) -> 0.66666667 | J209: =SUMIF(CAL!B:C,B209,CAL!C:C)+SUMIF(CAL!J:J,B209,CAL!D:D) -> 4 | K209: =SUMIF(CAL!B:D,B209,CAL!D:D)+SUMIF(CAL!J:L,B209,CAL!K:K) -> 1 | L209: =J209-K209 -> 3 | M209: =IF(E209=0,0,(J209/E209)) -> 1 | N209: =IF(E209=0,0,(K209/E209)) -> 0.25 | O209: =SUMIF(CAL!B:I,B209,CAL!I:I)+SUMIF(CAL!J:Q,B209,CAL!Q:Q) -> 3 | T209: Crato | U209: CE
... A241: 240 | B241: itacoatiaraam | C241: Itacoatiara-AM | D241: =SUMIF(CAL!B:E,B241,CAL!E:E)+SUMIF(CAL!J:M,B241,CAL!M:M) -> 8 | E241: =COUNTIF(CAL!B:J,B241) -> 8 | F241: =SUMIF(CAL!B:F,B241,CAL!F:F)+SUMIF(CAL!J:N,B241,CAL!N:N) -> 2 | G241: =SUMIF(CAL!B:F,B241,CAL!G:G)+SUMIF(CAL!J:N,B241,CAL!O:O) -> 2 | H241: =SUMIF(CAL!B:F,B241,CAL!H:H)+SUMIF(CAL!J:N,B241,CAL!P:P) -> 4 | I241: =IF(E241=0,0,(D241/(E241*3))) -> 0.33333333 | J241: =SUMIF(CAL!B:C,B241,CAL!C:C)+SUMIF(CAL!J:J,B241,CAL!D:D) -> 7 | K241: =SUMIF(CAL!B:D,B241,CAL!D:D)+SUMIF(CAL!J:L,B241,CAL!K:K) -> 12 | L241: =J241-K241 -> -5 | M241: =IF(E241=0,0,(J241/E241)) -> 0.875 | N241: =IF(E241=0,0,(K241/E241)) -> 1.5 | O241: =SUMIF(CAL!B:I,B241,CAL!I:I)+SUMIF(CAL!J:Q,B241,CAL!Q:Q) -> 3 | T241: Itacoariara | U241: AM
A242: 241 | B242: itapipocace | C242: Itapipoca-CE | D242: =SUMIF(CAL!B:E,B242,CAL!E:E)+SUMIF(CAL!J:M,B242,CAL!M:M) -> 6 | E242: =COUNTIF(CAL!B:J,B242) -> 3 | F242: =SUMIF(CAL!B:F,B242,CAL!F:F)+SUMIF(CAL!J:N,B242,CAL!N:N) -> 2 | G242: =SUMIF(CAL!B:F,B242,CAL!G:G)+SUMIF(CAL!J:N,B242,CAL!O:O) -> 0 | H242: =SUMIF(CAL!B:F,B242,CAL!H:H)+SUMIF(CAL!J:N,B242,CAL!P:P) -> 1 | I242: =IF(E242=0,0,(D242/(E242*3))) -> 0.66666667 | J242: =SUMIF(CAL!B:C,B242,CAL!C:C)+SUMIF(CAL!J:J,B242,CAL!D:D) -> 4 | K242: =SUMIF(CAL!B:D,B242,CAL!D:D)+SUMIF(CAL!J:L,B242,CAL!K:K) -> 3 | L242: =J242-K242 -> 1 | M242: =IF(E242=0,0,(J242/E242)) -> 1.3333333 | N242: =IF(E242=0,0,(K242/E242)) -> 1 | O242: =SUMIF(CAL!B:I,B242,CAL!I:I)+SUMIF(CAL!J:Q,B242,CAL!Q:Q) -> 2 | U242: CE
A243: 242 | B243: itapirensesp | C243: Itapirense-SP | D243: =SUMIF(CAL!B:E,B243,CAL!E:E)+SUMIF(CAL!J:M,B243,CAL!M:M) -> 9 | E243: =COUNTIF(CAL!B:J,B243) -> 15 | F243: =SUMIF(CAL!B:F,B243,CAL!F:F)+SUMIF(CAL!J:N,B243,CAL!N:N) -> 2 | G243: =SUMIF(CAL!B:F,B243,CAL!G:G)+SUMIF(CAL!J:N,B243,CAL!O:O) -> 3 | H243: =SUMIF(CAL!B:F,B243,CAL!H:H)+SUMIF(CAL!J:N,B243,CAL!P:P) -> 10 | I243: =IF(E243=0,0,(D243/(E243*3))) -> 0.2 | J243: =SUMIF(CAL!B:C,B243,CAL!C:C)+SUMIF(CAL!J:J,B243,CAL!D:D) -> 14 | K243: =SUMIF(CAL!B:D,B243,CAL!D:D)+SUMIF(CAL!J:L,B243,CAL!K:K) -> 26 | L243: =J243-K243 -> -12 | M243: =IF(E243=0,0,(J243/E243)) -> 0.93333333 | N243: =IF(E243=0,0,(K243/E243)) -> 1.7333333 | O243: =SUMIF(CAL!B:I,B243,CAL!I:I)+SUMIF(CAL!J:Q,B243,CAL!Q:Q) -> 1 | T243: Itapira | U243: SP
A244: 243 | B244: itzsportma | C244: ITZ Sport-MA | D244: =SUMIF(CAL!B:E,B244,CAL!E:E)+SUMIF(CAL!J:M,B244,CAL!M:M) -> 1 | E244: =COUNTIF(CAL!B:J,B244) -> 7 | F244: =SUMIF(CAL!B:F,B244,CAL!F:F)+SUMIF(CAL!J:N,B244,CAL!N:N) -> 0 | G244: =SUMIF(CAL!B:F,B244,CAL!G:G)+SUMIF(CAL!J:N,B244,CAL!O:O) -> 1 | H244: =SUMIF(CAL!B:F,B244,CAL!H:H)+SUMIF(CAL!J:N,B244,CAL!P:P) -> 6 | I244: =IF(E244=0,0,(D244/(E244*3))) -> 0.047619048 | J244: =SUMIF(CAL!B:C,B244,CAL!C:C)+SUMIF(CAL!J:J,B244,CAL!D:D) -> 1 | K244: =SUMIF(CAL!B:D,B244,CAL!D:D)+SUMIF(CAL!J:L,B244,CAL!K:K) -> 14 | L244: =J244-K244 -> -13 | M244: =IF(E244=0,0,(J244/E244)) -> 0.14285714 | N244: =IF(E244=0,0,(K244/E244)) -> 2 | O244: =SUMIF(CAL!B:I,B244,CAL!I:I)+SUMIF(CAL!J:Q,B244,CAL!Q:Q) -> 0 | T244: Imperatriz | U244: MA
A245: 244 | B245: jabaquarasp | C245: Jabaquara-SP | D245: =SUMIF(CAL!B:E,B245,CAL!E:E)+SUMIF(CAL!J:M,B245,CAL!M:M) -> 16 | E245: =COUNTIF(CAL!B:J,B245) -> 15 | F245: =SUMIF(CAL!B:F,B245,CAL!F:F)+SUMIF(CAL!J:N,B245,CAL!N:N) -> 4 | G245: =SUMIF(CAL!B:F,B245,CAL!G:G)+SUMIF(CAL!J:N,B245,CAL!O:O) -> 4 | H245: =SUMIF(CAL!B:F,B245,CAL!H:H)+SUMIF(CAL!J:N,B245,CAL!P:P) -> 7 | I245: =IF(E245=0,0,(D245/(E245*3))) -> 0.35555556 | J245: =SUMIF(CAL!B:C,B245,CAL!C:C)+SUMIF(CAL!J:J,B245,CAL!D:D) -> 14 | K245: =SUMIF(CAL!B:D,B245,CAL!D:D)+SUMIF(CAL!J:L,B245,CAL!K:K) -> 17 | L245: =J245-K245 -> -3 | M245: =IF(E245=0,0,(J245/E245)) -> 0.93333333 | N245: =IF(E245=0,0,(K245/E245)) -> 1.1333333 | O245: =SUMIF(CAL!B:I,B245,CAL!I:I)+SUMIF(CAL!J:Q,B245,CAL!Q:Q) -> 4 | T245: Santos | U245: SP
A246: 245 | B246: jaguarpe | C246: Jaguar-PE | D246: =SUMIF(CAL!B:E,B246,CAL!E:E)+SUMIF(CAL!J:M,B246,CAL!M:M) -> 3 | E246: =COUNTIF(CAL!B:J,B246) -> 7 | F246: =SUMIF(CAL!B:F,B246,CAL!F:F)+SUMIF(CAL!J:N,B246,CAL!N:N) -> 0 | G246: =SUMIF(CAL!B:F,B246,CAL!G:G)+SUMIF(CAL!J:N,B246,CAL!O:O) -> 3 | H246: =SUMIF(CAL!B:F,B246,CAL!H:H)+SUMIF(CAL!J:N,B246,CAL!P:P) -> 4 | I246: =IF(E246=0,0,(D246/(E246*3))) -> 0.14285714 | J246: =SUMIF(CAL!B:C,B246,CAL!C:C)+SUMIF(CAL!J:J,B246,CAL!D:D) -> 5 | K246: =SUMIF(CAL!B:D,B246,CAL!D:D)+SUMIF(CAL!J:L,B246,CAL!K:K) -> 18 | L246: =J246-K246 -> -13 | M246: =IF(E246=0,0,(J246/E246)) -> 0.71428571 | N246: =IF(E246=0,0,(K246/E246)) -> 2.5714286 | O246: =SUMIF(CAL!B:I,B246,CAL!I:I)+SUMIF(CAL!J:Q,B246,CAL!Q:Q) -> 0 | T246: Jaboatão dos Guararapes | U246: PE
A247: 246 | B247: jataiensego | C247: Jataiense-GO | D247: =SUMIF(CAL!B:E,B247,CAL!E:E)+SUMIF(CAL!J:M,B247,CAL!M:M) -> 24 | E247: =COUNTIF(CAL!B:J,B247) -> 14 | F247: =SUMIF(CAL!B:F,B247,CAL!F:F)+SUMIF(CAL!J:N,B247,CAL!N:N) -> 7 | G247: =SUMIF(CAL!B:F,B247,CAL!G:G)+SUMIF(CAL!J:N,B247,CAL!O:O) -> 3 | H247: =SUMIF(CAL!B:F,B247,CAL!H:H)+SUMIF(CAL!J:N,B247,CAL!P:P) -> 4 | I247: =IF(E247=0,0,(D247/(E247*3))) -> 0.57142857 | J247: =SUMIF(CAL!B:C,B247,CAL!C:C)+SUMIF(CAL!J:J,B247,CAL!D:D) -> 19 | K247: =SUMIF(CAL!B:D,B247,CAL!D:D)+SUMIF(CAL!J:L,B247,CAL!K:K) -> 14 | L247: =J247-K247 -> 5 | M247: =IF(E247=0,0,(J247/E247)) -> 1.3571429 | N247: =IF(E247=0,0,(K247/E247)) -> 1 | O247: =SUMIF(CAL!B:I,B247,CAL!I:I)+SUMIF(CAL!J:Q,B247,CAL!Q:Q) -> 5 | T247: Jatai | U247: GO
A248: 247 | B248: jequieba | C248: Jequié-BA | D248: =SUMIF(CAL!B:E,B248,CAL!E:E)+SUMIF(CAL!J:M,B248,CAL!M:M) -> 12 | E248: =COUNTIF(CAL!B:J,B248) -> 9 | F248: =SUMIF(CAL!B:F,B248,CAL!F:F)+SUMIF(CAL!J:N,B248,CAL!N:N) -> 3 | G248: =SUMIF(CAL!B:F,B248,CAL!G:G)+SUMIF(CAL!J:N,B248,CAL!O:O) -> 3 | H248: =SUMIF(CAL!B:F,B248,CAL!H:H)+SUMIF(CAL!J:N,B248,CAL!P:P) -> 3 | I248: =IF(E248=0,0,(D248/(E248*3))) -> 0.44444444 | J248: =SUMIF(CAL!B:C,B248,CAL!C:C)+SUMIF(CAL!J:J,B248,CAL!D:D) -> 15 | K248: =SUMIF(CAL!B:D,B248,CAL!D:D)+SUMIF(CAL!J:L,B248,CAL!K:K) -> 13 | L248: =J248-K248 -> 2 | M248: =IF(E248=0,0,(J248/E248)) -> 1.6666667 | N248: =IF(E248=0,0,(K248/E248)) -> 1.4444444 | O248: =SUMIF(CAL!B:I,B248,CAL!I:I)+SUMIF(CAL!J:Q,B248,CAL!Q:Q) -> 1 | T248: Jequié | U248: BA
A249: 248 | B249: jiparanaro | C249: Ji-Paraná-RO | D249: =SUMIF(CAL!B:E,B249,CAL!E:E)+SUMIF(CAL!J:M,B249,CAL!M:M) -> 34 | E249: =COUNTIF(CAL!B:J,B249) -> 16 | F249: =SUMIF(CAL!B:F,B249,CAL!F:F)+SUMIF(CAL!J:N,B249,CAL!N:N) -> 10 | G249: =SUMIF(CAL!B:F,B249,CAL!G:G)+SUMIF(CAL!J:N,B249,CAL!O:O) -> 4 | H249: =SUMIF(CAL!B:F,B249,CAL!H:H)+SUMIF(CAL!J:N,B249,CAL!P:P) -> 2 | I249: =IF(E249=0,0,(D249/(E249*3))) -> 0.70833333 | J249: =SUMIF(CAL!B:C,B249,CAL!C:C)+SUMIF(CAL!J:J,B249,CAL!D:D) -> 26 | K249: =SUMIF(CAL!B:D,B249,CAL!D:D)+SUMIF(CAL!J:L,B249,CAL!K:K) -> 5 | L249: =J249-K249 -> 21 | M249: =IF(E249=0,0,(J249/E249)) -> 1.625 | N249: =IF(E249=0,0,(K249/E249)) -> 0.3125 | O249: =SUMIF(CAL!B:I,B249,CAL!I:I)+SUMIF(CAL!J:Q,B249,CAL!Q:Q) -> 12 | T249: Ji Paraná | U249: RO
A250: 249 | B250: juventussp | C250: Juventus-SP | D250: =SUMIF(CAL!B:E,B250,CAL!E:E)+SUMIF(CAL!J:M,B250,CAL!M:M) -> 32 | E250: =COUNTIF(CAL!B:J,B250) -> 19 | F250: =SUMIF(CAL!B:F,B250,CAL!F:F)+SUMIF(CAL!J:N,B250,CAL!N:N) -> 9 | G250: =SUMIF(CAL!B:F,B250,CAL!G:G)+SUMIF(CAL!J:N,B250,CAL!O:O) -> 5 | H250: =SUMIF(CAL!B:F,B250,CAL!H:H)+SUMIF(CAL!J:N,B250,CAL!P:P) -> 5 | I250: =IF(E250=0,0,(D250/(E250*3))) -> 0.56140351 | J250: =SUMIF(CAL!B:C,B250,CAL!C:C)+SUMIF(CAL!J:J,B250,CAL!D:D) -> 28 | K250: =SUMIF(CAL!B:D,B250,CAL!D:D)+SUMIF(CAL!J:L,B250,CAL!K:K) -> 23 | L250: =J250-K250 -> 5 | M250: =IF(E250=0,0,(J250/E250)) -> 1.4736842 | N250: =IF(E250=0,0,(K250/E250)) -> 1.2105263 | O250: =SUMIF(CAL!B:I,B250,CAL!I:I)+SUMIF(CAL!J:Q,B250,CAL!Q:Q) -> 5 | T250: São Paulo | U250: SP
A251: 250 | B251: laranjamecanicapr | C251: Laranja Mecânica-PR | D251: =SUMIF(CAL!B:E,B251,CAL!E:E)+SUMIF(CAL!J:M,B251,CAL!M:M) -> 10 | E251: =COUNTIF(CAL!B:J,B251) -> 6 | F251: =SUMIF(CAL!B:F,B251,CAL!F:F)+SUMIF(CAL!J:N,B251,CAL!N:N) -> 3 | G251: =SUMIF(CAL!B:F,B251,CAL!G:G)+SUMIF(CAL!J:N,B251,CAL!O:O) -> 1 | H251: =SUMIF(CAL!B:F,B251,CAL!H:H)+SUMIF(CAL!J:N,B251,CAL!P:P) -> 2 | I251: =IF(E251=0,0,(D251/(E251*3))) -> 0.55555556 | J251: =SUMIF(CAL!B:C,B251,CAL!C:C)+SUMIF(CAL!J:J,B251,CAL!D:D) -> 5 | K251: =SUMIF(CAL!B:D,B251,CAL!D:D)+SUMIF(CAL!J:L,B251,CAL!K:K) -> 8 | L251: =J251-K251 -> -3 | M251: =IF(E251=0,0,(J251/E251)) -> 0.83333333 | N251: =IF(E251=0,0,(K251/E251)) -> 1.3333333 | O251: =SUMIF(CAL!B:I,B251,CAL!I:I)+SUMIF(CAL!J:Q,B251,CAL!Q:Q) -> 2 | T251: Arapongas | U251: PR
A252: 251 | B252: lemensesp | C252: Lemense-SP | D252: =SUMIF(CAL!B:E,B252,CAL!E:E)+SUMIF(CAL!J:M,B252,CAL!M:M) -> 22 | E252: =COUNTIF(CAL!B:J,B252) -> 15 | F252: =SUMIF(CAL!B:F,B252,CAL!F:F)+SUMIF(CAL!J:N,B252,CAL!N:N) -> 6 | G252: =SUMIF(CAL!B:F,B252,CAL!G:G)+SUMIF(CAL!J:N,B252,CAL!O:O) -> 4 | H252: =SUMIF(CAL!B:F,B252,CAL!H:H)+SUMIF(CAL!J:N,B252,CAL!P:P) -> 5 | I252: =IF(E252=0,0,(D252/(E252*3))) -> 0.48888889 | J252: =SUMIF(CAL!B:C,B252,CAL!C:C)+SUMIF(CAL!J:J,B252,CAL!D:D) -> 14 | K252: =SUMIF(CAL!B:D,B252,CAL!D:D)+SUMIF(CAL!J:L,B252,CAL!K:K) -> 12 | L252: =J252-K252 -> 2 | M252: =IF(E252=0,0,(J252/E252)) -> 0.93333333 | N252: =IF(E252=0,0,(K252/E252)) -> 0.8 | O252: =SUMIF(CAL!B:I,B252,CAL!I:I)+SUMIF(CAL!J:Q,B252,CAL!Q:Q) -> 7 | T252: Leme | U252: SP
A253: 252 | B253: linensesp | C253: LInense-SP | D253: =SUMIF(CAL!B:E,B253,CAL!E:E)+SUMIF(CAL!J:M,B253,CAL!M:M) -> 13 | E253: =COUNTIF(CAL!B:J,B253) -> 15 | F253: =SUMIF(CAL!B:F,B253,CAL!F:F)+SUMIF(CAL!J:N,B253,CAL!N:N) -> 2 | G253: =SUMIF(CAL!B:F,B253,CAL!G:G)+SUMIF(CAL!J:N,B253,CAL!O:O) -> 7 | H253: =SUMIF(CAL!B:F,B253,CAL!H:H)+SUMIF(CAL!J:N,B253,CAL!P:P) -> 6 | I253: =IF(E253=0,0,(D253/(E253*3))) -> 0.28888889 | J253: =SUMIF(CAL!B:C,B253,CAL!C:C)+SUMIF(CAL!J:J,B253,CAL!D:D) -> 12 | K253: =SUMIF(CAL!B:D,B253,CAL!D:D)+SUMIF(CAL!J:L,B253,CAL!K:K) -> 18 | L253: =J253-K253 -> -6 | M253: =IF(E253=0,0,(J253/E253)) -> 0.8 | N253: =IF(E253=0,0,(K253/E253)) -> 1.2 | O253: =SUMIF(CAL!B:I,B253,CAL!I:I)+SUMIF(CAL!J:Q,B253,CAL!Q:Q) -> 4 | T253: Lins | U253: SP
A254: 253 | B254: luminensema | C254: Luminense-MA | D254: =SUMIF(CAL!B:E,B254,CAL!E:E)+SUMIF(CAL!J:M,B254,CAL!M:M) -> 10 | E254: =COUNTIF(CAL!B:J,B254) -> 7 | F254: =SUMIF(CAL!B:F,B254,CAL!F:F)+SUMIF(CAL!J:N,B254,CAL!N:N) -> 3 | G254: =SUMIF(CAL!B:F,B254,CAL!G:G)+SUMIF(CAL!J:N,B254,CAL!O:O) -> 1 | H254: =SUMIF(CAL!B:F,B254,CAL!H:H)+SUMIF(CAL!J:N,B254,CAL!P:P) -> 3 | I254: =IF(E254=0,0,(D254/(E254*3))) -> 0.47619048 | J254: =SUMIF(CAL!B:C,B254,CAL!C:C)+SUMIF(CAL!J:J,B254,CAL!D:D) -> 6 | K254: =SUMIF(CAL!B:D,B254,CAL!D:D)+SUMIF(CAL!J:L,B254,CAL!K:K) -> 6 | L254: =J254-K254 -> 0 | M254: =IF(E254=0,0,(J254/E254)) -> 0.85714286 | N254: =IF(E254=0,0,(K254/E254)) -> 0.85714286 | O254: =SUMIF(CAL!B:I,B254,CAL!I:I)+SUMIF(CAL!J:Q,B254,CAL!Q:Q) -> 3 | T254: Santa Quitéria do Maranhão | U254: MA
... A280: 279 | B280: penapolensesp | C280: Penapolense-SP | D280: =SUMIF(CAL!B:E,B280,CAL!E:E)+SUMIF(CAL!J:M,B280,CAL!M:M) -> 29 | E280: =COUNTIF(CAL!B:J,B280) -> 15 | F280: =SUMIF(CAL!B:F,B280,CAL!F:F)+SUMIF(CAL!J:N,B280,CAL!N:N) -> 8 | G280: =SUMIF(CAL!B:F,B280,CAL!G:G)+SUMIF(CAL!J:N,B280,CAL!O:O) -> 5 | H280: =SUMIF(CAL!B:F,B280,CAL!H:H)+SUMIF(CAL!J:N,B280,CAL!P:P) -> 2 | I280: =IF(E280=0,0,(D280/(E280*3))) -> 0.64444444 | J280: =SUMIF(CAL!B:C,B280,CAL!C:C)+SUMIF(CAL!J:J,B280,CAL!D:D) -> 22 | K280: =SUMIF(CAL!B:D,B280,CAL!D:D)+SUMIF(CAL!J:L,B280,CAL!K:K) -> 10 | L280: =J280-K280 -> 12 | M280: =IF(E280=0,0,(J280/E280)) -> 1.4666667 | N280: =IF(E280=0,0,(K280/E280)) -> 0.66666667 | O280: =SUMIF(CAL!B:I,B280,CAL!I:I)+SUMIF(CAL!J:Q,B280,CAL!Q:Q) -> 8 | T280: Penápolis | U280: SP
A281: 280 | B281: penedenseal | C281: Penedense-AL | D281: =SUMIF(CAL!B:E,B281,CAL!E:E)+SUMIF(CAL!J:M,B281,CAL!M:M) -> 9 | E281: =COUNTIF(CAL!B:J,B281) -> 13 | F281: =SUMIF(CAL!B:F,B281,CAL!F:F)+SUMIF(CAL!J:N,B281,CAL!N:N) -> 2 | G281: =SUMIF(CAL!B:F,B281,CAL!G:G)+SUMIF(CAL!J:N,B281,CAL!O:O) -> 3 | H281: =SUMIF(CAL!B:F,B281,CAL!H:H)+SUMIF(CAL!J:N,B281,CAL!P:P) -> 8 | I281: =IF(E281=0,0,(D281/(E281*3))) -> 0.23076923 | J281: =(SUMIF(CAL!B:C,B281,CAL!C:C)+SUMIF(CAL!J:J,B281,CAL!D:D)) -> 5 | K281: =SUMIF(CAL!B:D,B281,CAL!D:D)+SUMIF(CAL!J:L,B281,CAL!K:K) -> 14 | L281: =J281-K281 -> -9 | M281: =IF(E281=0,0,(J281/E281)) -> 0.38461538 | N281: =IF(E281=0,0,(K281/E281)) -> 1.0769231 | O281: =SUMIF(CAL!B:I,B281,CAL!I:I)+SUMIF(CAL!J:Q,B281,CAL!Q:Q) -> 3 | T281: Penedo | U281: AL
A282: 281 | B282: pombalpb | C282: Pombal-PB | D282: =SUMIF(CAL!B:E,B282,CAL!E:E)+SUMIF(CAL!J:M,B282,CAL!M:M) -> 8 | E282: =COUNTIF(CAL!B:J,B282) -> 9 | F282: =SUMIF(CAL!B:F,B282,CAL!F:F)+SUMIF(CAL!J:N,B282,CAL!N:N) -> 2 | G282: =SUMIF(CAL!B:F,B282,CAL!G:G)+SUMIF(CAL!J:N,B282,CAL!O:O) -> 2 | H282: =SUMIF(CAL!B:F,B282,CAL!H:H)+SUMIF(CAL!J:N,B282,CAL!P:P) -> 5 | I282: =IF(E282=0,0,(D282/(E282*3))) -> 0.2962963 | J282: =SUMIF(CAL!B:C,B282,CAL!C:C)+SUMIF(CAL!J:J,B282,CAL!D:D) -> 10 | K282: =SUMIF(CAL!B:D,B282,CAL!D:D)+SUMIF(CAL!J:L,B282,CAL!K:K) -> 18 | L282: =J282-K282 -> -8 | M282: =IF(E282=0,0,(J282/E282)) -> 1.1111111 | N282: =IF(E282=0,0,(K282/E282)) -> 2 | O282: =SUMIF(CAL!B:I,B282,CAL!I:I)+SUMIF(CAL!J:Q,B282,CAL!Q:Q) -> 1 | T282: Pombal | U282: PB
A283: 282 | B283: portovitoriaes | C283: Porto Vitória-ES | D283: =SUMIF(CAL!B:E,B283,CAL!E:E)+SUMIF(CAL!J:M,B283,CAL!M:M) -> 26 | E283: =COUNTIF(CAL!B:J,B283) -> 19 | F283: =SUMIF(CAL!B:F,B283,CAL!F:F)+SUMIF(CAL!J:N,B283,CAL!N:N) -> 7 | G283: =SUMIF(CAL!B:F,B283,CAL!G:G)+SUMIF(CAL!J:N,B283,CAL!O:O) -> 5 | H283: =SUMIF(CAL!B:F,B283,CAL!H:H)+SUMIF(CAL!J:N,B283,CAL!P:P) -> 7 | I283: =IF(E283=0,0,(D283/(E283*3))) -> 0.45614035 | J283: =SUMIF(CAL!B:C,B283,CAL!C:C)+SUMIF(CAL!J:J,B283,CAL!D:D) -> 21 | K283: =SUMIF(CAL!B:D,B283,CAL!D:D)+SUMIF(CAL!J:L,B283,CAL!K:K) -> 22 | L283: =J283-K283 -> -1 | M283: =IF(E283=0,0,(J283/E283)) -> 1.1052632 | N283: =IF(E283=0,0,(K283/E283)) -> 1.1578947 | O283: =SUMIF(CAL!B:I,B283,CAL!I:I)+SUMIF(CAL!J:Q,B283,CAL!Q:Q) -> 6 | T283: Vitoria | U283: ES
A284: 283 | B284: portuguesasantistasp | C284: Portuguesa Santista-SP | D284: =SUMIF(CAL!B:E,B284,CAL!E:E)+SUMIF(CAL!J:M,B284,CAL!M:M) -> 39 | E284: =COUNTIF(CAL!B:J,B284) -> 17 | F284: =SUMIF(CAL!B:F,B284,CAL!F:F)+SUMIF(CAL!J:N,B284,CAL!N:N) -> 13 | G284: =SUMIF(CAL!B:F,B284,CAL!G:G)+SUMIF(CAL!J:N,B284,CAL!O:O) -> 0 | H284: =SUMIF(CAL!B:F,B284,CAL!H:H)+SUMIF(CAL!J:N,B284,CAL!P:P) -> 4 | I284: =IF(E284=0,0,(D284/(E284*3))) -> 0.76470588 | J284: =SUMIF(CAL!B:C,B284,CAL!C:C)+SUMIF(CAL!J:J,B284,CAL!D:D) -> 28 | K284: =SUMIF(CAL!B:D,B284,CAL!D:D)+SUMIF(CAL!J:L,B284,CAL!K:K) -> 11 | L284: =J284-K284 -> 17 | M284: =IF(E284=0,0,(J284/E284)) -> 1.6470588 | N284: =IF(E284=0,0,(K284/E284)) -> 0.64705882 | O284: =SUMIF(CAL!B:I,B284,CAL!I:I)+SUMIF(CAL!J:Q,B284,CAL!Q:Q) -> 10 | T284: Santos | U284: SP
A285: 284 | B285: potiguarrn | C285: Potiguar-RN | D285: =SUMIF(CAL!B:E,B285,CAL!E:E)+SUMIF(CAL!J:M,B285,CAL!M:M) -> 19 | E285: =COUNTIF(CAL!B:J,B285) -> 11 | F285: =SUMIF(CAL!B:F,B285,CAL!F:F)+SUMIF(CAL!J:N,B285,CAL!N:N) -> 5 | G285: =SUMIF(CAL!B:F,B285,CAL!G:G)+SUMIF(CAL!J:N,B285,CAL!O:O) -> 4 | H285: =SUMIF(CAL!B:F,B285,CAL!H:H)+SUMIF(CAL!J:N,B285,CAL!P:P) -> 2 | I285: =IF(E285=0,0,(D285/(E285*3))) -> 0.57575758 | J285: =SUMIF(CAL!B:C,B285,CAL!C:C)+SUMIF(CAL!J:J,B285,CAL!D:D) -> 10 | K285: =SUMIF(CAL!B:D,B285,CAL!D:D)+SUMIF(CAL!J:L,B285,CAL!K:K) -> 7 | L285: =J285-K285 -> 3 | M285: =IF(E285=0,0,(J285/E285)) -> 0.90909091 | N285: =IF(E285=0,0,(K285/E285)) -> 0.63636364 | O285: =SUMIF(CAL!B:I,B285,CAL!I:I)+SUMIF(CAL!J:Q,B285,CAL!Q:Q) -> 7 | T285: Mossoró | U285: RN
A286: 285 | B286: potyguarrn | C286: Potyguar Seridoense-RN | D286: =SUMIF(CAL!B:E,B286,CAL!E:E)+SUMIF(CAL!J:M,B286,CAL!M:M) -> 4 | E286: =COUNTIF(CAL!B:J,B286) -> 7 | F286: =SUMIF(CAL!B:F,B286,CAL!F:F)+SUMIF(CAL!J:N,B286,CAL!N:N) -> 1 | G286: =SUMIF(CAL!B:F,B286,CAL!G:G)+SUMIF(CAL!J:N,B286,CAL!O:O) -> 1 | H286: =SUMIF(CAL!B:F,B286,CAL!H:H)+SUMIF(CAL!J:N,B286,CAL!P:P) -> 5 | I286: =IF(E286=0,0,(D286/(E286*3))) -> 0.19047619 | J286: =SUMIF(CAL!B:C,B286,CAL!C:C)+SUMIF(CAL!J:J,B286,CAL!D:D) -> 8 | K286: =SUMIF(CAL!B:D,B286,CAL!D:D)+SUMIF(CAL!J:L,B286,CAL!K:K) -> 19 | L286: =J286-K286 -> -11 | M286: =IF(E286=0,0,(J286/E286)) -> 1.1428571 | N286: =IF(E286=0,0,(K286/E286)) -> 2.7142857 | O286: =SUMIF(CAL!B:I,B286,CAL!I:I)+SUMIF(CAL!J:Q,B286,CAL!Q:Q) -> 1 | T286: Currais Novos | U286: RN
A287: 286 | B287: primaverasp | C287: Primavera-SP | D287: =SUMIF(CAL!B:E,B287,CAL!E:E)+SUMIF(CAL!J:M,B287,CAL!M:M) -> 11 | E287: =COUNTIF(CAL!B:J,B287) -> 9 | F287: =SUMIF(CAL!B:F,B287,CAL!F:F)+SUMIF(CAL!J:N,B287,CAL!N:N) -> 3 | G287: =SUMIF(CAL!B:F,B287,CAL!G:G)+SUMIF(CAL!J:N,B287,CAL!O:O) -> 2 | H287: =SUMIF(CAL!B:F,B287,CAL!H:H)+SUMIF(CAL!J:N,B287,CAL!P:P) -> 4 | I287: =IF(E287=0,0,(D287/(E287*3))) -> 0.40740741 | J287: =SUMIF(CAL!B:C,B287,CAL!C:C)+SUMIF(CAL!J:J,B287,CAL!D:D) -> 17 | K287: =SUMIF(CAL!B:D,B287,CAL!D:D)+SUMIF(CAL!J:L,B287,CAL!K:K) -> 15 | L287: =J287-K287 -> 2 | M287: =IF(E287=0,0,(J287/E287)) -> 1.8888889 | N287: =IF(E287=0,0,(K287/E287)) -> 1.6666667 | O287: =SUMIF(CAL!B:I,B287,CAL!I:I)+SUMIF(CAL!J:Q,B287,CAL!Q:Q) -> 1 | T287: Indaiatuba | U287: SP
A288: 287 | B288: princesaam | C288: Princesa-AM | D288: =SUMIF(CAL!B:E,B288,CAL!E:E)+SUMIF(CAL!J:M,B288,CAL!M:M) -> 12 | E288: =COUNTIF(CAL!B:J,B288) -> 10 | F288: =SUMIF(CAL!B:F,B288,CAL!F:F)+SUMIF(CAL!J:N,B288,CAL!N:N) -> 3 | G288: =SUMIF(CAL!B:F,B288,CAL!G:G)+SUMIF(CAL!J:N,B288,CAL!O:O) -> 3 | H288: =SUMIF(CAL!B:F,B288,CAL!H:H)+SUMIF(CAL!J:N,B288,CAL!P:P) -> 4 | I288: =IF(E288=0,0,(D288/(E288*3))) -> 0.4 | J288: =SUMIF(CAL!B:C,B288,CAL!C:C)+SUMIF(CAL!J:J,B288,CAL!D:D) -> 11 | K288: =SUMIF(CAL!B:D,B288,CAL!D:D)+SUMIF(CAL!J:L,B288,CAL!K:K) -> 11 | L288: =J288-K288 -> 0 | M288: =IF(E288=0,0,(J288/E288)) -> 1.1 | N288: =IF(E288=0,0,(K288/E288)) -> 1.1 | O288: =SUMIF(CAL!B:I,B288,CAL!I:I)+SUMIF(CAL!J:Q,B288,CAL!Q:Q) -> 2 | T288: Manacapuru | U288: AM
A289: 288 | B289: progressorr | C289: Progresso-RR | D289: =SUMIF(CAL!B:E,B289,CAL!E:E)+SUMIF(CAL!J:M,B289,CAL!M:M) -> 6 | E289: =COUNTIF(CAL!B:J,B289) -> 8 | F289: =SUMIF(CAL!B:F,B289,CAL!F:F)+SUMIF(CAL!J:N,B289,CAL!N:N) -> 2 | G289: =SUMIF(CAL!B:F,B289,CAL!G:G)+SUMIF(CAL!J:N,B289,CAL!O:O) -> 0 | H289: =SUMIF(CAL!B:F,B289,CAL!H:H)+SUMIF(CAL!J:N,B289,CAL!P:P) -> 6 | I289: =IF(E289=0,0,(D289/(E289*3))) -> 0.25 | J289: =SUMIF(CAL!B:C,B289,CAL!C:C)+SUMIF(CAL!J:J,B289,CAL!D:D) -> 8 | K289: =SUMIF(CAL!B:D,B289,CAL!D:D)+SUMIF(CAL!J:L,B289,CAL!K:K) -> 25 | L289: =J289-K289 -> -17 | M289: =IF(E289=0,0,(J289/E289)) -> 1 | N289: =IF(E289=0,0,(K289/E289)) -> 3.125 | O289: =SUMIF(CAL!B:I,B289,CAL!I:I)+SUMIF(CAL!J:Q,B289,CAL!Q:Q) -> 0 | T289: Mucajai | U289: RR
A290: 289 | B290: prudentopolispr | C290: Prudentópolis-PR | D290: =SUMIF(CAL!B:E,B290,CAL!E:E)+SUMIF(CAL!J:M,B290,CAL!M:M) -> 4 | E290: =COUNTIF(CAL!B:J,B290) -> 6 | F290: =SUMIF(CAL!B:F,B290,CAL!F:F)+SUMIF(CAL!J:N,B290,CAL!N:N) -> 1 | G290: =SUMIF(CAL!B:F,B290,CAL!G:G)+SUMIF(CAL!J:N,B290,CAL!O:O) -> 1 | H290: =SUMIF(CAL!B:F,B290,CAL!H:H)+SUMIF(CAL!J:N,B290,CAL!P:P) -> 4 | I290: =IF(E290=0,0,(D290/(E290*3))) -> 0.22222222 | J290: =SUMIF(CAL!B:C,B290,CAL!C:C)+SUMIF(CAL!J:J,B290,CAL!D:D) -> 2 | K290: =SUMIF(CAL!B:D,B290,CAL!D:D)+SUMIF(CAL!J:L,B290,CAL!K:K) -> 7 | L290: =J290-K290 -> -5 | M290: =IF(E290=0,0,(J290/E290)) -> 0.33333333 | N290: =IF(E290=0,0,(K290/E290)) -> 1.1666667 | O290: =SUMIF(CAL!B:I,B290,CAL!I:I)+SUMIF(CAL!J:Q,B290,CAL!Q:Q) -> 2 | T290: Prudentópolis | U290: PR
A291: 290 | B291: qfcrn | C291: QFC-RN | D291: =SUMIF(CAL!B:E,B291,CAL!E:E)+SUMIF(CAL!J:M,B291,CAL!M:M) -> 18 | E291: =COUNTIF(CAL!B:J,B291) -> 11 | F291: =SUMIF(CAL!B:F,B291,CAL!F:F)+SUMIF(CAL!J:N,B291,CAL!N:N) -> 5 | G291: =SUMIF(CAL!B:F,B291,CAL!G:G)+SUMIF(CAL!J:N,B291,CAL!O:O) -> 3 | H291: =SUMIF(CAL!B:F,B291,CAL!H:H)+SUMIF(CAL!J:N,B291,CAL!P:P) -> 3 | I291: =IF(E291=0,0,(D291/(E291*3))) -> 0.54545455 | J291: =SUMIF(CAL!B:C,B291,CAL!C:C)+SUMIF(CAL!J:J,B291,CAL!D:D) -> 19 | K291: =SUMIF(CAL!B:D,B291,CAL!D:D)+SUMIF(CAL!J:L,B291,CAL!K:K) -> 12 | L291: =J291-K291 -> 7 | M291: =IF(E291=0,0,(J291/E291)) -> 1.7272727 | N291: =IF(E291=0,0,(K291/E291)) -> 1.0909091 | O291: =SUMIF(CAL!B:I,B291,CAL!I:I)+SUMIF(CAL!J:Q,B291,CAL!Q:Q) -> 3 | T291: Natal | U291: RN
A292: 291 | B292: quixadace | C292: Quixadá-CE | D292: =SUMIF(CAL!B:E,B292,CAL!E:E)+SUMIF(CAL!J:M,B292,CAL!M:M) -> 7 | E292: =COUNTIF(CAL!B:J,B292) -> 7 | F292: =SUMIF(CAL!B:F,B292,CAL!F:F)+SUMIF(CAL!J:N,B292,CAL!N:N) -> 2 | G292: =SUMIF(CAL!B:F,B292,CAL!G:G)+SUMIF(CAL!J:N,B292,CAL!O:O) -> 1 | H292: =SUMIF(CAL!B:F,B292,CAL!H:H)+SUMIF(CAL!J:N,B292,CAL!P:P) -> 4 | I292: =IF(E292=0,0,(D292/(E292*3))) -> 0.33333333 | J292: =SUMIF(CAL!B:C,B292,CAL!C:C)+SUMIF(CAL!J:J,B292,CAL!D:D) -> 6 | K292: =SUMIF(CAL!B:D,B292,CAL!D:D)+SUMIF(CAL!J:L,B292,CAL!K:K) -> 12 | L292: =J292-K292 -> -6 | M292: =IF(E292=0,0,(J292/E292)) -> 0.85714286 | N292: =IF(E292=0,0,(K292/E292)) -> 1.7142857 | O292: =SUMIF(CAL!B:I,B292,CAL!I:I)+SUMIF(CAL!J:Q,B292,CAL!Q:Q) -> 2 | T292: Quixada | U292: CE
A293: 292 | B293: realBrasiliadf | C293: Real Brasília-DF | D293: =SUMIF(CAL!B:E,B293,CAL!E:E)+SUMIF(CAL!J:M,B293,CAL!M:M) -> 10 | E293: =COUNTIF(CAL!B:J,B293) -> 9 | F293: =SUMIF(CAL!B:F,B293,CAL!F:F)+SUMIF(CAL!J:N,B293,CAL!N:N) -> 3 | G293: =SUMIF(CAL!B:F,B293,CAL!G:G)+SUMIF(CAL!J:N,B293,CAL!O:O) -> 1 | H293: =SUMIF(CAL!B:F,B293,CAL!H:H)+SUMIF(CAL!J:N,B293,CAL!P:P) -> 5 | I293: =IF(E293=0,0,(D293/(E293*3))) -> 0.37037037 | J293: =SUMIF(CAL!B:C,B293,CAL!C:C)+SUMIF(CAL!J:J,B293,CAL!D:D) -> 11 | K293: =SUMIF(CAL!B:D,B293,CAL!D:D)+SUMIF(CAL!J:L,B293,CAL!K:K) -> 13 | L293: =J293-K293 -> -2 | M293: =IF(E293=0,0,(J293/E293)) -> 1.2222222 | N293: =IF(E293=0,0,(K293/E293)) -> 1.4444444 | O293: =SUMIF(CAL!B:I,B293,CAL!I:I)+SUMIF(CAL!J:Q,B293,CAL!Q:Q) -> 3 | T293: Núcleo Bandeirante | U293: DF
... A339: 340 | B339: votuporanguensesp | C339: Votuporanguense-SP | D339: =SUMIF(CAL!B:E,B339,CAL!E:E)+SUMIF(CAL!J:M,B339,CAL!M:M) -> 37 | E339: =COUNTIF(CAL!B:J,B339) -> 20 | F339: =SUMIF(CAL!B:F,B339,CAL!F:F)+SUMIF(CAL!J:N,B339,CAL!N:N) -> 11 | G339: =SUMIF(CAL!B:F,B339,CAL!G:G)+SUMIF(CAL!J:N,B339,CAL!O:O) -> 4 | H339: =SUMIF(CAL!B:F,B339,CAL!H:H)+SUMIF(CAL!J:N,B339,CAL!P:P) -> 5 | I339: =IF(E339=0,0,(D339/(E339*3))) -> 0.61666667 | J339: =SUMIF(CAL!B:C,B339,CAL!C:C)+SUMIF(CAL!J:J,B339,CAL!D:D) -> 28 | K339: =SUMIF(CAL!B:D,B339,CAL!D:D)+SUMIF(CAL!J:L,B339,CAL!K:K) -> 20 | L339: =J339-K339 -> 8 | M339: =IF(E339=0,0,(J339/E339)) -> 1.4 | N339: =IF(E339=0,0,(K339/E339)) -> 1 | O339: =SUMIF(CAL!B:I,B339,CAL!I:I)+SUMIF(CAL!J:Q,B339,CAL!Q:Q) -> 8 | T339: Votuporanga | U339: SP
B340: xvdejausp | C340: XV de Jaú-SP | D340: =SUMIF(CAL!B:E,B340,CAL!E:E)+SUMIF(CAL!J:M,B340,CAL!M:M) -> 33 | E340: =COUNTIF(CAL!B:J,B340) -> 17 | F340: =SUMIF(CAL!B:F,B340,CAL!F:F)+SUMIF(CAL!J:N,B340,CAL!N:N) -> 10 | G340: =SUMIF(CAL!B:F,B340,CAL!G:G)+SUMIF(CAL!J:N,B340,CAL!O:O) -> 3 | H340: =SUMIF(CAL!B:F,B340,CAL!H:H)+SUMIF(CAL!J:N,B340,CAL!P:P) -> 4 | I340: =IF(E340=0,0,(D340/(E340*3))) -> 0.64705882 | J340: =SUMIF(CAL!B:C,B340,CAL!C:C)+SUMIF(CAL!J:J,B340,CAL!D:D) -> 19 | K340: =SUMIF(CAL!B:D,B340,CAL!D:D)+SUMIF(CAL!J:L,B340,CAL!K:K) -> 11 | L340: =J340-K340 -> 8 | M340: =IF(E340=0,0,(J340/E340)) -> 1.1176471 | N340: =IF(E340=0,0,(K340/E340)) -> 0.64705882 | O340: =SUMIF(CAL!B:I,B340,CAL!I:I)+SUMIF(CAL!J:Q,B340,CAL!Q:Q) -> 8 | T340: Jaú | U340: SP
B341: ypirangaap | C341: Ypiranga-AP | D341: =SUMIF(CAL!B:E,B341,CAL!E:E)+SUMIF(CAL!J:M,B341,CAL!M:M) -> 7 | E341: =COUNTIF(CAL!B:J,B341) -> 7 | F341: =SUMIF(CAL!B:F,B341,CAL!F:F)+SUMIF(CAL!J:N,B341,CAL!N:N) -> 2 | G341: =SUMIF(CAL!B:F,B341,CAL!G:G)+SUMIF(CAL!J:N,B341,CAL!O:O) -> 1 | H341: =SUMIF(CAL!B:F,B341,CAL!H:H)+SUMIF(CAL!J:N,B341,CAL!P:P) -> 4 | I341: =IF(E341=0,0,(D341/(E341*3))) -> 0.33333333 | J341: =SUMIF(CAL!B:C,B341,CAL!C:C)+SUMIF(CAL!J:J,B341,CAL!D:D) -> 6 | K341: =SUMIF(CAL!B:D,B341,CAL!D:D)+SUMIF(CAL!J:L,B341,CAL!K:K) -> 12 | L341: =J341-K341 -> -6 | M341: =IF(E341=0,0,(J341/E341)) -> 0.85714286 | N341: =IF(E341=0,0,(K341/E341)) -> 1.7142857 | O341: =SUMIF(CAL!B:I,B341,CAL!I:I)+SUMIF(CAL!J:Q,B341,CAL!Q:Q) -> 2 | T341: Macapa | U341: AP
B342: zumbial | C342: Zumbi-AL | D342: =SUMIF(CAL!B:E,B342,CAL!E:E)+SUMIF(CAL!J:M,B342,CAL!M:M) -> 7 | E342: =COUNTIF(CAL!B:J,B342) -> 5 | F342: =SUMIF(CAL!B:F,B342,CAL!F:F)+SUMIF(CAL!J:N,B342,CAL!N:N) -> 2 | G342: =SUMIF(CAL!B:F,B342,CAL!G:G)+SUMIF(CAL!J:N,B342,CAL!O:O) -> 1 | H342: =SUMIF(CAL!B:F,B342,CAL!H:H)+SUMIF(CAL!J:N,B342,CAL!P:P) -> 2 | I342: =IF(E342=0,0,(D342/(E342*3))) -> 0.46666667 | J342: =SUMIF(CAL!B:C,B342,CAL!C:C)+SUMIF(CAL!J:J,B342,CAL!D:D) -> 8 | K342: =SUMIF(CAL!B:D,B342,CAL!D:D)+SUMIF(CAL!J:L,B342,CAL!K:K) -> 9 | L342: =J342-K342 -> -1 | M342: =IF(E342=0,0,(J342/E342)) -> 1.6 | N342: =IF(E342=0,0,(K342/E342)) -> 1.8 | O342: =SUMIF(CAL!B:I,B342,CAL!I:I)+SUMIF(CAL!J:Q,B342,CAL!Q:Q) -> 1 | T342: União dos Palmares | U342: AL

Sheet EST
A1: PAIS | B1: GOLS
A2: Argentina | B2: =SUMIF(ART!G:H,A2,ART!H:H) -> 63
A3: Colombia | B3: =SUMIF(ART!G:H,A3,ART!H:H) -> 63
A4: Uruguai | B4: =SUMIF(ART!G:H,A4,ART!H:H) -> 36
A5: Paraguai | B5: =SUMIF(ART!G:H,A5,ART!H:H) -> 29
A6: Equador | B6: =SUMIF(ART!G:H,A6,ART!H:H) -> 18
A7: Portugal | B7: =SUMIF(ART!G:H,A7,ART!H:H) -> 18
A8: Nigeria | B8: =SUMIF(ART!G:H,A8,ART!H:H) -> 9
A9: Venezuela | B9: =SUMIF(ART!G:H,A9,ART!H:H) -> 9
A10: Chile | B10: =SUMIF(ART!G:H,A10,ART!H:H) -> 5
A11: Camaroes | B11: =SUMIF(ART!G:H,A11,ART!H:H) -> 4
A12: Gana | B12: =SUMIF(ART!G:H,A12,ART!H:H) -> 4
A13: Belgica | B13: =SUMIF(ART!G:H,A13,ART!H:H) -> 2
... A23: Peru | B23: =SUMIF(ART!G:H,A23,ART!H:H) -> 1

Sheet INV
B1: sigla | C1: campeonato | D1: gols | E1: jogos | F1: media
B2: sces | C2: Super Copa Espírito Santo | D2: =SUMIF(CAL!R:T,B2,CAL!S:T)+SUMIF(CAL!R:T,B2,CAL!T:U) -> 6 | E2: =COUNTIF(CAL!R:R,INV!$B2) -> 1 | F2: =D2/E2 -> 6
B3: rr1 | C3: Roraimense 1ª Divisão | D3: =SUMIF(CAL!R:T,B3,CAL!S:T)+SUMIF(CAL!R:T,B3,CAL!T:U) -> 132 | E3: =COUNTIF(CAL!R:R,INV!$B3) -> 39 | F3: =D3/E3 -> 3.3846154
B4: cal | C4: Copa Alagoas | D4: =SUMIF(CAL!R:T,B4,CAL!S:T)+SUMIF(CAL!R:T,B4,CAL!T:U) -> 82 | E4: =COUNTIF(CAL!R:R,INV!$B4) -> 26 | F4: =D4/E4 -> 3.1538462
B5: ap1 | C5: Amapaense 1º Divisão | D5: =SUMIF(CAL!R:T,B5,CAL!S:T)+SUMIF(CAL!R:T,B5,CAL!T:U) -> 101 | E5: =COUNTIF(CAL!R:R,INV!$B5) -> 33 | F5: =D5/E5 -> 3.0606061
B6: rn1 | C6: Potiguar 1ª Divisão | D6: =SUMIF(CAL!R:T,B6,CAL!S:T)+SUMIF(CAL!R:T,B6,CAL!T:U) -> 112 | E6: =COUNTIF(CAL!R:R,INV!$B6) -> 37 | F6: =D6/E6 -> 3.027027
B7: scgp | C7: Super Copa Grão Pará | D7: =SUMIF(CAL!R:T,B7,CAL!S:T)+SUMIF(CAL!R:T,B7,CAL!T:U) -> 3 | E7: =COUNTIF(CAL!R:R,INV!$B7) -> 1 | F7: =D7/E7 -> 3
B8: ac1 | C8: Acreano 1º Divisão | D8: =SUMIF(CAL!R:T,B8,CAL!S:T)+SUMIF(CAL!R:T,B8,CAL!T:U) -> 100 | E8: =COUNTIF(CAL!R:R,INV!$B8) -> 34 | F8: =D8/E8 -> 2.9411765
B9: pe1 | C9: Pernambucano 1ª Divisão | D9: =SUMIF(CAL!R:T,B9,CAL!S:T)+SUMIF(CAL!R:T,B9,CAL!T:U) -> 111 | E9: =COUNTIF(CAL!R:R,INV!$B9) -> 38 | F9: =D9/E9 -> 2.9210526
B10: cve | C10: Copa Verde | D10: =SUMIF(CAL!R:T,B10,CAL!S:T)+SUMIF(CAL!R:T,B10,CAL!T:U) -> 104 | E10: =COUNTIF(CAL!R:R,INV!$B10) -> 36 | F10: =D10/E10 -> 2.8888889
B11: pr2 | C11: paranaense 2º Divisão | D11: =SUMIF(CAL!R:T,B11,CAL!S:T)+SUMIF(CAL!R:T,B11,CAL!T:U) -> 82 | E11: =COUNTIF(CAL!R:R,INV!$B11) -> 31 | F11: =D11/E11 -> 2.6451613
B12: br1 | C12: Brasileirão | D12: =SUMIF(CAL!R:T,B12,CAL!S:T)+SUMIF(CAL!R:T,B12,CAL!T:U) -> 243 | E12: =COUNTIF(CAL!R:R,INV!$B12) -> 92 | F12: =D12/E12 -> 2.6413043
B13: ms1 | C13: Sul-Matograssense 1ª Divisão | D13: =SUMIF(CAL!R:T,B13,CAL!S:T)+SUMIF(CAL!R:T,B13,CAL!T:U) -> 144 | E13: =COUNTIF(CAL!R:R,INV!$B13) -> 55 | F13: =D13/E13 -> 2.6181818
... B49: rsl | C49: Recopa Sul-Americana | D49: =SUMIF(CAL!R:T,B49,CAL!S:T)+SUMIF(CAL!R:T,B49,CAL!T:U) -> 6 | E49: =COUNTIF(CAL!R:R,INV!$B49) -> 2 | F49: =D49/E49 -> 3
